pays,region,sens,annee,valeur,poids,edition
ALLEMAGNE,Union européenne,export,2017,3155,3361,2021
ALLEMAGNE,Union européenne,export,2018,3149,3472,2021
ALLEMAGNE,Union européenne,export,2019,3354,3005,2021
ALLEMAGNE,Union européenne,export,2020,4226,2818,2021
ALLEMAGNE,Union européenne,export,2021,1978,1989,2021
AUTRICHE,Union européenne,export,2017,226,66,2021
AUTRICHE,Union européenne,export,2018,109,22,2021
AUTRICHE,Union européenne,export,2019,134,38,2021
AUTRICHE,Union européenne,export,2020,140,65,2021
AUTRICHE,Union européenne,export,2021,104,37,2021
BELGIQUE-LUXEMBOURG,Union européenne,export,2017,5707,23198,2021
BELGIQUE-LUXEMBOURG,Union européenne,export,2018,15407,75566,2021
BELGIQUE-LUXEMBOURG,Union européenne,export,2019,28287,105812,2021
BELGIQUE-LUXEMBOURG,Union européenne,export,2020,27888,35169,2021
BELGIQUE-LUXEMBOURG,Union européenne,export,2021,12055,30298,2021
BULGARIE,Union européenne,export,2017,503,838,2021
BULGARIE,Union européenne,export,2018,494,4700,2021
BULGARIE,Union européenne,export,2019,520,772,2021
BULGARIE,Union européenne,export,2020,236,271,2021
BULGARIE,Union européenne,export,2021,418,254,2021
CHYPRE,Union européenne,export,2017,590,76,2021
CHYPRE,Union européenne,export,2018,744,101,2021
CHYPRE,Union européenne,export,2019,661,89,2021
CHYPRE,Union européenne,export,2020,153,19,2021
CHYPRE,Union européenne,export,2021,154,19,2021
CROATIE,Union européenne,export,2017,0,0,2021
CROATIE,Union européenne,export,2018,0,0,2021
CROATIE,Union européenne,export,2019,29,21,2021
CROATIE,Union européenne,export,2020,0,0,2021
CROATIE,Union européenne,export,2021,21,7,2021
DANEMARK,Union européenne,export,2017,827,1072,2021
DANEMARK,Union européenne,export,2018,402,497,2021
DANEMARK,Union européenne,export,2019,213,171,2021
DANEMARK,Union européenne,export,2020,1044,975,2021
DANEMARK,Union européenne,export,2021,206,105,2021
ESPAGNE,Union européenne,export,2017,62755,94899,2021
ESPAGNE,Union européenne,export,2018,77161,73812,2021
ESPAGNE,Union européenne,export,2019,89184,118470,2021
ESPAGNE,Union européenne,export,2020,71743,91304,2021
ESPAGNE,Union européenne,export,2021,108600,157690,2021
FINLANDE,Union européenne,export,2017,19,1,2021
FINLANDE,Union européenne,export,2018,12,14,2021
FINLANDE,Union européenne,export,2019,2844,33005,2021
FINLANDE,Union européenne,export,2020,10,1,2021
FINLANDE,Union européenne,export,2021,12,11,2021
FRANCE,Union européenne,export,2017,44752,38802,2021
FRANCE,Union européenne,export,2018,46953,40026,2021
FRANCE,Union européenne,export,2019,51211,32832,2021
FRANCE,Union européenne,export,2020,44224,66772,2021
FRANCE,Union européenne,export,2021,49565,99683,2021
GRECE,Union européenne,export,2017,3741,614,2021
GRECE,Union européenne,export,2018,3101,434,2021
GRECE,Union européenne,export,2019,4598,738,2021
GRECE,Union européenne,export,2020,3969,913,2021
GRECE,Union européenne,export,2021,7832,1312,2021
HONGRIE,Union européenne,export,2017,3,7,2021
HONGRIE,Union européenne,export,2018,39,4,2021
HONGRIE,Union européenne,export,2019,89,110,2021
HONGRIE,Union européenne,export,2020,18,3,2021
HONGRIE,Union européenne,export,2021,8980,15,2021
IRLANDE,Union européenne,export,2017,1,5,2021
IRLANDE,Union européenne,export,2018,140,134,2021
IRLANDE,Union européenne,export,2019,20,200,2021
IRLANDE,Union européenne,export,2020,302,283,2021
IRLANDE,Union européenne,export,2021,0,0,2021
ITALIE,Union européenne,export,2017,44942,27437,2021
ITALIE,Union européenne,export,2018,60941,40558,2021
ITALIE,Union européenne,export,2019,59636,39958,2021
ITALIE,Union européenne,export,2020,31077,20761,2021
ITALIE,Union européenne,export,2021,60659,26905,2021
MALTE,Union européenne,export,2017,354,63,2021
MALTE,Union européenne,export,2018,347,61,2021
MALTE,Union européenne,export,2019,230,41,2021
MALTE,Union européenne,export,2020,99,57,2021
MALTE,Union européenne,export,2021,77,35,2021
PAYS BAS,Union européenne,export,2017,50649,261937,2021
PAYS BAS,Union européenne,export,2018,51453,194654,2021
PAYS BAS,Union européenne,export,2019,32145,79291,2021
PAYS BAS,Union européenne,export,2020,39549,133599,2021
PAYS BAS,Union européenne,export,2021,66199,209845,2021
POLOGNE,Union européenne,export,2017,2824,73690,2021
POLOGNE,Union européenne,export,2018,1732,41957,2021
POLOGNE,Union européenne,export,2019,5585,81669,2021
POLOGNE,Union européenne,export,2020,998,23707,2021
POLOGNE,Union européenne,export,2021,775,23841,2021
PORTUGAL,Union européenne,export,2017,6735,2330,2021
PORTUGAL,Union européenne,export,2018,5567,2641,2021
PORTUGAL,Union européenne,export,2019,5438,3690,2021
PORTUGAL,Union européenne,export,2020,2492,1419,2021
PORTUGAL,Union européenne,export,2021,4561,1706,2021
REPUBLIQUE D'ESTONIE,Union européenne,export,2017,0,0,2021
REPUBLIQUE D'ESTONIE,Union européenne,export,2018,23,52,2021
REPUBLIQUE D'ESTONIE,Union européenne,export,2019,3,2,2021
REPUBLIQUE D'ESTONIE,Union européenne,export,2020,0,0,2021
REPUBLIQUE D'ESTONIE,Union européenne,export,2021,0,0,2021
REPUBLIQUE DE LETTONIE,Union européenne,export,2017,2,2,2021
REPUBLIQUE DE LETTONIE,Union européenne,export,2018,46,168,2021
REPUBLIQUE DE LETTONIE,Union européenne,export,2019,0,0,2021
REPUBLIQUE DE LETTONIE,Union européenne,export,2020,22,63,2021
REPUBLIQUE DE LETTONIE,Union européenne,export,2021,0,0,2021
REPUBLIQUE DE LITUANIE,Union européenne,export,2017,0,0,2021
REPUBLIQUE DE LITUANIE,Union européenne,export,2018,8,4,2021
REPUBLIQUE DE LITUANIE,Union européenne,export,2019,0,0,2021
REPUBLIQUE DE LITUANIE,Union européenne,export,2020,57,85,2021
REPUBLIQUE DE LITUANIE,Union européenne,export,2021,85,180,2021
REPUBLIQUE DE SLOVAQUIE,Union européenne,export,2017,257,402,2021
REPUBLIQUE DE SLOVAQUIE,Union européenne,export,2018,1,0,2021
REPUBLIQUE DE SLOVAQUIE,Union européenne,export,2019,0,0,2021
REPUBLIQUE DE SLOVAQUIE,Union européenne,export,2020,129,51,2021
REPUBLIQUE DE SLOVAQUIE,Union européenne,export,2021,0,0,2021
REPUBLIQUE TCHEQUE,Union européenne,export,2017,1,1,2021
REPUBLIQUE TCHEQUE,Union européenne,export,2018,0,0,2021
REPUBLIQUE TCHEQUE,Union européenne,export,2019,4,1,2021
REPUBLIQUE TCHEQUE,Union européenne,export,2020,14,28,2021
REPUBLIQUE TCHEQUE,Union européenne,export,2021,9,2,2021
ROUMANIE,Union européenne,export,2017,0,0,2021
ROUMANIE,Union européenne,export,2018,6,4,2021
ROUMANIE,Union européenne,export,2019,16,2,2021
ROUMANIE,Union européenne,export,2020,3,2,2021
ROUMANIE,Union européenne,export,2021,32,41,2021
ROYAUME UNI,Union européenne,export,2017,35305,113009,2021
ROYAUME UNI,Union européenne,export,2018,33310,81536,2021
ROYAUME UNI,Union européenne,export,2019,36608,104815,2021
ROYAUME UNI,Union européenne,export,2020,36181,81428,2021
ROYAUME UNI,Union européenne,export,2021,40863,108991,2021
SLOVENIE,Union européenne,export,2017,1,2,2021
SLOVENIE,Union européenne,export,2018,189,152,2021
SLOVENIE,Union européenne,export,2019,23,25,2021
SLOVENIE,Union européenne,export,2020,21,0,2021
SLOVENIE,Union européenne,export,2021,0,0,2021
SUEDE,Union européenne,export,2017,1686,2118,2021
SUEDE,Union européenne,export,2018,1453,17231,2021
SUEDE,Union européenne,export,2019,3387,36348,2021
SUEDE,Union européenne,export,2020,45,35,2021
SUEDE,Union européenne,export,2021,4744,18,2021
ALBANIE,Autres pays d'Europe,export,2017,58,39,2021
ALBANIE,Autres pays d'Europe,export,2018,158,148,2021
ALBANIE,Autres pays d'Europe,export,2019,190,166,2021
ALBANIE,Autres pays d'Europe,export,2020,807,307,2021
ALBANIE,Autres pays d'Europe,export,2021,202,183,2021
ANDORRE,Autres pays d'Europe,export,2017,0,0,2021
ANDORRE,Autres pays d'Europe,export,2018,0,0,2021
ANDORRE,Autres pays d'Europe,export,2019,0,0,2021
ANDORRE,Autres pays d'Europe,export,2020,0,0,2021
ANDORRE,Autres pays d'Europe,export,2021,0,0,2021
ARMENIE,Autres pays d'Europe,export,2017,2,11,2021
ARMENIE,Autres pays d'Europe,export,2018,0,0,2021
ARMENIE,Autres pays d'Europe,export,2019,0,1,2021
ARMENIE,Autres pays d'Europe,export,2020,0,0,2021
ARMENIE,Autres pays d'Europe,export,2021,0,0,2021
BOSNIE-HERZEGOVINE,Autres pays d'Europe,export,2017,0,0,2021
BOSNIE-HERZEGOVINE,Autres pays d'Europe,export,2018,4,2,2021
BOSNIE-HERZEGOVINE,Autres pays d'Europe,export,2019,0,0,2021
BOSNIE-HERZEGOVINE,Autres pays d'Europe,export,2020,0,0,2021
BOSNIE-HERZEGOVINE,Autres pays d'Europe,export,2021,0,0,2021
CITE DU VATICAN,Autres pays d'Europe,export,2017,0,0,2021
CITE DU VATICAN,Autres pays d'Europe,export,2018,0,0,2021
CITE DU VATICAN,Autres pays d'Europe,export,2019,0,0,2021
CITE DU VATICAN,Autres pays d'Europe,export,2020,0,0,2021
CITE DU VATICAN,Autres pays d'Europe,export,2021,0,0,2021
EX-YOUGOSLAVIE,Autres pays d'Europe,export,2017,0,0,2021
EX-YOUGOSLAVIE,Autres pays d'Europe,export,2018,0,0,2021
EX-YOUGOSLAVIE,Autres pays d'Europe,export,2019,0,0,2021
EX-YOUGOSLAVIE,Autres pays d'Europe,export,2020,0,0,2021
EX-YOUGOSLAVIE,Autres pays d'Europe,export,2021,0,0,2021
GIBRALTAR,Autres pays d'Europe,export,2017,0,0,2021
GIBRALTAR,Autres pays d'Europe,export,2018,0,0,2021
GIBRALTAR,Autres pays d'Europe,export,2019,0,0,2021
GIBRALTAR,Autres pays d'Europe,export,2020,23,27,2021
GIBRALTAR,Autres pays d'Europe,export,2021,0,0,2021
HELGOLAND,Autres pays d'Europe,export,2017,162,49,2021
HELGOLAND,Autres pays d'Europe,export,2018,196,49,2021
HELGOLAND,Autres pays d'Europe,export,2019,18,25,2021
HELGOLAND,Autres pays d'Europe,export,2020,2,3,2021
HELGOLAND,Autres pays d'Europe,export,2021,0,0,2021
ISLANDE,Autres pays d'Europe,export,2017,128,18,2021
ISLANDE,Autres pays d'Europe,export,2018,323,51,2021
ISLANDE,Autres pays d'Europe,export,2019,67,9,2021
ISLANDE,Autres pays d'Europe,export,2020,480,294,2021
ISLANDE,Autres pays d'Europe,export,2021,531,80,2021
MONTENEGRO,Autres pays d'Europe,export,2017,1,0,2021
MONTENEGRO,Autres pays d'Europe,export,2018,5591,23109,2021
MONTENEGRO,Autres pays d'Europe,export,2019,869,979,2021
MONTENEGRO,Autres pays d'Europe,export,2020,0,0,2021
MONTENEGRO,Autres pays d'Europe,export,2021,42,108,2021
NORVEGE,Autres pays d'Europe,export,2017,23388,259454,2021
NORVEGE,Autres pays d'Europe,export,2018,2396,30028,2021
NORVEGE,Autres pays d'Europe,export,2019,11821,137104,2021
NORVEGE,Autres pays d'Europe,export,2020,31781,303586,2021
NORVEGE,Autres pays d'Europe,export,2021,42127,344141,2021
REPUBLIQUE D'AZERBADJAN,Autres pays d'Europe,export,2017,16,4,2021
REPUBLIQUE D'AZERBADJAN,Autres pays d'Europe,export,2018,15,1,2021
REPUBLIQUE D'AZERBADJAN,Autres pays d'Europe,export,2019,62,5,2021
REPUBLIQUE D'AZERBADJAN,Autres pays d'Europe,export,2020,24,41,2021
REPUBLIQUE D'AZERBADJAN,Autres pays d'Europe,export,2021,0,0,2021
REPUBLIQUE D'UKRAINE,Autres pays d'Europe,export,2017,550,663,2021
REPUBLIQUE D'UKRAINE,Autres pays d'Europe,export,2018,2221,17600,2021
REPUBLIQUE D'UKRAINE,Autres pays d'Europe,export,2019,512,2258,2021
REPUBLIQUE D'UKRAINE,Autres pays d'Europe,export,2020,1101,2565,2021
REPUBLIQUE D'UKRAINE,Autres pays d'Europe,export,2021,2784,6304,2021
REPUBLIQUE DE BIELORUSSIE,Autres pays d'Europe,export,2017,0,0,2021
REPUBLIQUE DE BIELORUSSIE,Autres pays d'Europe,export,2018,12,2,2021
REPUBLIQUE DE BIELORUSSIE,Autres pays d'Europe,export,2019,0,0,2021
REPUBLIQUE DE BIELORUSSIE,Autres pays d'Europe,export,2020,0,0,2021
REPUBLIQUE DE BIELORUSSIE,Autres pays d'Europe,export,2021,0,0,2021
REPUBLIQUE DE GEORGIE,Autres pays d'Europe,export,2017,65,48,2021
REPUBLIQUE DE GEORGIE,Autres pays d'Europe,export,2018,57,34,2021
REPUBLIQUE DE GEORGIE,Autres pays d'Europe,export,2019,184,245,2021
REPUBLIQUE DE GEORGIE,Autres pays d'Europe,export,2020,118,98,2021
REPUBLIQUE DE GEORGIE,Autres pays d'Europe,export,2021,262,116,2021
REPUBLIQUE DE KAZAKSTAN,Autres pays d'Europe,export,2017,1,0,2021
REPUBLIQUE DE KAZAKSTAN,Autres pays d'Europe,export,2018,0,0,2021
REPUBLIQUE DE KAZAKSTAN,Autres pays d'Europe,export,2019,0,0,2021
REPUBLIQUE DE KAZAKSTAN,Autres pays d'Europe,export,2020,0,0,2021
REPUBLIQUE DE KAZAKSTAN,Autres pays d'Europe,export,2021,0,0,2021
RUSSIE,Autres pays d'Europe,export,2017,3316,26481,2021
RUSSIE,Autres pays d'Europe,export,2018,46,108,2021
RUSSIE,Autres pays d'Europe,export,2019,3619,24236,2021
RUSSIE,Autres pays d'Europe,export,2020,78,260,2021
RUSSIE,Autres pays d'Europe,export,2021,269,616,2021
SUISSE,Autres pays d'Europe,export,2017,176442,46024,2021
SUISSE,Autres pays d'Europe,export,2018,301515,134534,2021
SUISSE,Autres pays d'Europe,export,2019,359241,99059,2021
SUISSE,Autres pays d'Europe,export,2020,279599,58075,2021
SUISSE,Autres pays d'Europe,export,2021,414789,164586,2021
TRIESTE,Autres pays d'Europe,export,2017,2,0,2021
TRIESTE,Autres pays d'Europe,export,2018,1,1,2021
TRIESTE,Autres pays d'Europe,export,2019,11,7,2021
TRIESTE,Autres pays d'Europe,export,2020,0,0,2021
TRIESTE,Autres pays d'Europe,export,2021,127,206,2021
TURQUIE,Autres pays d'Europe,export,2017,1085,1543,2021
TURQUIE,Autres pays d'Europe,export,2018,2409,5195,2021
TURQUIE,Autres pays d'Europe,export,2019,4236,5080,2021
TURQUIE,Autres pays d'Europe,export,2020,5242,6794,2021
TURQUIE,Autres pays d'Europe,export,2021,2835,5309,2021
BURUNDI,Afrique centrale,export,2017,31,19,2021
BURUNDI,Afrique centrale,export,2018,35,25,2021
BURUNDI,Afrique centrale,export,2019,78,74,2021
BURUNDI,Afrique centrale,export,2020,51,46,2021
BURUNDI,Afrique centrale,export,2021,148,138,2021
CAMEROUN,Afrique centrale,export,2017,11688,18964,2021
CAMEROUN,Afrique centrale,export,2018,16554,26477,2021
CAMEROUN,Afrique centrale,export,2019,17680,27922,2021
CAMEROUN,Afrique centrale,export,2020,17297,29557,2021
CAMEROUN,Afrique centrale,export,2021,15049,22723,2021
CENTRE AFRIQUE,Afrique centrale,export,2017,4986,1860,2021
CENTRE AFRIQUE,Afrique centrale,export,2018,4998,1443,2021
CENTRE AFRIQUE,Afrique centrale,export,2019,3979,1137,2021
CENTRE AFRIQUE,Afrique centrale,export,2020,4497,1868,2021
CENTRE AFRIQUE,Afrique centrale,export,2021,2269,795,2021
CONGO,Afrique centrale,export,2017,26494,12744,2021
CONGO,Afrique centrale,export,2018,21713,11131,2021
CONGO,Afrique centrale,export,2019,22503,10795,2021
CONGO,Afrique centrale,export,2020,15745,11580,2021
CONGO,Afrique centrale,export,2021,20733,11523,2021
CONGO DEMOCRATIQUE,Afrique centrale,export,2017,1198,921,2021
CONGO DEMOCRATIQUE,Afrique centrale,export,2018,3889,1417,2021
CONGO DEMOCRATIQUE,Afrique centrale,export,2019,1443,1354,2021
CONGO DEMOCRATIQUE,Afrique centrale,export,2020,1992,1441,2021
CONGO DEMOCRATIQUE,Afrique centrale,export,2021,1704,950,2021
GABON,Afrique centrale,export,2017,2424,2122,2021
GABON,Afrique centrale,export,2018,3505,5343,2021
GABON,Afrique centrale,export,2019,5965,6058,2021
GABON,Afrique centrale,export,2020,3513,3823,2021
GABON,Afrique centrale,export,2021,8932,6753,2021
GUINEE EQUATORIALE,Afrique centrale,export,2017,881,722,2021
GUINEE EQUATORIALE,Afrique centrale,export,2018,2729,1065,2021
GUINEE EQUATORIALE,Afrique centrale,export,2019,2699,901,2021
GUINEE EQUATORIALE,Afrique centrale,export,2020,2403,800,2021
GUINEE EQUATORIALE,Afrique centrale,export,2021,2501,933,2021
RWANDA,Afrique centrale,export,2017,2,0,2021
RWANDA,Afrique centrale,export,2018,9,3,2021
RWANDA,Afrique centrale,export,2019,2,0,2021
RWANDA,Afrique centrale,export,2020,37,6,2021
RWANDA,Afrique centrale,export,2021,6,2,2021
SAINT THOMAS ILE DU PRINCE,Afrique centrale,export,2017,2,0,2021
SAINT THOMAS ILE DU PRINCE,Afrique centrale,export,2018,2,1,2021
SAINT THOMAS ILE DU PRINCE,Afrique centrale,export,2019,0,0,2021
SAINT THOMAS ILE DU PRINCE,Afrique centrale,export,2020,0,0,2021
SAINT THOMAS ILE DU PRINCE,Afrique centrale,export,2021,0,0,2021
TCHAD,Afrique centrale,export,2017,14215,3454,2021
TCHAD,Afrique centrale,export,2018,14734,3591,2021
TCHAD,Afrique centrale,export,2019,8187,2730,2021
TCHAD,Afrique centrale,export,2020,4100,2626,2021
TCHAD,Afrique centrale,export,2021,4794,3274,2021
ALGERIE,Afrique du Nord,export,2017,302,269,2021
ALGERIE,Afrique du Nord,export,2018,246,220,2021
ALGERIE,Afrique du Nord,export,2019,151,94,2021
ALGERIE,Afrique du Nord,export,2020,400,506,2021
ALGERIE,Afrique du Nord,export,2021,403,112,2021
EGYPTE,Afrique du Nord,export,2017,244,260,2021
EGYPTE,Afrique du Nord,export,2018,260,348,2021
EGYPTE,Afrique du Nord,export,2019,253,788,2021
EGYPTE,Afrique du Nord,export,2020,474,1893,2021
EGYPTE,Afrique du Nord,export,2021,847,1208,2021
ILES CANARIES,Afrique du Nord,export,2017,0,0,2021
ILES CANARIES,Afrique du Nord,export,2018,10,27,2021
ILES CANARIES,Afrique du Nord,export,2019,0,0,2021
ILES CANARIES,Afrique du Nord,export,2020,0,0,2021
ILES CANARIES,Afrique du Nord,export,2021,0,0,2021
LIBYE,Afrique du Nord,export,2017,282,122,2021
LIBYE,Afrique du Nord,export,2018,4,4,2021
LIBYE,Afrique du Nord,export,2019,36,60,2021
LIBYE,Afrique du Nord,export,2020,3,12,2021
LIBYE,Afrique du Nord,export,2021,0,0,2021
MAROC,Afrique du Nord,export,2017,2589,2755,2021
MAROC,Afrique du Nord,export,2018,5084,4426,2021
MAROC,Afrique du Nord,export,2019,7262,4798,2021
MAROC,Afrique du Nord,export,2020,6262,3848,2021
MAROC,Afrique du Nord,export,2021,6814,5029,2021
SOUDAN,Afrique du Nord,export,2017,523,364,2021
SOUDAN,Afrique du Nord,export,2018,1045,384,2021
SOUDAN,Afrique du Nord,export,2019,436,371,2021
SOUDAN,Afrique du Nord,export,2020,688,593,2021
SOUDAN,Afrique du Nord,export,2021,523,548,2021
TUNISIE,Afrique du Nord,export,2017,1552,1370,2021
TUNISIE,Afrique du Nord,export,2018,535,648,2021
TUNISIE,Afrique du Nord,export,2019,2360,3444,2021
TUNISIE,Afrique du Nord,export,2020,1292,1977,2021
TUNISIE,Afrique du Nord,export,2021,1588,2710,2021
BENIN,Afrique occidentale,export,2017,9522,35316,2021
BENIN,Afrique occidentale,export,2018,10216,25412,2021
BENIN,Afrique occidentale,export,2019,12050,33743,2021
BENIN,Afrique occidentale,export,2020,9905,44176,2021
BENIN,Afrique occidentale,export,2021,14981,28004,2021
BURKINA FASO,Afrique occidentale,export,2017,33482,79503,2021
BURKINA FASO,Afrique occidentale,export,2018,38471,80141,2021
BURKINA FASO,Afrique occidentale,export,2019,38039,85251,2021
BURKINA FASO,Afrique occidentale,export,2020,29978,85511,2021
BURKINA FASO,Afrique occidentale,export,2021,36813,94370,2021
COTE D'IVOIRE,Afrique occidentale,export,2017,81699,232163,2021
COTE D'IVOIRE,Afrique occidentale,export,2018,72911,213152,2021
COTE D'IVOIRE,Afrique occidentale,export,2019,91948,287310,2021
COTE D'IVOIRE,Afrique occidentale,export,2020,110319,310871,2021
COTE D'IVOIRE,Afrique occidentale,export,2021,120570,317948,2021
GAMBIE,Afrique occidentale,export,2017,62813,579781,2021
GAMBIE,Afrique occidentale,export,2018,54237,394203,2021
GAMBIE,Afrique occidentale,export,2019,45418,403456,2021
GAMBIE,Afrique occidentale,export,2020,64554,446548,2021
GAMBIE,Afrique occidentale,export,2021,88257,893419,2021
GHANA,Afrique occidentale,export,2017,9319,11675,2021
GHANA,Afrique occidentale,export,2018,13298,15216,2021
GHANA,Afrique occidentale,export,2019,6248,9893,2021
GHANA,Afrique occidentale,export,2020,8830,10370,2021
GHANA,Afrique occidentale,export,2021,14098,14727,2021
GUINEE BISSAU,Afrique occidentale,export,2017,34791,113289,2021
GUINEE BISSAU,Afrique occidentale,export,2018,38028,105185,2021
GUINEE BISSAU,Afrique occidentale,export,2019,38374,87853,2021
GUINEE BISSAU,Afrique occidentale,export,2020,32876,71812,2021
GUINEE BISSAU,Afrique occidentale,export,2021,41356,95056,2021
GUINEE REPUBLIQUE,Afrique occidentale,export,2017,61392,97335,2021
GUINEE REPUBLIQUE,Afrique occidentale,export,2018,70800,107142,2021
GUINEE REPUBLIQUE,Afrique occidentale,export,2019,78817,134366,2021
GUINEE REPUBLIQUE,Afrique occidentale,export,2020,85381,163055,2021
GUINEE REPUBLIQUE,Afrique occidentale,export,2021,80474,139127,2021
ILES DU CAP VERT,Afrique occidentale,export,2017,2398,1096,2021
ILES DU CAP VERT,Afrique occidentale,export,2018,2320,3306,2021
ILES DU CAP VERT,Afrique occidentale,export,2019,1656,817,2021
ILES DU CAP VERT,Afrique occidentale,export,2020,1061,508,2021
ILES DU CAP VERT,Afrique occidentale,export,2021,1237,768,2021
LIBERIA,Afrique occidentale,export,2017,3894,3301,2021
LIBERIA,Afrique occidentale,export,2018,4163,4335,2021
LIBERIA,Afrique occidentale,export,2019,1699,2017,2021
LIBERIA,Afrique occidentale,export,2020,1782,2450,2021
LIBERIA,Afrique occidentale,export,2021,2302,2222,2021
MALI,Afrique occidentale,export,2017,347094,2857135,2021
MALI,Afrique occidentale,export,2018,388682,2721598,2021
MALI,Afrique occidentale,export,2019,562138,2984417,2021
MALI,Afrique occidentale,export,2020,474811,2946232,2021
MALI,Afrique occidentale,export,2021,582550,3047680,2021
MAURITANIE,Afrique occidentale,export,2017,44941,262646,2021
MAURITANIE,Afrique occidentale,export,2018,41913,51840,2021
MAURITANIE,Afrique occidentale,export,2019,39741,65005,2021
MAURITANIE,Afrique occidentale,export,2020,40810,62845,2021
MAURITANIE,Afrique occidentale,export,2021,51482,83581,2021
NIGER,Afrique occidentale,export,2017,9932,12630,2021
NIGER,Afrique occidentale,export,2018,15886,86328,2021
NIGER,Afrique occidentale,export,2019,8967,104364,2021
NIGER,Afrique occidentale,export,2020,11761,27193,2021
NIGER,Afrique occidentale,export,2021,12968,15137,2021
NIGERIA,Afrique occidentale,export,2017,12601,11335,2021
NIGERIA,Afrique occidentale,export,2018,16547,12368,2021
NIGERIA,Afrique occidentale,export,2019,14995,17250,2021
NIGERIA,Afrique occidentale,export,2020,13722,15794,2021
NIGERIA,Afrique occidentale,export,2021,12211,13597,2021
SIERRA LEONE,Afrique occidentale,export,2017,7954,10669,2021
SIERRA LEONE,Afrique occidentale,export,2018,9072,13632,2021
SIERRA LEONE,Afrique occidentale,export,2019,8385,15789,2021
SIERRA LEONE,Afrique occidentale,export,2020,6986,13554,2021
SIERRA LEONE,Afrique occidentale,export,2021,4459,10025,2021
TOGO,Afrique occidentale,export,2017,14543,14800,2021
TOGO,Afrique occidentale,export,2018,11720,13124,2021
TOGO,Afrique occidentale,export,2019,16747,40193,2021
TOGO,Afrique occidentale,export,2020,11032,10547,2021
TOGO,Afrique occidentale,export,2021,14821,12509,2021
AFRIQUE DU SUD,Afrique orientale et du Sud,export,2017,2628,1132,2021
AFRIQUE DU SUD,Afrique orientale et du Sud,export,2018,298,314,2021
AFRIQUE DU SUD,Afrique orientale et du Sud,export,2019,1088,1052,2021
AFRIQUE DU SUD,Afrique orientale et du Sud,export,2020,92,71,2021
AFRIQUE DU SUD,Afrique orientale et du Sud,export,2021,504,635,2021
ANGOLA,Afrique orientale et du Sud,export,2017,454,411,2021
ANGOLA,Afrique orientale et du Sud,export,2018,199,267,2021
ANGOLA,Afrique orientale et du Sud,export,2019,432,548,2021
ANGOLA,Afrique orientale et du Sud,export,2020,713,798,2021
ANGOLA,Afrique orientale et du Sud,export,2021,467,428,2021
BOTSWANA,Afrique orientale et du Sud,export,2017,13,15,2021
BOTSWANA,Afrique orientale et du Sud,export,2018,27,84,2021
BOTSWANA,Afrique orientale et du Sud,export,2019,208,343,2021
BOTSWANA,Afrique orientale et du Sud,export,2020,0,0,2021
BOTSWANA,Afrique orientale et du Sud,export,2021,153,307,2021
COMORES ILE,Afrique orientale et du Sud,export,2017,0,0,2021
COMORES ILE,Afrique orientale et du Sud,export,2018,64,114,2021
COMORES ILE,Afrique orientale et du Sud,export,2019,14,2,2021
COMORES ILE,Afrique orientale et du Sud,export,2020,10,24,2021
COMORES ILE,Afrique orientale et du Sud,export,2021,7,1,2021
DJIBOUTI,Afrique orientale et du Sud,export,2017,9,1,2021
DJIBOUTI,Afrique orientale et du Sud,export,2018,26,5,2021
DJIBOUTI,Afrique orientale et du Sud,export,2019,4,0,2021
DJIBOUTI,Afrique orientale et du Sud,export,2020,1,0,2021
DJIBOUTI,Afrique orientale et du Sud,export,2021,21,58,2021
ETHIOPIE,Afrique orientale et du Sud,export,2017,283,232,2021
ETHIOPIE,Afrique orientale et du Sud,export,2018,48,35,2021
ETHIOPIE,Afrique orientale et du Sud,export,2019,995,1035,2021
ETHIOPIE,Afrique orientale et du Sud,export,2020,17,12,2021
ETHIOPIE,Afrique orientale et du Sud,export,2021,84,96,2021
ILE STE HELENE,Afrique orientale et du Sud,export,2017,0,0,2021
ILE STE HELENE,Afrique orientale et du Sud,export,2018,0,0,2021
ILE STE HELENE,Afrique orientale et du Sud,export,2019,94,53,2021
ILE STE HELENE,Afrique orientale et du Sud,export,2020,0,0,2021
ILE STE HELENE,Afrique orientale et du Sud,export,2021,0,0,2021
ILES MAURICE,Afrique orientale et du Sud,export,2017,104,33,2021
ILES MAURICE,Afrique orientale et du Sud,export,2018,4,1,2021
ILES MAURICE,Afrique orientale et du Sud,export,2019,86,29,2021
ILES MAURICE,Afrique orientale et du Sud,export,2020,1018,833,2021
ILES MAURICE,Afrique orientale et du Sud,export,2021,163,593,2021
KENYA,Afrique orientale et du Sud,export,2017,80,26,2021
KENYA,Afrique orientale et du Sud,export,2018,166,50,2021
KENYA,Afrique orientale et du Sud,export,2019,836,3027,2021
KENYA,Afrique orientale et du Sud,export,2020,12,2,2021
KENYA,Afrique orientale et du Sud,export,2021,12,3,2021
MADAGASCAR,Afrique orientale et du Sud,export,2017,29,4,2021
MADAGASCAR,Afrique orientale et du Sud,export,2018,64,11,2021
MADAGASCAR,Afrique orientale et du Sud,export,2019,39,26,2021
MADAGASCAR,Afrique orientale et du Sud,export,2020,242,168,2021
MADAGASCAR,Afrique orientale et du Sud,export,2021,302,414,2021
MALAWI,Afrique orientale et du Sud,export,2017,0,0,2021
MALAWI,Afrique orientale et du Sud,export,2018,0,0,2021
MALAWI,Afrique orientale et du Sud,export,2019,360,5,2021
MALAWI,Afrique orientale et du Sud,export,2020,0,0,2021
MALAWI,Afrique orientale et du Sud,export,2021,0,0,2021
MOZAMBIQUE,Afrique orientale et du Sud,export,2017,35,12,2021
MOZAMBIQUE,Afrique orientale et du Sud,export,2018,74,49,2021
MOZAMBIQUE,Afrique orientale et du Sud,export,2019,265,499,2021
MOZAMBIQUE,Afrique orientale et du Sud,export,2020,219,106,2021
MOZAMBIQUE,Afrique orientale et du Sud,export,2021,490,236,2021
NAMIBIE,Afrique orientale et du Sud,export,2017,233,88,2021
NAMIBIE,Afrique orientale et du Sud,export,2018,12,27,2021
NAMIBIE,Afrique orientale et du Sud,export,2019,100,32,2021
NAMIBIE,Afrique orientale et du Sud,export,2020,0,0,2021
NAMIBIE,Afrique orientale et du Sud,export,2021,44,6,2021
OUGANDA,Afrique orientale et du Sud,export,2017,180,99,2021
OUGANDA,Afrique orientale et du Sud,export,2018,219,137,2021
OUGANDA,Afrique orientale et du Sud,export,2019,476,305,2021
OUGANDA,Afrique orientale et du Sud,export,2020,411,314,2021
OUGANDA,Afrique orientale et du Sud,export,2021,687,355,2021
REPUBLIQUE DE SOMALIE,Afrique orientale et du Sud,export,2017,0,0,2021
REPUBLIQUE DE SOMALIE,Afrique orientale et du Sud,export,2018,0,0,2021
REPUBLIQUE DE SOMALIE,Afrique orientale et du Sud,export,2019,77,2,2021
REPUBLIQUE DE SOMALIE,Afrique orientale et du Sud,export,2020,20,14,2021
REPUBLIQUE DE SOMALIE,Afrique orientale et du Sud,export,2021,0,0,2021
REUNION,Afrique orientale et du Sud,export,2017,51,0,2021
REUNION,Afrique orientale et du Sud,export,2018,0,0,2021
REUNION,Afrique orientale et du Sud,export,2019,0,0,2021
REUNION,Afrique orientale et du Sud,export,2020,0,0,2021
REUNION,Afrique orientale et du Sud,export,2021,0,0,2021
SEYCHELLES,Afrique orientale et du Sud,export,2017,0,0,2021
SEYCHELLES,Afrique orientale et du Sud,export,2018,0,0,2021
SEYCHELLES,Afrique orientale et du Sud,export,2019,2,96,2021
SEYCHELLES,Afrique orientale et du Sud,export,2020,20,432,2021
SEYCHELLES,Afrique orientale et du Sud,export,2021,71,1488,2021
SWAZILAND,Afrique orientale et du Sud,export,2017,1632,37101,2021
SWAZILAND,Afrique orientale et du Sud,export,2018,2952,87020,2021
SWAZILAND,Afrique orientale et du Sud,export,2019,8947,225802,2021
SWAZILAND,Afrique orientale et du Sud,export,2020,3696,93051,2021
SWAZILAND,Afrique orientale et du Sud,export,2021,1990,58386,2021
TANZANIE,Afrique orientale et du Sud,export,2017,410,354,2021
TANZANIE,Afrique orientale et du Sud,export,2018,289,248,2021
TANZANIE,Afrique orientale et du Sud,export,2019,518,384,2021
TANZANIE,Afrique orientale et du Sud,export,2020,988,712,2021
TANZANIE,Afrique orientale et du Sud,export,2021,1189,692,2021
ZAMBIE,Afrique orientale et du Sud,export,2017,604,217,2021
ZAMBIE,Afrique orientale et du Sud,export,2018,627,235,2021
ZAMBIE,Afrique orientale et du Sud,export,2019,1067,497,2021
ZAMBIE,Afrique orientale et du Sud,export,2020,736,386,2021
ZAMBIE,Afrique orientale et du Sud,export,2021,1048,461,2021
ZIMBABWE,Afrique orientale et du Sud,export,2017,0,0,2021
ZIMBABWE,Afrique orientale et du Sud,export,2018,0,0,2021
ZIMBABWE,Afrique orientale et du Sud,export,2019,73,25,2021
ZIMBABWE,Afrique orientale et du Sud,export,2020,0,0,2021
ZIMBABWE,Afrique orientale et du Sud,export,2021,0,0,2021
CANADA,Amérique du Nord,export,2017,988,1045,2021
CANADA,Amérique du Nord,export,2018,874,1399,2021
CANADA,Amérique du Nord,export,2019,972,2076,2021
CANADA,Amérique du Nord,export,2020,965,1972,2021
CANADA,Amérique du Nord,export,2021,1302,983,2021
ETATS UNIS D'AMERIQUE,Amérique du Nord,export,2017,52954,108598,2021
ETATS UNIS D'AMERIQUE,Amérique du Nord,export,2018,62901,102865,2021
ETATS UNIS D'AMERIQUE,Amérique du Nord,export,2019,77518,154944,2021
ETATS UNIS D'AMERIQUE,Amérique du Nord,export,2020,67534,61822,2021
ETATS UNIS D'AMERIQUE,Amérique du Nord,export,2021,69439,144673,2021
GROENLAND,Amérique du Nord,export,2017,6,3,2021
GROENLAND,Amérique du Nord,export,2018,145,42,2021
GROENLAND,Amérique du Nord,export,2019,0,0,2021
GROENLAND,Amérique du Nord,export,2020,0,0,2021
GROENLAND,Amérique du Nord,export,2021,0,0,2021
SAINT PIERRE ET MIQUELON,Amérique du Nord,export,2017,54,79,2021
SAINT PIERRE ET MIQUELON,Amérique du Nord,export,2018,0,0,2021
SAINT PIERRE ET MIQUELON,Amérique du Nord,export,2019,0,0,2021
SAINT PIERRE ET MIQUELON,Amérique du Nord,export,2020,9,5,2021
SAINT PIERRE ET MIQUELON,Amérique du Nord,export,2021,0,0,2021
ANTIGUA-BARBUDA,Amérique centrale et du Sud,export,2017,404,466,2021
ANTIGUA-BARBUDA,Amérique centrale et du Sud,export,2018,11,2,2021
ANTIGUA-BARBUDA,Amérique centrale et du Sud,export,2019,53,19,2021
ANTIGUA-BARBUDA,Amérique centrale et du Sud,export,2020,0,0,2021
ANTIGUA-BARBUDA,Amérique centrale et du Sud,export,2021,417,20,2021
ARGENTINE,Amérique centrale et du Sud,export,2017,5749,26681,2021
ARGENTINE,Amérique centrale et du Sud,export,2018,0,0,2021
ARGENTINE,Amérique centrale et du Sud,export,2019,0,0,2021
ARGENTINE,Amérique centrale et du Sud,export,2020,48,11,2021
ARGENTINE,Amérique centrale et du Sud,export,2021,0,0,2021
BOLIVIE,Amérique centrale et du Sud,export,2017,0,0,2021
BOLIVIE,Amérique centrale et du Sud,export,2018,0,0,2021
BOLIVIE,Amérique centrale et du Sud,export,2019,0,0,2021
BOLIVIE,Amérique centrale et du Sud,export,2020,0,0,2021
BOLIVIE,Amérique centrale et du Sud,export,2021,0,0,2021
BRESIL,Amérique centrale et du Sud,export,2017,1646,2836,2021
BRESIL,Amérique centrale et du Sud,export,2018,1819,2033,2021
BRESIL,Amérique centrale et du Sud,export,2019,446,504,2021
BRESIL,Amérique centrale et du Sud,export,2020,410,748,2021
BRESIL,Amérique centrale et du Sud,export,2021,7047,21204,2021
CHILI,Amérique centrale et du Sud,export,2017,771,670,2021
CHILI,Amérique centrale et du Sud,export,2018,63,174,2021
CHILI,Amérique centrale et du Sud,export,2019,3885,5670,2021
CHILI,Amérique centrale et du Sud,export,2020,85,133,2021
CHILI,Amérique centrale et du Sud,export,2021,285,435,2021
COLOMBIE,Amérique centrale et du Sud,export,2017,289,94,2021
COLOMBIE,Amérique centrale et du Sud,export,2018,2019,2539,2021
COLOMBIE,Amérique centrale et du Sud,export,2019,693,929,2021
COLOMBIE,Amérique centrale et du Sud,export,2020,2339,2620,2021
COLOMBIE,Amérique centrale et du Sud,export,2021,309,457,2021
COSTA RICA,Amérique centrale et du Sud,export,2017,1,14,2021
COSTA RICA,Amérique centrale et du Sud,export,2018,471,878,2021
COSTA RICA,Amérique centrale et du Sud,export,2019,577,930,2021
COSTA RICA,Amérique centrale et du Sud,export,2020,59,120,2021
COSTA RICA,Amérique centrale et du Sud,export,2021,100,13,2021
CUBA,Amérique centrale et du Sud,export,2017,0,0,2021
CUBA,Amérique centrale et du Sud,export,2018,0,0,2021
CUBA,Amérique centrale et du Sud,export,2019,1,0,2021
CUBA,Amérique centrale et du Sud,export,2020,7,1,2021
CUBA,Amérique centrale et du Sud,export,2021,0,0,2021
CURUCAO,Amérique centrale et du Sud,export,2017,0,0,2021
CURUCAO,Amérique centrale et du Sud,export,2018,0,0,2021
CURUCAO,Amérique centrale et du Sud,export,2019,1,1,2021
CURUCAO,Amérique centrale et du Sud,export,2020,0,0,2021
CURUCAO,Amérique centrale et du Sud,export,2021,0,0,2021
EQUATEUR,Amérique centrale et du Sud,export,2017,1250,926,2021
EQUATEUR,Amérique centrale et du Sud,export,2018,146,204,2021
EQUATEUR,Amérique centrale et du Sud,export,2019,717,961,2021
EQUATEUR,Amérique centrale et du Sud,export,2020,1398,1807,2021
EQUATEUR,Amérique centrale et du Sud,export,2021,1663,2053,2021
GUADELOUPE,Amérique centrale et du Sud,export,2017,8,7,2021
GUADELOUPE,Amérique centrale et du Sud,export,2018,22,17,2021
GUADELOUPE,Amérique centrale et du Sud,export,2019,18,16,2021
GUADELOUPE,Amérique centrale et du Sud,export,2020,13,4,2021
GUADELOUPE,Amérique centrale et du Sud,export,2021,14,10,2021
GUATEMALA,Amérique centrale et du Sud,export,2017,0,0,2021
GUATEMALA,Amérique centrale et du Sud,export,2018,79,96,2021
GUATEMALA,Amérique centrale et du Sud,export,2019,333,341,2021
GUATEMALA,Amérique centrale et du Sud,export,2020,70,57,2021
GUATEMALA,Amérique centrale et du Sud,export,2021,0,0,2021
GUYANA,Amérique centrale et du Sud,export,2017,0,0,2021
GUYANA,Amérique centrale et du Sud,export,2018,0,0,2021
GUYANA,Amérique centrale et du Sud,export,2019,2,0,2021
GUYANA,Amérique centrale et du Sud,export,2020,0,0,2021
GUYANA,Amérique centrale et du Sud,export,2021,0,0,2021
GUYANE FRANCAISE,Amérique centrale et du Sud,export,2017,0,0,2021
GUYANE FRANCAISE,Amérique centrale et du Sud,export,2018,5,1,2021
GUYANE FRANCAISE,Amérique centrale et du Sud,export,2019,5,1,2021
GUYANE FRANCAISE,Amérique centrale et du Sud,export,2020,3,0,2021
GUYANE FRANCAISE,Amérique centrale et du Sud,export,2021,2,1,2021
HAITI,Amérique centrale et du Sud,export,2017,0,0,2021
HAITI,Amérique centrale et du Sud,export,2018,165,91,2021
HAITI,Amérique centrale et du Sud,export,2019,81,54,2021
HAITI,Amérique centrale et du Sud,export,2020,874,639,2021
HAITI,Amérique centrale et du Sud,export,2021,1958,1419,2021
ILES BERMUDES,Amérique centrale et du Sud,export,2017,0,0,2021
ILES BERMUDES,Amérique centrale et du Sud,export,2018,15,12,2021
ILES BERMUDES,Amérique centrale et du Sud,export,2019,1,1,2021
ILES BERMUDES,Amérique centrale et du Sud,export,2020,0,0,2021
ILES BERMUDES,Amérique centrale et du Sud,export,2021,0,0,2021
ILES BRAHAMAS,Amérique centrale et du Sud,export,2017,8,25,2021
ILES BRAHAMAS,Amérique centrale et du Sud,export,2018,0,0,2021
ILES BRAHAMAS,Amérique centrale et du Sud,export,2019,0,0,2021
ILES BRAHAMAS,Amérique centrale et du Sud,export,2020,0,0,2021
ILES BRAHAMAS,Amérique centrale et du Sud,export,2021,0,0,2021
ILES CALQUES,Amérique centrale et du Sud,export,2017,1,0,2021
ILES CALQUES,Amérique centrale et du Sud,export,2018,11,2,2021
ILES CALQUES,Amérique centrale et du Sud,export,2019,4,0,2021
ILES CALQUES,Amérique centrale et du Sud,export,2020,0,0,2021
ILES CALQUES,Amérique centrale et du Sud,export,2021,0,0,2021
ILES VIERGES DES USA,Amérique centrale et du Sud,export,2017,5,20,2021
ILES VIERGES DES USA,Amérique centrale et du Sud,export,2018,101,111,2021
ILES VIERGES DES USA,Amérique centrale et du Sud,export,2019,78,60,2021
ILES VIERGES DES USA,Amérique centrale et du Sud,export,2020,9,90,2021
ILES VIERGES DES USA,Amérique centrale et du Sud,export,2021,0,0,2021
LA BARBADE,Amérique centrale et du Sud,export,2017,0,0,2021
LA BARBADE,Amérique centrale et du Sud,export,2018,0,0,2021
LA BARBADE,Amérique centrale et du Sud,export,2019,84,22,2021
LA BARBADE,Amérique centrale et du Sud,export,2020,0,0,2021
LA BARBADE,Amérique centrale et du Sud,export,2021,0,0,2021
MARTINIQUE,Amérique centrale et du Sud,export,2017,4,2,2021
MARTINIQUE,Amérique centrale et du Sud,export,2018,3,1,2021
MARTINIQUE,Amérique centrale et du Sud,export,2019,13,10,2021
MARTINIQUE,Amérique centrale et du Sud,export,2020,5,4,2021
MARTINIQUE,Amérique centrale et du Sud,export,2021,1,0,2021
MEXIQUE,Amérique centrale et du Sud,export,2017,8922,83982,2021
MEXIQUE,Amérique centrale et du Sud,export,2018,6574,27494,2021
MEXIQUE,Amérique centrale et du Sud,export,2019,3035,12811,2021
MEXIQUE,Amérique centrale et du Sud,export,2020,13934,101798,2021
MEXIQUE,Amérique centrale et du Sud,export,2021,30486,76409,2021
NICARAGUA,Amérique centrale et du Sud,export,2017,2,1,2021
NICARAGUA,Amérique centrale et du Sud,export,2018,36,53,2021
NICARAGUA,Amérique centrale et du Sud,export,2019,51,18,2021
NICARAGUA,Amérique centrale et du Sud,export,2020,0,0,2021
NICARAGUA,Amérique centrale et du Sud,export,2021,0,0,2021
PANAMA,Amérique centrale et du Sud,export,2017,187,7462,2021
PANAMA,Amérique centrale et du Sud,export,2018,0,0,2021
PANAMA,Amérique centrale et du Sud,export,2019,0,0,2021
PANAMA,Amérique centrale et du Sud,export,2020,39,26,2021
PANAMA,Amérique centrale et du Sud,export,2021,601,417,2021
PARAGUAY,Amérique centrale et du Sud,export,2017,0,0,2021
PARAGUAY,Amérique centrale et du Sud,export,2018,0,0,2021
PARAGUAY,Amérique centrale et du Sud,export,2019,13,3,2021
PARAGUAY,Amérique centrale et du Sud,export,2020,0,0,2021
PARAGUAY,Amérique centrale et du Sud,export,2021,0,0,2021
PEROU,Amérique centrale et du Sud,export,2017,0,0,2021
PEROU,Amérique centrale et du Sud,export,2018,253,362,2021
PEROU,Amérique centrale et du Sud,export,2019,891,1426,2021
PEROU,Amérique centrale et du Sud,export,2020,549,742,2021
PEROU,Amérique centrale et du Sud,export,2021,411,609,2021
SAINT DOMINGUE,Amérique centrale et du Sud,export,2017,0,0,2021
SAINT DOMINGUE,Amérique centrale et du Sud,export,2018,0,0,2021
SAINT DOMINGUE,Amérique centrale et du Sud,export,2019,38,20,2021
SAINT DOMINGUE,Amérique centrale et du Sud,export,2020,0,0,2021
SAINT DOMINGUE,Amérique centrale et du Sud,export,2021,8,17,2021
SALVADOR,Amérique centrale et du Sud,export,2017,127,1516,2021
SALVADOR,Amérique centrale et du Sud,export,2018,0,0,2021
SALVADOR,Amérique centrale et du Sud,export,2019,0,0,2021
SALVADOR,Amérique centrale et du Sud,export,2020,0,0,2021
SALVADOR,Amérique centrale et du Sud,export,2021,0,0,2021
ST VINCENT-ILES GRENADINES,Amérique centrale et du Sud,export,2017,1,0,2021
ST VINCENT-ILES GRENADINES,Amérique centrale et du Sud,export,2018,0,0,2021
ST VINCENT-ILES GRENADINES,Amérique centrale et du Sud,export,2019,2,0,2021
ST VINCENT-ILES GRENADINES,Amérique centrale et du Sud,export,2020,0,0,2021
ST VINCENT-ILES GRENADINES,Amérique centrale et du Sud,export,2021,0,0,2021
SURINAM,Amérique centrale et du Sud,export,2017,0,0,2021
SURINAM,Amérique centrale et du Sud,export,2018,6,2,2021
SURINAM,Amérique centrale et du Sud,export,2019,107,64,2021
SURINAM,Amérique centrale et du Sud,export,2020,10,2,2021
SURINAM,Amérique centrale et du Sud,export,2021,0,0,2021
TRINIDAD ET TOBAGO,Amérique centrale et du Sud,export,2017,39,10,2021
TRINIDAD ET TOBAGO,Amérique centrale et du Sud,export,2018,81,21,2021
TRINIDAD ET TOBAGO,Amérique centrale et du Sud,export,2019,167,43,2021
TRINIDAD ET TOBAGO,Amérique centrale et du Sud,export,2020,0,0,2021
TRINIDAD ET TOBAGO,Amérique centrale et du Sud,export,2021,0,0,2021
URUGUAY,Amérique centrale et du Sud,export,2017,5,12,2021
URUGUAY,Amérique centrale et du Sud,export,2018,1,2,2021
URUGUAY,Amérique centrale et du Sud,export,2019,6,4,2021
URUGUAY,Amérique centrale et du Sud,export,2020,0,0,2021
URUGUAY,Amérique centrale et du Sud,export,2021,0,0,2021
VENEZUELA,Amérique centrale et du Sud,export,2017,76,102,2021
VENEZUELA,Amérique centrale et du Sud,export,2018,25,25,2021
VENEZUELA,Amérique centrale et du Sud,export,2019,191,223,2021
VENEZUELA,Amérique centrale et du Sud,export,2020,128,125,2021
VENEZUELA,Amérique centrale et du Sud,export,2021,110,117,2021
ARABIE SEOUDITE,Asie occidentale,export,2017,669,196,2021
ARABIE SEOUDITE,Asie occidentale,export,2018,1071,951,2021
ARABIE SEOUDITE,Asie occidentale,export,2019,510,423,2021
ARABIE SEOUDITE,Asie occidentale,export,2020,265,55,2021
ARABIE SEOUDITE,Asie occidentale,export,2021,548,131,2021
BAHREIN,Asie occidentale,export,2017,0,0,2021
BAHREIN,Asie occidentale,export,2018,0,0,2021
BAHREIN,Asie occidentale,export,2019,0,0,2021
BAHREIN,Asie occidentale,export,2020,0,0,2021
BAHREIN,Asie occidentale,export,2021,0,0,2021
EMIRATS ARABES UNIS,Asie occidentale,export,2017,78533,71306,2021
EMIRATS ARABES UNIS,Asie occidentale,export,2018,36866,25977,2021
EMIRATS ARABES UNIS,Asie occidentale,export,2019,34101,6324,2021
EMIRATS ARABES UNIS,Asie occidentale,export,2020,25435,5639,2021
EMIRATS ARABES UNIS,Asie occidentale,export,2021,34390,7214,2021
IRAK,Asie occidentale,export,2017,1,0,2021
IRAK,Asie occidentale,export,2018,9,0,2021
IRAK,Asie occidentale,export,2019,136,546,2021
IRAK,Asie occidentale,export,2020,26,9,2021
IRAK,Asie occidentale,export,2021,7,0,2021
IRAN,Asie occidentale,export,2017,516,425,2021
IRAN,Asie occidentale,export,2018,1648,1401,2021
IRAN,Asie occidentale,export,2019,0,0,2021
IRAN,Asie occidentale,export,2020,185,201,2021
IRAN,Asie occidentale,export,2021,126,25,2021
ISRAEL,Asie occidentale,export,2017,1616,262,2021
ISRAEL,Asie occidentale,export,2018,1921,277,2021
ISRAEL,Asie occidentale,export,2019,1316,176,2021
ISRAEL,Asie occidentale,export,2020,954,179,2021
ISRAEL,Asie occidentale,export,2021,820,120,2021
JORDANIE,Asie occidentale,export,2017,43,11,2021
JORDANIE,Asie occidentale,export,2018,31,61,2021
JORDANIE,Asie occidentale,export,2019,0,1,2021
JORDANIE,Asie occidentale,export,2020,58,70,2021
JORDANIE,Asie occidentale,export,2021,5,3,2021
KOWEIT,Asie occidentale,export,2017,553,1,2021
KOWEIT,Asie occidentale,export,2018,13,0,2021
KOWEIT,Asie occidentale,export,2019,3,0,2021
KOWEIT,Asie occidentale,export,2020,11,1,2021
KOWEIT,Asie occidentale,export,2021,1,0,2021
LIBAN,Asie occidentale,export,2017,9889,191738,2021
LIBAN,Asie occidentale,export,2018,8154,211373,2021
LIBAN,Asie occidentale,export,2019,9276,207117,2021
LIBAN,Asie occidentale,export,2020,4796,111900,2021
LIBAN,Asie occidentale,export,2021,7678,178668,2021
OMAN,Asie occidentale,export,2017,4,0,2021
OMAN,Asie occidentale,export,2018,6,0,2021
OMAN,Asie occidentale,export,2019,0,0,2021
OMAN,Asie occidentale,export,2020,37,94,2021
OMAN,Asie occidentale,export,2021,2,0,2021
QATAR,Asie occidentale,export,2017,24,17,2021
QATAR,Asie occidentale,export,2018,0,0,2021
QATAR,Asie occidentale,export,2019,0,0,2021
QATAR,Asie occidentale,export,2020,10,10,2021
QATAR,Asie occidentale,export,2021,14,0,2021
SYRIE,Asie occidentale,export,2017,0,0,2021
SYRIE,Asie occidentale,export,2018,151,256,2021
SYRIE,Asie occidentale,export,2019,11,240,2021
SYRIE,Asie occidentale,export,2020,91,576,2021
SYRIE,Asie occidentale,export,2021,0,0,2021
YEMEN DEMOCRATIQUE,Asie occidentale,export,2017,0,0,2021
YEMEN DEMOCRATIQUE,Asie occidentale,export,2018,13,36,2021
YEMEN DEMOCRATIQUE,Asie occidentale,export,2019,0,0,2021
YEMEN DEMOCRATIQUE,Asie occidentale,export,2020,0,0,2021
YEMEN DEMOCRATIQUE,Asie occidentale,export,2021,0,0,2021
AFGANISTAN,Autres pays d'Asie,export,2017,4,1,2021
AFGANISTAN,Autres pays d'Asie,export,2018,2,0,2021
AFGANISTAN,Autres pays d'Asie,export,2019,31,63,2021
AFGANISTAN,Autres pays d'Asie,export,2020,8,2,2021
AFGANISTAN,Autres pays d'Asie,export,2021,1,1,2021
BENGLADESH,Autres pays d'Asie,export,2017,5485,7378,2021
BENGLADESH,Autres pays d'Asie,export,2018,5578,6937,2021
BENGLADESH,Autres pays d'Asie,export,2019,4077,4175,2021
BENGLADESH,Autres pays d'Asie,export,2020,4855,5341,2021
BENGLADESH,Autres pays d'Asie,export,2021,8287,8297,2021
BHOUTAN,Autres pays d'Asie,export,2017,0,0,2021
BHOUTAN,Autres pays d'Asie,export,2018,0,0,2021
BHOUTAN,Autres pays d'Asie,export,2019,1,1,2021
BHOUTAN,Autres pays d'Asie,export,2020,0,0,2021
BHOUTAN,Autres pays d'Asie,export,2021,0,0,2021
BRUNEI,Autres pays d'Asie,export,2017,626,771,2021
BRUNEI,Autres pays d'Asie,export,2018,1832,1459,2021
BRUNEI,Autres pays d'Asie,export,2019,1524,2236,2021
BRUNEI,Autres pays d'Asie,export,2020,2353,2864,2021
BRUNEI,Autres pays d'Asie,export,2021,807,1574,2021
CAMBODGE,Autres pays d'Asie,export,2017,1,0,2021
CAMBODGE,Autres pays d'Asie,export,2018,0,0,2021
CAMBODGE,Autres pays d'Asie,export,2019,0,0,2021
CAMBODGE,Autres pays d'Asie,export,2020,0,0,2021
CAMBODGE,Autres pays d'Asie,export,2021,2,1,2021
COREE DU NORD,Autres pays d'Asie,export,2017,1454,571,2021
COREE DU NORD,Autres pays d'Asie,export,2018,852,482,2021
COREE DU NORD,Autres pays d'Asie,export,2019,600,469,2021
COREE DU NORD,Autres pays d'Asie,export,2020,103,54,2021
COREE DU NORD,Autres pays d'Asie,export,2021,180,40166,2021
COREE DU SUD,Autres pays d'Asie,export,2017,23929,13426,2021
COREE DU SUD,Autres pays d'Asie,export,2018,14796,8126,2021
COREE DU SUD,Autres pays d'Asie,export,2019,23144,25434,2021
COREE DU SUD,Autres pays d'Asie,export,2020,18365,10570,2021
COREE DU SUD,Autres pays d'Asie,export,2021,17515,12753,2021
HONG-KONG,Autres pays d'Asie,export,2017,2804,1525,2021
HONG-KONG,Autres pays d'Asie,export,2018,1594,508,2021
HONG-KONG,Autres pays d'Asie,export,2019,1249,1278,2021
HONG-KONG,Autres pays d'Asie,export,2020,368,213,2021
HONG-KONG,Autres pays d'Asie,export,2021,476,310,2021
INDE,Autres pays d'Asie,export,2017,87346,364258,2021
INDE,Autres pays d'Asie,export,2018,168341,508872,2021
INDE,Autres pays d'Asie,export,2019,211915,547595,2021
INDE,Autres pays d'Asie,export,2020,171975,535830,2021
INDE,Autres pays d'Asie,export,2021,282398,633713,2021
INDONESIE,Autres pays d'Asie,export,2017,850,2447,2021
INDONESIE,Autres pays d'Asie,export,2018,791,1102,2021
INDONESIE,Autres pays d'Asie,export,2019,49,91,2021
INDONESIE,Autres pays d'Asie,export,2020,1399,832,2021
INDONESIE,Autres pays d'Asie,export,2021,480,962,2021
JAPON,Autres pays d'Asie,export,2017,3215,3280,2021
JAPON,Autres pays d'Asie,export,2018,6840,4149,2021
JAPON,Autres pays d'Asie,export,2019,9563,17155,2021
JAPON,Autres pays d'Asie,export,2020,6169,6605,2021
JAPON,Autres pays d'Asie,export,2021,9245,7280,2021
LAOS,Autres pays d'Asie,export,2017,0,0,2021
LAOS,Autres pays d'Asie,export,2018,0,0,2021
LAOS,Autres pays d'Asie,export,2019,2,1,2021
LAOS,Autres pays d'Asie,export,2020,0,0,2021
LAOS,Autres pays d'Asie,export,2021,0,0,2021
MACAO,Autres pays d'Asie,export,2017,0,0,2021
MACAO,Autres pays d'Asie,export,2018,0,0,2021
MACAO,Autres pays d'Asie,export,2019,5,1,2021
MACAO,Autres pays d'Asie,export,2020,26,0,2021
MACAO,Autres pays d'Asie,export,2021,0,0,2021
MALAISIE,Autres pays d'Asie,export,2017,1132,27935,2021
MALAISIE,Autres pays d'Asie,export,2018,1252,15764,2021
MALAISIE,Autres pays d'Asie,export,2019,2447,4167,2021
MALAISIE,Autres pays d'Asie,export,2020,1883,4253,2021
MALAISIE,Autres pays d'Asie,export,2021,755,3104,2021
MALDIVES,Autres pays d'Asie,export,2017,4,0,2021
MALDIVES,Autres pays d'Asie,export,2018,1,0,2021
MALDIVES,Autres pays d'Asie,export,2019,2,0,2021
MALDIVES,Autres pays d'Asie,export,2020,11,0,2021
MALDIVES,Autres pays d'Asie,export,2021,0,0,2021
MONGOLIE,Autres pays d'Asie,export,2017,0,0,2021
MONGOLIE,Autres pays d'Asie,export,2018,79,5,2021
MONGOLIE,Autres pays d'Asie,export,2019,31,800,2021
MONGOLIE,Autres pays d'Asie,export,2020,0,0,2021
MONGOLIE,Autres pays d'Asie,export,2021,0,0,2021
NEPAL,Autres pays d'Asie,export,2017,1,0,2021
NEPAL,Autres pays d'Asie,export,2018,0,0,2021
NEPAL,Autres pays d'Asie,export,2019,12,13,2021
NEPAL,Autres pays d'Asie,export,2020,0,0,2021
NEPAL,Autres pays d'Asie,export,2021,0,0,2021
PAKISTAN,Autres pays d'Asie,export,2017,413,507,2021
PAKISTAN,Autres pays d'Asie,export,2018,634,854,2021
PAKISTAN,Autres pays d'Asie,export,2019,75,325,2021
PAKISTAN,Autres pays d'Asie,export,2020,723,1779,2021
PAKISTAN,Autres pays d'Asie,export,2021,20,57,2021
PHILIPPINE,Autres pays d'Asie,export,2017,0,0,2021
PHILIPPINE,Autres pays d'Asie,export,2018,36,81,2021
PHILIPPINE,Autres pays d'Asie,export,2019,0,0,2021
PHILIPPINE,Autres pays d'Asie,export,2020,450,720,2021
PHILIPPINE,Autres pays d'Asie,export,2021,0,0,2021
REPUBLIQUE POPULAIRE DE CHINE,Autres pays d'Asie,export,2017,77729,232494,2021
REPUBLIQUE POPULAIRE DE CHINE,Autres pays d'Asie,export,2018,64162,173053,2021
REPUBLIQUE POPULAIRE DE CHINE,Autres pays d'Asie,export,2019,161895,458229,2021
REPUBLIQUE POPULAIRE DE CHINE,Autres pays d'Asie,export,2020,152146,425169,2021
REPUBLIQUE POPULAIRE DE CHINE,Autres pays d'Asie,export,2021,189768,489792,2021
SINGAPOUR,Autres pays d'Asie,export,2017,664,6770,2021
SINGAPOUR,Autres pays d'Asie,export,2018,5667,26010,2021
SINGAPOUR,Autres pays d'Asie,export,2019,4361,9600,2021
SINGAPOUR,Autres pays d'Asie,export,2020,1271,2370,2021
SINGAPOUR,Autres pays d'Asie,export,2021,1336,7025,2021
TAIWAN,Autres pays d'Asie,export,2017,900,837,2021
TAIWAN,Autres pays d'Asie,export,2018,1364,923,2021
TAIWAN,Autres pays d'Asie,export,2019,998,677,2021
TAIWAN,Autres pays d'Asie,export,2020,955,844,2021
TAIWAN,Autres pays d'Asie,export,2021,498,403,2021
THAILANDE,Autres pays d'Asie,export,2017,3279,3151,2021
THAILANDE,Autres pays d'Asie,export,2018,2931,3480,2021
THAILANDE,Autres pays d'Asie,export,2019,801,948,2021
THAILANDE,Autres pays d'Asie,export,2020,625,1083,2021
THAILANDE,Autres pays d'Asie,export,2021,233,71,2021
UNION BIRMANE,Autres pays d'Asie,export,2017,49,25,2021
UNION BIRMANE,Autres pays d'Asie,export,2018,0,0,2021
UNION BIRMANE,Autres pays d'Asie,export,2019,76,119,2021
UNION BIRMANE,Autres pays d'Asie,export,2020,0,0,2021
UNION BIRMANE,Autres pays d'Asie,export,2021,0,0,2021
VIETNAM,Autres pays d'Asie,export,2017,3468,4503,2021
VIETNAM,Autres pays d'Asie,export,2018,9180,12913,2021
VIETNAM,Autres pays d'Asie,export,2019,14203,29653,2021
VIETNAM,Autres pays d'Asie,export,2020,11117,23051,2021
VIETNAM,Autres pays d'Asie,export,2021,21859,39145,2021
AUSTRALIE,Océanie,export,2017,378,528,2021
AUSTRALIE,Océanie,export,2018,787,901,2021
AUSTRALIE,Océanie,export,2019,1579,1517,2021
AUSTRALIE,Océanie,export,2020,123078,613,2021
AUSTRALIE,Océanie,export,2021,120370,2002,2021
NAURU,Océanie,export,2017,2,0,2021
NAURU,Océanie,export,2018,4132,49591,2021
NAURU,Océanie,export,2019,0,0,2021
NAURU,Océanie,export,2020,1,0,2021
NAURU,Océanie,export,2021,0,0,2021
NOUVELLE CALEDONIE,Océanie,export,2017,0,0,2021
NOUVELLE CALEDONIE,Océanie,export,2018,0,0,2021
NOUVELLE CALEDONIE,Océanie,export,2019,1,0,2021
NOUVELLE CALEDONIE,Océanie,export,2020,0,0,2021
NOUVELLE CALEDONIE,Océanie,export,2021,0,0,2021
NOUVELLE GUINEE ET PAPOUASIE,Océanie,export,2017,2,0,2021
NOUVELLE GUINEE ET PAPOUASIE,Océanie,export,2018,6,1,2021
NOUVELLE GUINEE ET PAPOUASIE,Océanie,export,2019,199,81,2021
NOUVELLE GUINEE ET PAPOUASIE,Océanie,export,2020,0,0,2021
NOUVELLE GUINEE ET PAPOUASIE,Océanie,export,2021,44,6,2021
NOUVELLE ZELANDE,Océanie,export,2017,249,23,2021
NOUVELLE ZELANDE,Océanie,export,2018,622,221,2021
NOUVELLE ZELANDE,Océanie,export,2019,1414,223,2021
NOUVELLE ZELANDE,Océanie,export,2020,1015,184,2021
NOUVELLE ZELANDE,Océanie,export,2021,1819,253,2021
SAMOA OCCIDENTAL,Océanie,export,2017,0,0,2021
SAMOA OCCIDENTAL,Océanie,export,2018,0,0,2021
SAMOA OCCIDENTAL,Océanie,export,2019,0,0,2021
SAMOA OCCIDENTAL,Océanie,export,2020,5,0,2021
SAMOA OCCIDENTAL,Océanie,export,2021,0,0,2021
TONGA,Océanie,export,2017,0,0,2021
TONGA,Océanie,export,2018,0,0,2021
TONGA,Océanie,export,2019,0,0,2021
TONGA,Océanie,export,2020,0,0,2021
TONGA,Océanie,export,2021,115,32,2021
DIVERS,Divers,export,2017,90201,279609,2021
DIVERS,Divers,export,2018,112076,316572,2021
DIVERS,Divers,export,2019,112090,281047,2021
DIVERS,Divers,export,2020,87441,276153,2021
DIVERS,Divers,export,2021,86830,282723,2021
ALLEMAGNE,Union européenne,import,2017,164785,360189,2021
ALLEMAGNE,Union européenne,import,2018,104068,189185,2021
ALLEMAGNE,Union européenne,import,2019,93111,100101,2021
ALLEMAGNE,Union européenne,import,2020,85722,68811,2021
ALLEMAGNE,Union européenne,import,2021,96479,70584,2021
AUTRICHE,Union européenne,import,2017,9303,1980,2021
AUTRICHE,Union européenne,import,2018,3609,1944,2021
AUTRICHE,Union européenne,import,2019,4798,2811,2021
AUTRICHE,Union européenne,import,2020,2457,1417,2021
AUTRICHE,Union européenne,import,2021,3484,2921,2021
BELGIQUE-LUXEMBOURG,Union européenne,import,2017,154866,305217,2021
BELGIQUE-LUXEMBOURG,Union européenne,import,2018,269665,582812,2021
BELGIQUE-LUXEMBOURG,Union européenne,import,2019,330118,809211,2021
BELGIQUE-LUXEMBOURG,Union européenne,import,2020,267560,782082,2021
BELGIQUE-LUXEMBOURG,Union européenne,import,2021,254487,551390,2021
BULGARIE,Union européenne,import,2017,4447,2239,2021
BULGARIE,Union européenne,import,2018,4469,7420,2021
BULGARIE,Union européenne,import,2019,3383,1192,2021
BULGARIE,Union européenne,import,2020,6730,3828,2021
BULGARIE,Union européenne,import,2021,5754,15111,2021
CHYPRE,Union européenne,import,2017,61,44,2021
CHYPRE,Union européenne,import,2018,15,20,2021
CHYPRE,Union européenne,import,2019,,,2021
CHYPRE,Union européenne,import,2020,5,0,2021
CHYPRE,Union européenne,import,2021,64,152,2021
CITE DU VATICAN,Union européenne,import,2017,,,2021
CITE DU VATICAN,Union européenne,import,2018,,,2021
CITE DU VATICAN,Union européenne,import,2019,,,2021
CITE DU VATICAN,Union européenne,import,2020,,,2021
CITE DU VATICAN,Union européenne,import,2021,2,1,2021
DANEMARK,Union européenne,import,2017,5722,2488,2021
DANEMARK,Union européenne,import,2018,14688,5322,2021
DANEMARK,Union européenne,import,2019,90253,22741,2021
DANEMARK,Union européenne,import,2020,13186,6756,2021
DANEMARK,Union européenne,import,2021,14658,6842,2021
ESPAGNE,Union européenne,import,2017,136798,473188,2021
ESPAGNE,Union européenne,import,2018,176175,627646,2021
ESPAGNE,Union européenne,import,2019,194946,589597,2021
ESPAGNE,Union européenne,import,2020,227596,819517,2021
ESPAGNE,Union européenne,import,2021,252985,806611,2021
FINLANDE,Union européenne,import,2017,14795,3714,2021
FINLANDE,Union européenne,import,2018,11814,2213,2021
FINLANDE,Union européenne,import,2019,12056,7747,2021
FINLANDE,Union européenne,import,2020,41181,5929,2021
FINLANDE,Union européenne,import,2021,34671,47140,2021
FRANCE,Union européenne,import,2017,574973,493790,2021
FRANCE,Union européenne,import,2018,569284,427223,2021
FRANCE,Union européenne,import,2019,801137,667452,2021
FRANCE,Union européenne,import,2020,703962,649409,2021
FRANCE,Union européenne,import,2021,632774,500814,2021
GIBRALTAR,Union européenne,import,2017,94,10,2021
GIBRALTAR,Union européenne,import,2018,,,2021
GIBRALTAR,Union européenne,import,2019,55,233,2021
GIBRALTAR,Union européenne,import,2020,,,2021
GIBRALTAR,Union européenne,import,2021,,,2021
GRECE,Union européenne,import,2017,2354,7529,2021
GRECE,Union européenne,import,2018,4305,50331,2021
GRECE,Union européenne,import,2019,13313,37981,2021
GRECE,Union européenne,import,2020,7884,32918,2021
GRECE,Union européenne,import,2021,8391,27612,2021
HONGRIE,Union européenne,import,2017,8170,2276,2021
HONGRIE,Union européenne,import,2018,7050,2536,2021
HONGRIE,Union européenne,import,2019,4986,1402,2021
HONGRIE,Union européenne,import,2020,4196,1096,2021
HONGRIE,Union européenne,import,2021,4786,2390,2021
IRLANDE,Union européenne,import,2017,8858,6473,2021
IRLANDE,Union européenne,import,2018,17609,18068,2021
IRLANDE,Union européenne,import,2019,21526,18405,2021
IRLANDE,Union européenne,import,2020,18604,13907,2021
IRLANDE,Union européenne,import,2021,20217,15491,2021
ITALIE,Union européenne,import,2017,88198,151480,2021
ITALIE,Union européenne,import,2018,111625,199464,2021
ITALIE,Union européenne,import,2019,79053,133288,2021
ITALIE,Union européenne,import,2020,84679,142363,2021
ITALIE,Union européenne,import,2021,112834,198530,2021
MALTE,Union européenne,import,2017,1242,692,2021
MALTE,Union européenne,import,2018,979,414,2021
MALTE,Union européenne,import,2019,3592,42901,2021
MALTE,Union européenne,import,2020,3272,5959,2021
MALTE,Union européenne,import,2021,1561,588,2021
PAYS BAS,Union européenne,import,2017,218227,912409,2021
PAYS BAS,Union européenne,import,2018,293114,927754,2021
PAYS BAS,Union européenne,import,2019,322808,1139118,2021
PAYS BAS,Union européenne,import,2020,277285,1218204,2021
PAYS BAS,Union européenne,import,2021,259995,896064,2021
POLOGNE,Union européenne,import,2017,30407,41011,2021
POLOGNE,Union européenne,import,2018,33936,37646,2021
POLOGNE,Union européenne,import,2019,47648,35736,2021
POLOGNE,Union européenne,import,2020,52564,16033,2021
POLOGNE,Union européenne,import,2021,53866,28171,2021
PORTUGAL,Union européenne,import,2017,24302,68029,2021
PORTUGAL,Union européenne,import,2018,24903,79839,2021
PORTUGAL,Union européenne,import,2019,22282,45322,2021
PORTUGAL,Union européenne,import,2020,16415,24743,2021
PORTUGAL,Union européenne,import,2021,23905,27847,2021
REPUBLIQUE D'ESTONIE,Union européenne,import,2017,11136,57178,2021
REPUBLIQUE D'ESTONIE,Union européenne,import,2018,32,123,2021
REPUBLIQUE D'ESTONIE,Union européenne,import,2019,97,153,2021
REPUBLIQUE D'ESTONIE,Union européenne,import,2020,65,14,2021
REPUBLIQUE D'ESTONIE,Union européenne,import,2021,92,71,2021
REPUBLIQUE DE LETTONIE,Union européenne,import,2017,6,25,2021
REPUBLIQUE DE LETTONIE,Union européenne,import,2018,193,385,2021
REPUBLIQUE DE LETTONIE,Union européenne,import,2019,21,57,2021
REPUBLIQUE DE LETTONIE,Union européenne,import,2020,118,283,2021
REPUBLIQUE DE LETTONIE,Union européenne,import,2021,17,50,2021
REPUBLIQUE DE LITUANIE,Union européenne,import,2017,752,2704,2021
REPUBLIQUE DE LITUANIE,Union européenne,import,2018,1086,3562,2021
REPUBLIQUE DE LITUANIE,Union européenne,import,2019,1564,1720,2021
REPUBLIQUE DE LITUANIE,Union européenne,import,2020,4451,26667,2021
REPUBLIQUE DE LITUANIE,Union européenne,import,2021,6544,31696,2021
REPUBLIQUE DE SLOVAQUIE,Union européenne,import,2017,2025,1229,2021
REPUBLIQUE DE SLOVAQUIE,Union européenne,import,2018,1949,525,2021
REPUBLIQUE DE SLOVAQUIE,Union européenne,import,2019,2928,2325,2021
REPUBLIQUE DE SLOVAQUIE,Union européenne,import,2020,1966,1824,2021
REPUBLIQUE DE SLOVAQUIE,Union européenne,import,2021,2102,426,2021
REPUBLIQUE TCHEQUE,Union européenne,import,2017,3241,6715,2021
REPUBLIQUE TCHEQUE,Union européenne,import,2018,2186,3109,2021
REPUBLIQUE TCHEQUE,Union européenne,import,2019,2290,3017,2021
REPUBLIQUE TCHEQUE,Union européenne,import,2020,2612,2784,2021
REPUBLIQUE TCHEQUE,Union européenne,import,2021,9181,37748,2021
ROUMANIE,Union européenne,import,2017,4960,3832,2021
ROUMANIE,Union européenne,import,2018,8094,39236,2021
ROUMANIE,Union européenne,import,2019,3992,4148,2021
ROUMANIE,Union européenne,import,2020,4529,8324,2021
ROUMANIE,Union européenne,import,2021,4670,4086,2021
ROYAUME UNI,Union européenne,import,2017,37937,48935,2021
ROYAUME UNI,Union européenne,import,2018,38395,62830,2021
ROYAUME UNI,Union européenne,import,2019,36311,59456,2021
ROYAUME UNI,Union européenne,import,2020,36058,48272,2021
ROYAUME UNI,Union européenne,import,2021,69035,118695,2021
SLOVENIE,Union européenne,import,2017,78,292,2021
SLOVENIE,Union européenne,import,2018,1327,491,2021
SLOVENIE,Union européenne,import,2019,611,477,2021
SLOVENIE,Union européenne,import,2020,911,1291,2021
SLOVENIE,Union européenne,import,2021,877,2206,2021
SUEDE,Union européenne,import,2017,13900,17228,2021
SUEDE,Union européenne,import,2018,12433,14151,2021
SUEDE,Union européenne,import,2019,15114,16361,2021
SUEDE,Union européenne,import,2020,16812,26565,2021
SUEDE,Union européenne,import,2021,27041,22447,2021
ALBANIE,Autres pays d'Europe,import,2017,3403,2951,2021
ALBANIE,Autres pays d'Europe,import,2018,3208,3116,2021
ALBANIE,Autres pays d'Europe,import,2019,2908,3333,2021
ALBANIE,Autres pays d'Europe,import,2020,4942,3944,2021
ALBANIE,Autres pays d'Europe,import,2021,10532,168431,2021
ANDORRE,Autres pays d'Europe,import,2017,,,2021
ANDORRE,Autres pays d'Europe,import,2018,21,90,2021
ANDORRE,Autres pays d'Europe,import,2019,28,60,2021
ANDORRE,Autres pays d'Europe,import,2020,8,4,2021
ANDORRE,Autres pays d'Europe,import,2021,7,19,2021
ARMENIE,Autres pays d'Europe,import,2017,1591,7243,2021
ARMENIE,Autres pays d'Europe,import,2018,25,14,2021
ARMENIE,Autres pays d'Europe,import,2019,152,122,2021
ARMENIE,Autres pays d'Europe,import,2020,36,45,2021
ARMENIE,Autres pays d'Europe,import,2021,16,14,2021
BOSNIE-HERZEGOVINE,Autres pays d'Europe,import,2017,91,250,2021
BOSNIE-HERZEGOVINE,Autres pays d'Europe,import,2018,37,140,2021
BOSNIE-HERZEGOVINE,Autres pays d'Europe,import,2019,5,18,2021
BOSNIE-HERZEGOVINE,Autres pays d'Europe,import,2020,25,158,2021
BOSNIE-HERZEGOVINE,Autres pays d'Europe,import,2021,23,12,2021
CROATIE,Autres pays d'Europe,import,2017,30,116,2021
CROATIE,Autres pays d'Europe,import,2018,,,2021
CROATIE,Autres pays d'Europe,import,2019,580,1846,2021
CROATIE,Autres pays d'Europe,import,2020,457,934,2021
CROATIE,Autres pays d'Europe,import,2021,488,842,2021
EX-YOUGOSLAVIE,Autres pays d'Europe,import,2017,0,0,2021
EX-YOUGOSLAVIE,Autres pays d'Europe,import,2018,11,29,2021
EX-YOUGOSLAVIE,Autres pays d'Europe,import,2019,242,547,2021
EX-YOUGOSLAVIE,Autres pays d'Europe,import,2020,277,53,2021
EX-YOUGOSLAVIE,Autres pays d'Europe,import,2021,61,73,2021
HELGOLAND,Autres pays d'Europe,import,2017,195,351,2021
HELGOLAND,Autres pays d'Europe,import,2018,786,2735,2021
HELGOLAND,Autres pays d'Europe,import,2019,415,198,2021
HELGOLAND,Autres pays d'Europe,import,2020,204,90,2021
HELGOLAND,Autres pays d'Europe,import,2021,231,124,2021
ISLANDE,Autres pays d'Europe,import,2017,579,239,2021
ISLANDE,Autres pays d'Europe,import,2018,2213,627,2021
ISLANDE,Autres pays d'Europe,import,2019,2360,490,2021
ISLANDE,Autres pays d'Europe,import,2020,3361,781,2021
ISLANDE,Autres pays d'Europe,import,2021,8709,1172,2021
MONTENEGRO,Autres pays d'Europe,import,2017,25,1,2021
MONTENEGRO,Autres pays d'Europe,import,2018,491,350,2021
MONTENEGRO,Autres pays d'Europe,import,2019,34,73,2021
MONTENEGRO,Autres pays d'Europe,import,2020,121,51,2021
MONTENEGRO,Autres pays d'Europe,import,2021,64,58,2021
NORVEGE,Autres pays d'Europe,import,2017,1828,5301,2021
NORVEGE,Autres pays d'Europe,import,2018,2064,5245,2021
NORVEGE,Autres pays d'Europe,import,2019,4909,13911,2021
NORVEGE,Autres pays d'Europe,import,2020,12720,46188,2021
NORVEGE,Autres pays d'Europe,import,2021,29838,67639,2021
REPUBLIQUE D'AZERBADJAN,Autres pays d'Europe,import,2017,38,120,2021
REPUBLIQUE D'AZERBADJAN,Autres pays d'Europe,import,2018,765,124,2021
REPUBLIQUE D'AZERBADJAN,Autres pays d'Europe,import,2019,733,178,2021
REPUBLIQUE D'AZERBADJAN,Autres pays d'Europe,import,2020,83,145,2021
REPUBLIQUE D'AZERBADJAN,Autres pays d'Europe,import,2021,576,553,2021
REPUBLIQUE D'UKRAINE,Autres pays d'Europe,import,2017,55653,242857,2021
REPUBLIQUE D'UKRAINE,Autres pays d'Europe,import,2018,108187,418588,2021
REPUBLIQUE D'UKRAINE,Autres pays d'Europe,import,2019,84660,298352,2021
REPUBLIQUE D'UKRAINE,Autres pays d'Europe,import,2020,62117,222474,2021
REPUBLIQUE D'UKRAINE,Autres pays d'Europe,import,2021,72667,198648,2021
REPUBLIQUE DE BIELORUSSIE,Autres pays d'Europe,import,2017,3101,16053,2021
REPUBLIQUE DE BIELORUSSIE,Autres pays d'Europe,import,2018,2336,8213,2021
REPUBLIQUE DE BIELORUSSIE,Autres pays d'Europe,import,2019,7183,32599,2021
REPUBLIQUE DE BIELORUSSIE,Autres pays d'Europe,import,2020,5845,35973,2021
REPUBLIQUE DE BIELORUSSIE,Autres pays d'Europe,import,2021,6106,27420,2021
REPUBLIQUE DE GEORGIE,Autres pays d'Europe,import,2017,1580,377,2021
REPUBLIQUE DE GEORGIE,Autres pays d'Europe,import,2018,2585,27241,2021
REPUBLIQUE DE GEORGIE,Autres pays d'Europe,import,2019,208,208,2021
REPUBLIQUE DE GEORGIE,Autres pays d'Europe,import,2020,223,172,2021
REPUBLIQUE DE GEORGIE,Autres pays d'Europe,import,2021,268,123,2021
REPUBLIQUE DE KAZAKSTAN,Autres pays d'Europe,import,2017,1853,32277,2021
REPUBLIQUE DE KAZAKSTAN,Autres pays d'Europe,import,2018,,,2021
REPUBLIQUE DE KAZAKSTAN,Autres pays d'Europe,import,2019,7003,101702,2021
REPUBLIQUE DE KAZAKSTAN,Autres pays d'Europe,import,2020,1524,34560,2021
REPUBLIQUE DE KAZAKSTAN,Autres pays d'Europe,import,2021,28598,273744,2021
RUSSIE,Autres pays d'Europe,import,2017,81204,506637,2021
RUSSIE,Autres pays d'Europe,import,2018,133028,929581,2021
RUSSIE,Autres pays d'Europe,import,2019,213287,1125837,2021
RUSSIE,Autres pays d'Europe,import,2020,203229,1477914,2021
RUSSIE,Autres pays d'Europe,import,2021,307647,1519027,2021
SUISSE,Autres pays d'Europe,import,2017,22014,50883,2021
SUISSE,Autres pays d'Europe,import,2018,31680,65548,2021
SUISSE,Autres pays d'Europe,import,2019,52387,68520,2021
SUISSE,Autres pays d'Europe,import,2020,69432,122795,2021
SUISSE,Autres pays d'Europe,import,2021,40068,65611,2021
TRIESTE,Autres pays d'Europe,import,2017,141,489,2021
TRIESTE,Autres pays d'Europe,import,2018,42,98,2021
TRIESTE,Autres pays d'Europe,import,2019,27,79,2021
TRIESTE,Autres pays d'Europe,import,2020,21,73,2021
TRIESTE,Autres pays d'Europe,import,2021,23,56,2021
TURQUIE,Autres pays d'Europe,import,2017,133971,471883,2021
TURQUIE,Autres pays d'Europe,import,2018,210399,862045,2021
TURQUIE,Autres pays d'Europe,import,2019,177750,806420,2021
TURQUIE,Autres pays d'Europe,import,2020,159993,627603,2021
TURQUIE,Autres pays d'Europe,import,2021,229431,430235,2021
CAMEROUN,Afrique centrale,import,2017,17331,63480,2021
CAMEROUN,Afrique centrale,import,2018,13655,53855,2021
CAMEROUN,Afrique centrale,import,2019,18863,67304,2021
CAMEROUN,Afrique centrale,import,2020,11415,53791,2021
CAMEROUN,Afrique centrale,import,2021,14302,64484,2021
CENTRE AFRIQUE,Afrique centrale,import,2017,0,1,2021
CENTRE AFRIQUE,Afrique centrale,import,2018,0,0,2021
CENTRE AFRIQUE,Afrique centrale,import,2019,8,1,2021
CENTRE AFRIQUE,Afrique centrale,import,2020,1467,296,2021
CENTRE AFRIQUE,Afrique centrale,import,2021,353,70,2021
CONGO,Afrique centrale,import,2017,1017,754,2021
CONGO,Afrique centrale,import,2018,1117,4967,2021
CONGO,Afrique centrale,import,2019,433,542,2021
CONGO,Afrique centrale,import,2020,389,1422,2021
CONGO,Afrique centrale,import,2021,1219,3905,2021
CONGO DEMOCRATIQUE,Afrique centrale,import,2017,787,5738,2021
CONGO DEMOCRATIQUE,Afrique centrale,import,2018,91,198,2021
CONGO DEMOCRATIQUE,Afrique centrale,import,2019,572,5634,2021
CONGO DEMOCRATIQUE,Afrique centrale,import,2020,685,6341,2021
CONGO DEMOCRATIQUE,Afrique centrale,import,2021,715,4219,2021
GABON,Afrique centrale,import,2017,1193,1117,2021
GABON,Afrique centrale,import,2018,176,487,2021
GABON,Afrique centrale,import,2019,396,2155,2021
GABON,Afrique centrale,import,2020,482,2625,2021
GABON,Afrique centrale,import,2021,2078,5376,2021
GUINEE EQUATORIALE,Afrique centrale,import,2017,5145,12389,2021
GUINEE EQUATORIALE,Afrique centrale,import,2018,59,225,2021
GUINEE EQUATORIALE,Afrique centrale,import,2019,2386,8327,2021
GUINEE EQUATORIALE,Afrique centrale,import,2020,,,2021
GUINEE EQUATORIALE,Afrique centrale,import,2021,2,20,2021
RWANDA,Afrique centrale,import,2017,,,2021
RWANDA,Afrique centrale,import,2018,,,2021
RWANDA,Afrique centrale,import,2019,413,213,2021
RWANDA,Afrique centrale,import,2020,4,0,2021
RWANDA,Afrique centrale,import,2021,130,20,2021
SAINT THOMAS ILE DU PRINCE,Afrique centrale,import,2017,,,2021
SAINT THOMAS ILE DU PRINCE,Afrique centrale,import,2018,,,2021
SAINT THOMAS ILE DU PRINCE,Afrique centrale,import,2019,,,2021
SAINT THOMAS ILE DU PRINCE,Afrique centrale,import,2020,,,2021
SAINT THOMAS ILE DU PRINCE,Afrique centrale,import,2021,588,113,2021
ALGERIE,Afrique du Nord,import,2017,4751,17203,2021
ALGERIE,Afrique du Nord,import,2018,4451,50372,2021
ALGERIE,Afrique du Nord,import,2019,3661,90248,2021
ALGERIE,Afrique du Nord,import,2020,15173,432861,2021
ALGERIE,Afrique du Nord,import,2021,21678,347548,2021
EGYPTE,Afrique du Nord,import,2017,12602,29193,2021
EGYPTE,Afrique du Nord,import,2018,12817,30451,2021
EGYPTE,Afrique du Nord,import,2019,20874,51164,2021
EGYPTE,Afrique du Nord,import,2020,20415,48419,2021
EGYPTE,Afrique du Nord,import,2021,36182,353600,2021
ILES CANARIES,Afrique du Nord,import,2017,1,0,2021
ILES CANARIES,Afrique du Nord,import,2018,,,2021
ILES CANARIES,Afrique du Nord,import,2019,0,0,2021
ILES CANARIES,Afrique du Nord,import,2020,,,2021
ILES CANARIES,Afrique du Nord,import,2021,3,28,2021
LIBYE,Afrique du Nord,import,2017,1892,15844,2021
LIBYE,Afrique du Nord,import,2018,2775,17864,2021
LIBYE,Afrique du Nord,import,2019,20,10,2021
LIBYE,Afrique du Nord,import,2020,3,2,2021
LIBYE,Afrique du Nord,import,2021,181,662,2021
MAROC,Afrique du Nord,import,2017,60278,99462,2021
MAROC,Afrique du Nord,import,2018,65612,105336,2021
MAROC,Afrique du Nord,import,2019,74829,151039,2021
MAROC,Afrique du Nord,import,2020,84614,138461,2021
MAROC,Afrique du Nord,import,2021,91500,166530,2021
SOUDAN,Afrique du Nord,import,2017,127,130,2021
SOUDAN,Afrique du Nord,import,2018,259,242,2021
SOUDAN,Afrique du Nord,import,2019,6230,2069,2021
SOUDAN,Afrique du Nord,import,2020,997,2217,2021
SOUDAN,Afrique du Nord,import,2021,6610,788,2021
TUNISIE,Afrique du Nord,import,2017,30767,180427,2021
TUNISIE,Afrique du Nord,import,2018,24812,92110,2021
TUNISIE,Afrique du Nord,import,2019,27239,96524,2021
TUNISIE,Afrique du Nord,import,2020,22771,112301,2021
TUNISIE,Afrique du Nord,import,2021,26989,123743,2021
BENIN,Afrique occidentale,import,2017,337,1683,2021
BENIN,Afrique occidentale,import,2018,480,1712,2021
BENIN,Afrique occidentale,import,2019,459,905,2021
BENIN,Afrique occidentale,import,2020,937,1152,2021
BENIN,Afrique occidentale,import,2021,1221,3775,2021
BURKINA FASO,Afrique occidentale,import,2017,52,103,2021
BURKINA FASO,Afrique occidentale,import,2018,8,3,2021
BURKINA FASO,Afrique occidentale,import,2019,245,1067,2021
BURKINA FASO,Afrique occidentale,import,2020,316,247,2021
BURKINA FASO,Afrique occidentale,import,2021,387,581,2021
COTE D'IVOIRE,Afrique occidentale,import,2017,72260,121260,2021
COTE D'IVOIRE,Afrique occidentale,import,2018,49777,125637,2021
COTE D'IVOIRE,Afrique occidentale,import,2019,55198,140726,2021
COTE D'IVOIRE,Afrique occidentale,import,2020,58708,138706,2021
COTE D'IVOIRE,Afrique occidentale,import,2021,58199,127975,2021
GAMBIE,Afrique occidentale,import,2017,1766,4702,2021
GAMBIE,Afrique occidentale,import,2018,4569,9995,2021
GAMBIE,Afrique occidentale,import,2019,1792,1946,2021
GAMBIE,Afrique occidentale,import,2020,10441,21054,2021
GAMBIE,Afrique occidentale,import,2021,3882,6103,2021
GHANA,Afrique occidentale,import,2017,40370,76279,2021
GHANA,Afrique occidentale,import,2018,23436,49322,2021
GHANA,Afrique occidentale,import,2019,42970,83342,2021
GHANA,Afrique occidentale,import,2020,62779,113965,2021
GHANA,Afrique occidentale,import,2021,41477,67257,2021
GUINEE BISSAU,Afrique occidentale,import,2017,,,2021
GUINEE BISSAU,Afrique occidentale,import,2018,5,3,2021
GUINEE BISSAU,Afrique occidentale,import,2019,10,44,2021
GUINEE BISSAU,Afrique occidentale,import,2020,23,8,2021
GUINEE BISSAU,Afrique occidentale,import,2021,212,397,2021
GUINEE REPUBLIQUE,Afrique occidentale,import,2017,2911,14188,2021
GUINEE REPUBLIQUE,Afrique occidentale,import,2018,5739,15378,2021
GUINEE REPUBLIQUE,Afrique occidentale,import,2019,1068,2399,2021
GUINEE REPUBLIQUE,Afrique occidentale,import,2020,1321,4865,2021
GUINEE REPUBLIQUE,Afrique occidentale,import,2021,1915,14179,2021
ILES DU CAP VERT,Afrique occidentale,import,2017,5,12,2021
ILES DU CAP VERT,Afrique occidentale,import,2018,6,19,2021
ILES DU CAP VERT,Afrique occidentale,import,2019,402,867,2021
ILES DU CAP VERT,Afrique occidentale,import,2020,273,832,2021
ILES DU CAP VERT,Afrique occidentale,import,2021,1770,4275,2021
LIBERIA,Afrique occidentale,import,2017,,,2021
LIBERIA,Afrique occidentale,import,2018,10,33,2021
LIBERIA,Afrique occidentale,import,2019,8,22,2021
LIBERIA,Afrique occidentale,import,2020,3277,7592,2021
LIBERIA,Afrique occidentale,import,2021,1598,5253,2021
MALI,Afrique occidentale,import,2017,4160,9962,2021
MALI,Afrique occidentale,import,2018,1046,4040,2021
MALI,Afrique occidentale,import,2019,1875,2381,2021
MALI,Afrique occidentale,import,2020,1573,1452,2021
MALI,Afrique occidentale,import,2021,2270,5369,2021
MAURITANIE,Afrique occidentale,import,2017,3630,44597,2021
MAURITANIE,Afrique occidentale,import,2018,6957,16322,2021
MAURITANIE,Afrique occidentale,import,2019,3339,6116,2021
MAURITANIE,Afrique occidentale,import,2020,7961,22773,2021
MAURITANIE,Afrique occidentale,import,2021,2295,3548,2021
NIGER,Afrique occidentale,import,2017,84,153,2021
NIGER,Afrique occidentale,import,2018,535,348,2021
NIGER,Afrique occidentale,import,2019,974,580,2021
NIGER,Afrique occidentale,import,2020,220,343,2021
NIGER,Afrique occidentale,import,2021,460,155,2021
NIGERIA,Afrique occidentale,import,2017,309405,1220608,2021
NIGERIA,Afrique occidentale,import,2018,388949,1146885,2021
NIGERIA,Afrique occidentale,import,2019,245564,806262,2021
NIGERIA,Afrique occidentale,import,2020,257198,1067905,2021
NIGERIA,Afrique occidentale,import,2021,287563,1040221,2021
SIERRA LEONE,Afrique occidentale,import,2017,1901,5080,2021
SIERRA LEONE,Afrique occidentale,import,2018,6346,15563,2021
SIERRA LEONE,Afrique occidentale,import,2019,4115,10847,2021
SIERRA LEONE,Afrique occidentale,import,2020,2514,4903,2021
SIERRA LEONE,Afrique occidentale,import,2021,9496,18522,2021
TCHAD,Afrique occidentale,import,2017,,,2021
TCHAD,Afrique occidentale,import,2018,,,2021
TCHAD,Afrique occidentale,import,2019,1,2,2021
TCHAD,Afrique occidentale,import,2020,86,2,2021
TCHAD,Afrique occidentale,import,2021,2,0,2021
TOGO,Afrique occidentale,import,2017,8277,17119,2021
TOGO,Afrique occidentale,import,2018,21422,85374,2021
TOGO,Afrique occidentale,import,2019,23912,65326,2021
TOGO,Afrique occidentale,import,2020,22541,60367,2021
TOGO,Afrique occidentale,import,2021,17419,43796,2021
AFRIQUE DU SUD,Afrique orientale et du Sud,import,2017,69986,585514,2021
AFRIQUE DU SUD,Afrique orientale et du Sud,import,2018,71040,621986,2021
AFRIQUE DU SUD,Afrique orientale et du Sud,import,2019,58800,464046,2021
AFRIQUE DU SUD,Afrique orientale et du Sud,import,2020,49153,318437,2021
AFRIQUE DU SUD,Afrique orientale et du Sud,import,2021,77200,368282,2021
ANGOLA,Afrique orientale et du Sud,import,2017,83,19,2021
ANGOLA,Afrique orientale et du Sud,import,2018,1055,6215,2021
ANGOLA,Afrique orientale et du Sud,import,2019,287,600,2021
ANGOLA,Afrique orientale et du Sud,import,2020,3046,14712,2021
ANGOLA,Afrique orientale et du Sud,import,2021,2471,10028,2021
BURUNDI,Afrique orientale et du Sud,import,2017,,,2021
BURUNDI,Afrique orientale et du Sud,import,2018,,,2021
BURUNDI,Afrique orientale et du Sud,import,2019,,,2021
BURUNDI,Afrique orientale et du Sud,import,2020,,,2021
BURUNDI,Afrique orientale et du Sud,import,2021,21,2,2021
DJIBOUTI,Afrique orientale et du Sud,import,2017,10,47,2021
DJIBOUTI,Afrique orientale et du Sud,import,2018,134,257,2021
DJIBOUTI,Afrique orientale et du Sud,import,2019,9,3,2021
DJIBOUTI,Afrique orientale et du Sud,import,2020,20,30,2021
DJIBOUTI,Afrique orientale et du Sud,import,2021,22,29,2021
ETHIOPIE,Afrique orientale et du Sud,import,2017,18,13,2021
ETHIOPIE,Afrique orientale et du Sud,import,2018,16,23,2021
ETHIOPIE,Afrique orientale et du Sud,import,2019,62,14,2021
ETHIOPIE,Afrique orientale et du Sud,import,2020,92,6,2021
ETHIOPIE,Afrique orientale et du Sud,import,2021,59,14,2021
ILE STE HELENE,Afrique orientale et du Sud,import,2017,3,10,2021
ILE STE HELENE,Afrique orientale et du Sud,import,2018,73,84,2021
ILE STE HELENE,Afrique orientale et du Sud,import,2019,292,21,2021
ILE STE HELENE,Afrique orientale et du Sud,import,2020,21,94,2021
ILE STE HELENE,Afrique orientale et du Sud,import,2021,2,1,2021
ILES MAURICE,Afrique orientale et du Sud,import,2017,1523,205,2021
ILES MAURICE,Afrique orientale et du Sud,import,2018,967,225,2021
ILES MAURICE,Afrique orientale et du Sud,import,2019,352,63,2021
ILES MAURICE,Afrique orientale et du Sud,import,2020,714,128,2021
ILES MAURICE,Afrique orientale et du Sud,import,2021,721,598,2021
KENYA,Afrique orientale et du Sud,import,2017,288,332,2021
KENYA,Afrique orientale et du Sud,import,2018,286,340,2021
KENYA,Afrique orientale et du Sud,import,2019,724,403,2021
KENYA,Afrique orientale et du Sud,import,2020,632,714,2021
KENYA,Afrique orientale et du Sud,import,2021,2117,516,2021
MADAGASCAR,Afrique orientale et du Sud,import,2017,7,1,2021
MADAGASCAR,Afrique orientale et du Sud,import,2018,96,4,2021
MADAGASCAR,Afrique orientale et du Sud,import,2019,63,1,2021
MADAGASCAR,Afrique orientale et du Sud,import,2020,60,8,2021
MADAGASCAR,Afrique orientale et du Sud,import,2021,74,13,2021
MALAWI,Afrique orientale et du Sud,import,2017,47,63,2021
MALAWI,Afrique orientale et du Sud,import,2018,167,218,2021
MALAWI,Afrique orientale et du Sud,import,2019,243,556,2021
MALAWI,Afrique orientale et du Sud,import,2020,131,159,2021
MALAWI,Afrique orientale et du Sud,import,2021,182,306,2021
MOZAMBIQUE,Afrique orientale et du Sud,import,2017,490,431,2021
MOZAMBIQUE,Afrique orientale et du Sud,import,2018,10328,182392,2021
MOZAMBIQUE,Afrique orientale et du Sud,import,2019,8185,155251,2021
MOZAMBIQUE,Afrique orientale et du Sud,import,2020,3029,80796,2021
MOZAMBIQUE,Afrique orientale et du Sud,import,2021,4310,80189,2021
NAMIBIE,Afrique orientale et du Sud,import,2017,187,935,2021
NAMIBIE,Afrique orientale et du Sud,import,2018,19,15,2021
NAMIBIE,Afrique orientale et du Sud,import,2019,12,28,2021
NAMIBIE,Afrique orientale et du Sud,import,2020,,,2021
NAMIBIE,Afrique orientale et du Sud,import,2021,,,2021
OUGANDA,Afrique orientale et du Sud,import,2017,20,48,2021
OUGANDA,Afrique orientale et du Sud,import,2018,27,78,2021
OUGANDA,Afrique orientale et du Sud,import,2019,302,182,2021
OUGANDA,Afrique orientale et du Sud,import,2020,187,164,2021
OUGANDA,Afrique orientale et du Sud,import,2021,143,198,2021
REPUBLIQUE DE SOMALIE,Afrique orientale et du Sud,import,2017,4,25,2021
REPUBLIQUE DE SOMALIE,Afrique orientale et du Sud,import,2018,130,247,2021
REPUBLIQUE DE SOMALIE,Afrique orientale et du Sud,import,2019,793,1004,2021
REPUBLIQUE DE SOMALIE,Afrique orientale et du Sud,import,2020,1764,1542,2021
REPUBLIQUE DE SOMALIE,Afrique orientale et du Sud,import,2021,2105,2318,2021
REUNION,Afrique orientale et du Sud,import,2017,5,1,2021
REUNION,Afrique orientale et du Sud,import,2018,52,81,2021
REUNION,Afrique orientale et du Sud,import,2019,4,17,2021
REUNION,Afrique orientale et du Sud,import,2020,70,48,2021
REUNION,Afrique orientale et du Sud,import,2021,81,58,2021
SEYCHELLES,Afrique orientale et du Sud,import,2017,28,17,2021
SEYCHELLES,Afrique orientale et du Sud,import,2018,61,111,2021
SEYCHELLES,Afrique orientale et du Sud,import,2019,13,1,2021
SEYCHELLES,Afrique orientale et du Sud,import,2020,,,2021
SEYCHELLES,Afrique orientale et du Sud,import,2021,237,13,2021
SWAZILAND,Afrique orientale et du Sud,import,2017,1,0,2021
SWAZILAND,Afrique orientale et du Sud,import,2018,315,357,2021
SWAZILAND,Afrique orientale et du Sud,import,2019,439,69,2021
SWAZILAND,Afrique orientale et du Sud,import,2020,24,21,2021
SWAZILAND,Afrique orientale et du Sud,import,2021,106,67,2021
TANZANIE,Afrique orientale et du Sud,import,2017,594,185,2021
TANZANIE,Afrique orientale et du Sud,import,2018,314,187,2021
TANZANIE,Afrique orientale et du Sud,import,2019,79,63,2021
TANZANIE,Afrique orientale et du Sud,import,2020,118,175,2021
TANZANIE,Afrique orientale et du Sud,import,2021,167,155,2021
ZAMBIE,Afrique orientale et du Sud,import,2017,30,1,2021
ZAMBIE,Afrique orientale et du Sud,import,2018,1,0,2021
ZAMBIE,Afrique orientale et du Sud,import,2019,19,0,2021
ZAMBIE,Afrique orientale et du Sud,import,2020,48,55,2021
ZAMBIE,Afrique orientale et du Sud,import,2021,,,2021
ZIMBABWE,Afrique orientale et du Sud,import,2017,14,1,2021
ZIMBABWE,Afrique orientale et du Sud,import,2018,4,1,2021
ZIMBABWE,Afrique orientale et du Sud,import,2019,,,2021
ZIMBABWE,Afrique orientale et du Sud,import,2020,,,2021
ZIMBABWE,Afrique orientale et du Sud,import,2021,,,2021
CANADA,Amérique du Nord,import,2017,14623,30584,2021
CANADA,Amérique du Nord,import,2018,17811,40495,2021
CANADA,Amérique du Nord,import,2019,21203,43482,2021
CANADA,Amérique du Nord,import,2020,23312,40469,2021
CANADA,Amérique du Nord,import,2021,27818,42202,2021
ETATS UNIS D'AMERIQUE,Amérique du Nord,import,2017,81443,191960,2021
ETATS UNIS D'AMERIQUE,Amérique du Nord,import,2018,112052,287694,2021
ETATS UNIS D'AMERIQUE,Amérique du Nord,import,2019,93605,121812,2021
ETATS UNIS D'AMERIQUE,Amérique du Nord,import,2020,117554,227337,2021
ETATS UNIS D'AMERIQUE,Amérique du Nord,import,2021,150365,225576,2021
GROENLAND,Amérique du Nord,import,2017,,,2021
GROENLAND,Amérique du Nord,import,2018,37,150,2021
GROENLAND,Amérique du Nord,import,2019,,,2021
GROENLAND,Amérique du Nord,import,2020,,,2021
GROENLAND,Amérique du Nord,import,2021,,,2021
ANTIGUA-BARBUDA,Amérique centrale et du Sud,import,2017,1816,9117,2021
ANTIGUA-BARBUDA,Amérique centrale et du Sud,import,2018,109,565,2021
ANTIGUA-BARBUDA,Amérique centrale et du Sud,import,2019,3252,15468,2021
ANTIGUA-BARBUDA,Amérique centrale et du Sud,import,2020,1532,5946,2021
ANTIGUA-BARBUDA,Amérique centrale et du Sud,import,2021,2187,5923,2021
ARGENTINE,Amérique centrale et du Sud,import,2017,54314,375695,2021
ARGENTINE,Amérique centrale et du Sud,import,2018,66126,467171,2021
ARGENTINE,Amérique centrale et du Sud,import,2019,60034,432636,2021
ARGENTINE,Amérique centrale et du Sud,import,2020,57466,385136,2021
ARGENTINE,Amérique centrale et du Sud,import,2021,102790,542237,2021
BOLIVIE,Amérique centrale et du Sud,import,2017,,,2021
BOLIVIE,Amérique centrale et du Sud,import,2018,,,2021
BOLIVIE,Amérique centrale et du Sud,import,2019,,,2021
BOLIVIE,Amérique centrale et du Sud,import,2020,265,1005,2021
BOLIVIE,Amérique centrale et du Sud,import,2021,,,2021
BRESIL,Amérique centrale et du Sud,import,2017,78839,269139,2021
BRESIL,Amérique centrale et du Sud,import,2018,62045,235627,2021
BRESIL,Amérique centrale et du Sud,import,2019,72226,205358,2021
BRESIL,Amérique centrale et du Sud,import,2020,98360,384993,2021
BRESIL,Amérique centrale et du Sud,import,2021,88817,243319,2021
CHILI,Amérique centrale et du Sud,import,2017,425,1516,2021
CHILI,Amérique centrale et du Sud,import,2018,190,247,2021
CHILI,Amérique centrale et du Sud,import,2019,543,972,2021
CHILI,Amérique centrale et du Sud,import,2020,431,594,2021
CHILI,Amérique centrale et du Sud,import,2021,398,503,2021
COLOMBIE,Amérique centrale et du Sud,import,2017,2105,387,2021
COLOMBIE,Amérique centrale et du Sud,import,2018,1439,238,2021
COLOMBIE,Amérique centrale et du Sud,import,2019,1646,339,2021
COLOMBIE,Amérique centrale et du Sud,import,2020,2287,5352,2021
COLOMBIE,Amérique centrale et du Sud,import,2021,3457,531,2021
COSTA RICA,Amérique centrale et du Sud,import,2017,243,192,2021
COSTA RICA,Amérique centrale et du Sud,import,2018,563,820,2021
COSTA RICA,Amérique centrale et du Sud,import,2019,1015,1378,2021
COSTA RICA,Amérique centrale et du Sud,import,2020,229,498,2021
COSTA RICA,Amérique centrale et du Sud,import,2021,249,217,2021
CUBA,Amérique centrale et du Sud,import,2017,95,18,2021
CUBA,Amérique centrale et du Sud,import,2018,650,3228,2021
CUBA,Amérique centrale et du Sud,import,2019,1139,5401,2021
CUBA,Amérique centrale et du Sud,import,2020,23,0,2021
CUBA,Amérique centrale et du Sud,import,2021,80,1,2021
EQUATEUR,Amérique centrale et du Sud,import,2017,292,17,2021
EQUATEUR,Amérique centrale et du Sud,import,2018,14,12,2021
EQUATEUR,Amérique centrale et du Sud,import,2019,184,1070,2021
EQUATEUR,Amérique centrale et du Sud,import,2020,61,103,2021
EQUATEUR,Amérique centrale et du Sud,import,2021,,,2021
GUADELOUPE,Amérique centrale et du Sud,import,2017,65,2,2021
GUADELOUPE,Amérique centrale et du Sud,import,2018,1,0,2021
GUADELOUPE,Amérique centrale et du Sud,import,2019,,,2021
GUADELOUPE,Amérique centrale et du Sud,import,2020,7,20,2021
GUADELOUPE,Amérique centrale et du Sud,import,2021,1,0,2021
GUATEMALA,Amérique centrale et du Sud,import,2017,11178,35182,2021
GUATEMALA,Amérique centrale et du Sud,import,2018,575,2342,2021
GUATEMALA,Amérique centrale et du Sud,import,2019,1869,5129,2021
GUATEMALA,Amérique centrale et du Sud,import,2020,3382,10230,2021
GUATEMALA,Amérique centrale et du Sud,import,2021,4,0,2021
GUYANA,Amérique centrale et du Sud,import,2017,2,28,2021
GUYANA,Amérique centrale et du Sud,import,2018,19,1,2021
GUYANA,Amérique centrale et du Sud,import,2019,,,2021
GUYANA,Amérique centrale et du Sud,import,2020,,,2021
GUYANA,Amérique centrale et du Sud,import,2021,0,0,2021
GUYANE FRANCAISE,Amérique centrale et du Sud,import,2017,8,45,2021
GUYANE FRANCAISE,Amérique centrale et du Sud,import,2018,,,2021
GUYANE FRANCAISE,Amérique centrale et du Sud,import,2019,,,2021
GUYANE FRANCAISE,Amérique centrale et du Sud,import,2020,,,2021
GUYANE FRANCAISE,Amérique centrale et du Sud,import,2021,21,36,2021
HAITI,Amérique centrale et du Sud,import,2017,,,2021
HAITI,Amérique centrale et du Sud,import,2018,,,2021
HAITI,Amérique centrale et du Sud,import,2019,19,44,2021
HAITI,Amérique centrale et du Sud,import,2020,12,27,2021
HAITI,Amérique centrale et du Sud,import,2021,17,51,2021
HONDURAS,Amérique centrale et du Sud,import,2017,68,36,2021
HONDURAS,Amérique centrale et du Sud,import,2018,13,14,2021
HONDURAS,Amérique centrale et du Sud,import,2019,8,18,2021
HONDURAS,Amérique centrale et du Sud,import,2020,19,32,2021
HONDURAS,Amérique centrale et du Sud,import,2021,25,94,2021
HONDURAS BRITANIQUE,Amérique centrale et du Sud,import,2017,7,14,2021
HONDURAS BRITANIQUE,Amérique centrale et du Sud,import,2018,109,235,2021
HONDURAS BRITANIQUE,Amérique centrale et du Sud,import,2019,263,152,2021
HONDURAS BRITANIQUE,Amérique centrale et du Sud,import,2020,39,191,2021
HONDURAS BRITANIQUE,Amérique centrale et du Sud,import,2021,461,1287,2021
ILES BERMUDES,Amérique centrale et du Sud,import,2017,,,2021
ILES BERMUDES,Amérique centrale et du Sud,import,2018,0,0,2021
ILES BERMUDES,Amérique centrale et du Sud,import,2019,,,2021
ILES BERMUDES,Amérique centrale et du Sud,import,2020,,,2021
ILES BERMUDES,Amérique centrale et du Sud,import,2021,,,2021
ILES BRAHAMAS,Amérique centrale et du Sud,import,2017,55,553,2021
ILES BRAHAMAS,Amérique centrale et du Sud,import,2018,24,126,2021
ILES BRAHAMAS,Amérique centrale et du Sud,import,2019,139,180,2021
ILES BRAHAMAS,Amérique centrale et du Sud,import,2020,2044,276,2021
ILES BRAHAMAS,Amérique centrale et du Sud,import,2021,1,2,2021
ILES CALQUES,Amérique centrale et du Sud,import,2017,11,9,2021
ILES CALQUES,Amérique centrale et du Sud,import,2018,12,21,2021
ILES CALQUES,Amérique centrale et du Sud,import,2019,41,44,2021
ILES CALQUES,Amérique centrale et du Sud,import,2020,7,4,2021
ILES CALQUES,Amérique centrale et du Sud,import,2021,32,18,2021
ILES FALKLAND,Amérique centrale et du Sud,import,2017,,,2021
ILES FALKLAND,Amérique centrale et du Sud,import,2018,,,2021
ILES FALKLAND,Amérique centrale et du Sud,import,2019,15,77,2021
ILES FALKLAND,Amérique centrale et du Sud,import,2020,,,2021
ILES FALKLAND,Amérique centrale et du Sud,import,2021,922,435,2021
ILES VIERGES DES USA,Amérique centrale et du Sud,import,2017,1554,7245,2021
ILES VIERGES DES USA,Amérique centrale et du Sud,import,2018,103,260,2021
ILES VIERGES DES USA,Amérique centrale et du Sud,import,2019,751,1766,2021
ILES VIERGES DES USA,Amérique centrale et du Sud,import,2020,4032,15451,2021
ILES VIERGES DES USA,Amérique centrale et du Sud,import,2021,1927,6716,2021
JAMAIQUE,Amérique centrale et du Sud,import,2017,2,0,2021
JAMAIQUE,Amérique centrale et du Sud,import,2018,0,0,2021
JAMAIQUE,Amérique centrale et du Sud,import,2019,,,2021
JAMAIQUE,Amérique centrale et du Sud,import,2020,,,2021
JAMAIQUE,Amérique centrale et du Sud,import,2021,,,2021
MARTINIQUE,Amérique centrale et du Sud,import,2017,8,9,2021
MARTINIQUE,Amérique centrale et du Sud,import,2018,,,2021
MARTINIQUE,Amérique centrale et du Sud,import,2019,,,2021
MARTINIQUE,Amérique centrale et du Sud,import,2020,,,2021
MARTINIQUE,Amérique centrale et du Sud,import,2021,,,2021
MEXIQUE,Amérique centrale et du Sud,import,2017,1293,490,2021
MEXIQUE,Amérique centrale et du Sud,import,2018,1723,547,2021
MEXIQUE,Amérique centrale et du Sud,import,2019,2610,753,2021
MEXIQUE,Amérique centrale et du Sud,import,2020,2892,913,2021
MEXIQUE,Amérique centrale et du Sud,import,2021,3141,1265,2021
NICARAGUA,Amérique centrale et du Sud,import,2017,7995,21656,2021
NICARAGUA,Amérique centrale et du Sud,import,2018,5,1,2021
NICARAGUA,Amérique centrale et du Sud,import,2019,1,0,2021
NICARAGUA,Amérique centrale et du Sud,import,2020,16,0,2021
NICARAGUA,Amérique centrale et du Sud,import,2021,114,425,2021
PANAMA,Amérique centrale et du Sud,import,2017,878,2908,2021
PANAMA,Amérique centrale et du Sud,import,2018,40,73,2021
PANAMA,Amérique centrale et du Sud,import,2019,95,330,2021
PANAMA,Amérique centrale et du Sud,import,2020,922,43,2021
PANAMA,Amérique centrale et du Sud,import,2021,219,383,2021
PARAGUAY,Amérique centrale et du Sud,import,2017,5661,51464,2021
PARAGUAY,Amérique centrale et du Sud,import,2018,280,2342,2021
PARAGUAY,Amérique centrale et du Sud,import,2019,2270,12079,2021
PARAGUAY,Amérique centrale et du Sud,import,2020,1606,6533,2021
PARAGUAY,Amérique centrale et du Sud,import,2021,5780,32787,2021
PEROU,Amérique centrale et du Sud,import,2017,202,36,2021
PEROU,Amérique centrale et du Sud,import,2018,260,75,2021
PEROU,Amérique centrale et du Sud,import,2019,319,588,2021
PEROU,Amérique centrale et du Sud,import,2020,184,147,2021
PEROU,Amérique centrale et du Sud,import,2021,79,119,2021
SAINT DOMINGUE,Amérique centrale et du Sud,import,2017,566,632,2021
SAINT DOMINGUE,Amérique centrale et du Sud,import,2018,171,48,2021
SAINT DOMINGUE,Amérique centrale et du Sud,import,2019,3499,1432,2021
SAINT DOMINGUE,Amérique centrale et du Sud,import,2020,1507,233,2021
SAINT DOMINGUE,Amérique centrale et du Sud,import,2021,86,7,2021
SALVADOR,Amérique centrale et du Sud,import,2017,,,2021
SALVADOR,Amérique centrale et du Sud,import,2018,2,2,2021
SALVADOR,Amérique centrale et du Sud,import,2019,3,2,2021
SALVADOR,Amérique centrale et du Sud,import,2020,,,2021
SALVADOR,Amérique centrale et du Sud,import,2021,,,2021
ST VINCENT-ILES GRENADINES,Amérique centrale et du Sud,import,2017,47,127,2021
ST VINCENT-ILES GRENADINES,Amérique centrale et du Sud,import,2018,,,2021
ST VINCENT-ILES GRENADINES,Amérique centrale et du Sud,import,2019,,,2021
ST VINCENT-ILES GRENADINES,Amérique centrale et du Sud,import,2020,,,2021
ST VINCENT-ILES GRENADINES,Amérique centrale et du Sud,import,2021,,,2021
SURINAM,Amérique centrale et du Sud,import,2017,147,32,2021
SURINAM,Amérique centrale et du Sud,import,2018,89,120,2021
SURINAM,Amérique centrale et du Sud,import,2019,43,19,2021
SURINAM,Amérique centrale et du Sud,import,2020,6,15,2021
SURINAM,Amérique centrale et du Sud,import,2021,26,4,2021
TRINIDAD ET TOBAGO,Amérique centrale et du Sud,import,2017,3996,9330,2021
TRINIDAD ET TOBAGO,Amérique centrale et du Sud,import,2018,7779,19613,2021
TRINIDAD ET TOBAGO,Amérique centrale et du Sud,import,2019,3551,9000,2021
TRINIDAD ET TOBAGO,Amérique centrale et du Sud,import,2020,3255,12084,2021
TRINIDAD ET TOBAGO,Amérique centrale et du Sud,import,2021,2761,10293,2021
URUGUAY,Amérique centrale et du Sud,import,2017,4340,19472,2021
URUGUAY,Amérique centrale et du Sud,import,2018,4041,19542,2021
URUGUAY,Amérique centrale et du Sud,import,2019,12276,128557,2021
URUGUAY,Amérique centrale et du Sud,import,2020,7251,31749,2021
URUGUAY,Amérique centrale et du Sud,import,2021,6473,24353,2021
VENEZUELA,Amérique centrale et du Sud,import,2017,2761,43183,2021
VENEZUELA,Amérique centrale et du Sud,import,2018,13,14,2021
VENEZUELA,Amérique centrale et du Sud,import,2019,306,49,2021
VENEZUELA,Amérique centrale et du Sud,import,2020,98,18,2021
VENEZUELA,Amérique centrale et du Sud,import,2021,1329,61,2021
ARABIE SEOUDITE,Asie occidentale,import,2017,16712,47906,2021
ARABIE SEOUDITE,Asie occidentale,import,2018,17960,23463,2021
ARABIE SEOUDITE,Asie occidentale,import,2019,14530,20548,2021
ARABIE SEOUDITE,Asie occidentale,import,2020,14397,23849,2021
ARABIE SEOUDITE,Asie occidentale,import,2021,34446,142019,2021
BAHREIN,Asie occidentale,import,2017,2460,5883,2021
BAHREIN,Asie occidentale,import,2018,2398,4729,2021
BAHREIN,Asie occidentale,import,2019,2104,1547,2021
BAHREIN,Asie occidentale,import,2020,1405,1236,2021
BAHREIN,Asie occidentale,import,2021,1641,1040,2021
EMIRATS ARABES UNIS,Asie occidentale,import,2017,93140,331257,2021
EMIRATS ARABES UNIS,Asie occidentale,import,2018,63809,113537,2021
EMIRATS ARABES UNIS,Asie occidentale,import,2019,89181,229250,2021
EMIRATS ARABES UNIS,Asie occidentale,import,2020,125636,602311,2021
EMIRATS ARABES UNIS,Asie occidentale,import,2021,213597,954546,2021
IRAK,Asie occidentale,import,2017,,,2021
IRAK,Asie occidentale,import,2018,,,2021
IRAK,Asie occidentale,import,2019,32,90,2021
IRAK,Asie occidentale,import,2020,26,99,2021
IRAK,Asie occidentale,import,2021,84,546,2021
IRAN,Asie occidentale,import,2017,20530,22636,2021
IRAN,Asie occidentale,import,2018,9275,9760,2021
IRAN,Asie occidentale,import,2019,10861,12956,2021
IRAN,Asie occidentale,import,2020,10200,14175,2021
IRAN,Asie occidentale,import,2021,9813,9892,2021
ISRAEL,Asie occidentale,import,2017,3463,961,2021
ISRAEL,Asie occidentale,import,2018,978,323,2021
ISRAEL,Asie occidentale,import,2019,1199,375,2021
ISRAEL,Asie occidentale,import,2020,4856,638,2021
ISRAEL,Asie occidentale,import,2021,5820,8748,2021
JORDANIE,Asie occidentale,import,2017,533,672,2021
JORDANIE,Asie occidentale,import,2018,173,194,2021
JORDANIE,Asie occidentale,import,2019,304,414,2021
JORDANIE,Asie occidentale,import,2020,532,570,2021
JORDANIE,Asie occidentale,import,2021,568,390,2021
KOWEIT,Asie occidentale,import,2017,821,1324,2021
KOWEIT,Asie occidentale,import,2018,841,1615,2021
KOWEIT,Asie occidentale,import,2019,1050,2362,2021
KOWEIT,Asie occidentale,import,2020,744,1315,2021
KOWEIT,Asie occidentale,import,2021,8125,23442,2021
LIBAN,Asie occidentale,import,2017,5775,3622,2021
LIBAN,Asie occidentale,import,2018,5347,2566,2021
LIBAN,Asie occidentale,import,2019,3178,2601,2021
LIBAN,Asie occidentale,import,2020,6047,46170,2021
LIBAN,Asie occidentale,import,2021,8621,4405,2021
OMAN,Asie occidentale,import,2017,542,1419,2021
OMAN,Asie occidentale,import,2018,981,2801,2021
OMAN,Asie occidentale,import,2019,1955,3657,2021
OMAN,Asie occidentale,import,2020,2297,4471,2021
OMAN,Asie occidentale,import,2021,3092,43175,2021
QATAR,Asie occidentale,import,2017,2139,2763,2021
QATAR,Asie occidentale,import,2018,3237,4351,2021
QATAR,Asie occidentale,import,2019,4608,7124,2021
QATAR,Asie occidentale,import,2020,6476,9753,2021
QATAR,Asie occidentale,import,2021,7242,8594,2021
SYRIE,Asie occidentale,import,2017,15,42,2021
SYRIE,Asie occidentale,import,2018,53,24,2021
SYRIE,Asie occidentale,import,2019,13,36,2021
SYRIE,Asie occidentale,import,2020,24,95,2021
SYRIE,Asie occidentale,import,2021,15,115,2021
YEMEN,Asie occidentale,import,2017,,,2021
YEMEN,Asie occidentale,import,2018,,,2021
YEMEN,Asie occidentale,import,2019,,,2021
YEMEN,Asie occidentale,import,2020,8,23,2021
YEMEN,Asie occidentale,import,2021,53,21,2021
AFGANISTAN,Autres pays d'Asie,import,2017,121,56,2021
AFGANISTAN,Autres pays d'Asie,import,2018,121,51,2021
AFGANISTAN,Autres pays d'Asie,import,2019,401,204,2021
AFGANISTAN,Autres pays d'Asie,import,2020,272,741,2021
AFGANISTAN,Autres pays d'Asie,import,2021,890,634,2021
BENGLADESH,Autres pays d'Asie,import,2017,8,5,2021
BENGLADESH,Autres pays d'Asie,import,2018,19,82,2021
BENGLADESH,Autres pays d'Asie,import,2019,98,123,2021
BENGLADESH,Autres pays d'Asie,import,2020,68,22,2021
BENGLADESH,Autres pays d'Asie,import,2021,281,109,2021
BHOUTAN,Autres pays d'Asie,import,2017,,,2021
BHOUTAN,Autres pays d'Asie,import,2018,,,2021
BHOUTAN,Autres pays d'Asie,import,2019,2,2,2021
BHOUTAN,Autres pays d'Asie,import,2020,,,2021
BHOUTAN,Autres pays d'Asie,import,2021,,,2021
BRUNEI,Autres pays d'Asie,import,2017,24,34,2021
BRUNEI,Autres pays d'Asie,import,2018,17,4,2021
BRUNEI,Autres pays d'Asie,import,2019,64,27,2021
BRUNEI,Autres pays d'Asie,import,2020,10,13,2021
BRUNEI,Autres pays d'Asie,import,2021,12,26,2021
CAMBODGE,Autres pays d'Asie,import,2017,402,728,2021
CAMBODGE,Autres pays d'Asie,import,2018,84,26,2021
CAMBODGE,Autres pays d'Asie,import,2019,401,597,2021
CAMBODGE,Autres pays d'Asie,import,2020,555,1033,2021
CAMBODGE,Autres pays d'Asie,import,2021,469,288,2021
COREE DU NORD,Autres pays d'Asie,import,2017,102,154,2021
COREE DU NORD,Autres pays d'Asie,import,2018,261,183,2021
COREE DU NORD,Autres pays d'Asie,import,2019,385,226,2021
COREE DU NORD,Autres pays d'Asie,import,2020,396,352,2021
COREE DU NORD,Autres pays d'Asie,import,2021,22965,62675,2021
COREE DU SUD,Autres pays d'Asie,import,2017,32222,23241,2021
COREE DU SUD,Autres pays d'Asie,import,2018,37359,26371,2021
COREE DU SUD,Autres pays d'Asie,import,2019,28867,22164,2021
COREE DU SUD,Autres pays d'Asie,import,2020,36693,40881,2021
COREE DU SUD,Autres pays d'Asie,import,2021,47753,45516,2021
HONG-KONG,Autres pays d'Asie,import,2017,11188,3299,2021
HONG-KONG,Autres pays d'Asie,import,2018,13634,7443,2021
HONG-KONG,Autres pays d'Asie,import,2019,17745,8146,2021
HONG-KONG,Autres pays d'Asie,import,2020,16397,1885,2021
HONG-KONG,Autres pays d'Asie,import,2021,18638,2086,2021
INDE,Autres pays d'Asie,import,2017,285262,770310,2021
INDE,Autres pays d'Asie,import,2018,288811,908312,2021
INDE,Autres pays d'Asie,import,2019,162280,404276,2021
INDE,Autres pays d'Asie,import,2020,192429,573870,2021
INDE,Autres pays d'Asie,import,2021,383729,1223945,2021
INDONESIE,Autres pays d'Asie,import,2017,13812,31117,2021
INDONESIE,Autres pays d'Asie,import,2018,11549,23529,2021
INDONESIE,Autres pays d'Asie,import,2019,18544,39234,2021
INDONESIE,Autres pays d'Asie,import,2020,18159,30363,2021
INDONESIE,Autres pays d'Asie,import,2021,17404,33051,2021
JAPON,Autres pays d'Asie,import,2017,70193,17448,2021
JAPON,Autres pays d'Asie,import,2018,79273,30655,2021
JAPON,Autres pays d'Asie,import,2019,82179,26168,2021
JAPON,Autres pays d'Asie,import,2020,62937,20261,2021
JAPON,Autres pays d'Asie,import,2021,91646,29109,2021
LAOS,Autres pays d'Asie,import,2017,8,3,2021
LAOS,Autres pays d'Asie,import,2018,1,0,2021
LAOS,Autres pays d'Asie,import,2019,,,2021
LAOS,Autres pays d'Asie,import,2020,,,2021
LAOS,Autres pays d'Asie,import,2021,3,2,2021
MACAO,Autres pays d'Asie,import,2017,3,0,2021
MACAO,Autres pays d'Asie,import,2018,33,82,2021
MACAO,Autres pays d'Asie,import,2019,258,287,2021
MACAO,Autres pays d'Asie,import,2020,32,15,2021
MACAO,Autres pays d'Asie,import,2021,51,49,2021
MALAISIE,Autres pays d'Asie,import,2017,33603,81168,2021
MALAISIE,Autres pays d'Asie,import,2018,40502,94490,2021
MALAISIE,Autres pays d'Asie,import,2019,39286,71189,2021
MALAISIE,Autres pays d'Asie,import,2020,47860,137430,2021
MALAISIE,Autres pays d'Asie,import,2021,90391,155110,2021
MALDIVES,Autres pays d'Asie,import,2017,,,2021
MALDIVES,Autres pays d'Asie,import,2018,36,55,2021
MALDIVES,Autres pays d'Asie,import,2019,,,2021
MALDIVES,Autres pays d'Asie,import,2020,,,2021
MALDIVES,Autres pays d'Asie,import,2021,1,0,2021
MONGOLIE,Autres pays d'Asie,import,2017,274,176,2021
MONGOLIE,Autres pays d'Asie,import,2018,,,2021
MONGOLIE,Autres pays d'Asie,import,2019,1,2,2021
MONGOLIE,Autres pays d'Asie,import,2020,233,1003,2021
MONGOLIE,Autres pays d'Asie,import,2021,,,2021
NEPAL,Autres pays d'Asie,import,2017,,,2021
NEPAL,Autres pays d'Asie,import,2018,2,3,2021
NEPAL,Autres pays d'Asie,import,2019,13,1,2021
NEPAL,Autres pays d'Asie,import,2020,,,2021
NEPAL,Autres pays d'Asie,import,2021,,,2021
PAKISTAN,Autres pays d'Asie,import,2017,4885,19507,2021
PAKISTAN,Autres pays d'Asie,import,2018,19879,89513,2021
PAKISTAN,Autres pays d'Asie,import,2019,30392,136902,2021
PAKISTAN,Autres pays d'Asie,import,2020,27583,127484,2021
PAKISTAN,Autres pays d'Asie,import,2021,12809,44274,2021
PHILIPPINE,Autres pays d'Asie,import,2017,572,57,2021
PHILIPPINE,Autres pays d'Asie,import,2018,311,69,2021
PHILIPPINE,Autres pays d'Asie,import,2019,169,14,2021
PHILIPPINE,Autres pays d'Asie,import,2020,136,26,2021
PHILIPPINE,Autres pays d'Asie,import,2021,311,147,2021
REPUBLIQUE POPULAIRE DE CHINE,Autres pays d'Asie,import,2017,380181,631127,2021
REPUBLIQUE POPULAIRE DE CHINE,Autres pays d'Asie,import,2018,498349,739054,2021
REPUBLIQUE POPULAIRE DE CHINE,Autres pays d'Asie,import,2019,510372,797609,2021
REPUBLIQUE POPULAIRE DE CHINE,Autres pays d'Asie,import,2020,413905,733405,2021
REPUBLIQUE POPULAIRE DE CHINE,Autres pays d'Asie,import,2021,520384,840898,2021
SINGAPOUR,Autres pays d'Asie,import,2017,42915,128263,2021
SINGAPOUR,Autres pays d'Asie,import,2018,86069,231264,2021
SINGAPOUR,Autres pays d'Asie,import,2019,85546,234252,2021
SINGAPOUR,Autres pays d'Asie,import,2020,11105,35598,2021
SINGAPOUR,Autres pays d'Asie,import,2021,24008,29025,2021
SRI-LANKA,Autres pays d'Asie,import,2017,44,40,2021
SRI-LANKA,Autres pays d'Asie,import,2018,59,162,2021
SRI-LANKA,Autres pays d'Asie,import,2019,108,173,2021
SRI-LANKA,Autres pays d'Asie,import,2020,105,137,2021
SRI-LANKA,Autres pays d'Asie,import,2021,209,268,2021
TAIWAN,Autres pays d'Asie,import,2017,2115,1173,2021
TAIWAN,Autres pays d'Asie,import,2018,7128,1671,2021
TAIWAN,Autres pays d'Asie,import,2019,2401,1559,2021
TAIWAN,Autres pays d'Asie,import,2020,1379,1242,2021
TAIWAN,Autres pays d'Asie,import,2021,2618,1496,2021
THAILANDE,Autres pays d'Asie,import,2017,83404,296677,2021
THAILANDE,Autres pays d'Asie,import,2018,67993,238771,2021
THAILANDE,Autres pays d'Asie,import,2019,68887,224238,2021
THAILANDE,Autres pays d'Asie,import,2020,42735,114810,2021
THAILANDE,Autres pays d'Asie,import,2021,46714,123554,2021
TIMOR PORTUGAIS,Autres pays d'Asie,import,2017,8,16,2021
TIMOR PORTUGAIS,Autres pays d'Asie,import,2018,16,9,2021
TIMOR PORTUGAIS,Autres pays d'Asie,import,2019,75,159,2021
TIMOR PORTUGAIS,Autres pays d'Asie,import,2020,140,287,2021
TIMOR PORTUGAIS,Autres pays d'Asie,import,2021,163,154,2021
UNION BIRMANE,Autres pays d'Asie,import,2017,1887,9525,2021
UNION BIRMANE,Autres pays d'Asie,import,2018,801,3992,2021
UNION BIRMANE,Autres pays d'Asie,import,2019,1817,8524,2021
UNION BIRMANE,Autres pays d'Asie,import,2020,12462,56566,2021
UNION BIRMANE,Autres pays d'Asie,import,2021,41,576,2021
VIETNAM,Autres pays d'Asie,import,2017,4963,15426,2021
VIETNAM,Autres pays d'Asie,import,2018,3370,3818,2021
VIETNAM,Autres pays d'Asie,import,2019,15773,53800,2021
VIETNAM,Autres pays d'Asie,import,2020,25471,88244,2021
VIETNAM,Autres pays d'Asie,import,2021,6938,6822,2021
AUSTRALIE,Océanie,import,2017,26244,6466,2021
AUSTRALIE,Océanie,import,2018,5803,1756,2021
AUSTRALIE,Océanie,import,2019,5929,1449,2021
AUSTRALIE,Océanie,import,2020,7474,2026,2021
AUSTRALIE,Océanie,import,2021,16347,11797,2021
ILES PACIFIQUES US,Océanie,import,2017,,,2021
ILES PACIFIQUES US,Océanie,import,2018,,,2021
ILES PACIFIQUES US,Océanie,import,2019,52,206,2021
ILES PACIFIQUES US,Océanie,import,2020,,,2021
ILES PACIFIQUES US,Océanie,import,2021,,,2021
NAURU,Océanie,import,2017,61,34,2021
NAURU,Océanie,import,2018,0,0,2021
NAURU,Océanie,import,2019,4,0,2021
NAURU,Océanie,import,2020,35,7,2021
NAURU,Océanie,import,2021,1,0,2021
NOUVELLE GUINEE ET PAPOUASIE,Océanie,import,2017,13,38,2021
NOUVELLE GUINEE ET PAPOUASIE,Océanie,import,2018,112,238,2021
NOUVELLE GUINEE ET PAPOUASIE,Océanie,import,2019,35,31,2021
NOUVELLE GUINEE ET PAPOUASIE,Océanie,import,2020,18,82,2021
NOUVELLE GUINEE ET PAPOUASIE,Océanie,import,2021,34,71,2021
NOUVELLE ZELANDE,Océanie,import,2017,3848,2152,2021
NOUVELLE ZELANDE,Océanie,import,2018,6225,3775,2021
NOUVELLE ZELANDE,Océanie,import,2019,3110,1996,2021
NOUVELLE ZELANDE,Océanie,import,2020,650,350,2021
NOUVELLE ZELANDE,Océanie,import,2021,793,215,2021
SAMOA OCCIDENTAL,Océanie,import,2017,,,2021
SAMOA OCCIDENTAL,Océanie,import,2018,,,2021
SAMOA OCCIDENTAL,Océanie,import,2019,,,2021
SAMOA OCCIDENTAL,Océanie,import,2020,11040,1211,2021
SAMOA OCCIDENTAL,Océanie,import,2021,311,474,2021
TONGA,Océanie,import,2017,,,2021
TONGA,Océanie,import,2018,,,2021
TONGA,Océanie,import,2019,9,8,2021
TONGA,Océanie,import,2020,2,26,2021
TONGA,Océanie,import,2021,,,2021
DIVERS NON DETERMINES AILLEURS,Divers,import,2017,5366,11022,2021
DIVERS NON DETERMINES AILLEURS,Divers,import,2018,7310,13786,2021
DIVERS NON DETERMINES AILLEURS,Divers,import,2019,15225,74295,2021
DIVERS NON DETERMINES AILLEURS,Divers,import,2020,9537,40344,2021
DIVERS NON DETERMINES AILLEURS,Divers,import,2021,20371,71942,2021
ORIGINES MELANGEES (PP),Divers,import,2017,476,1615,2021
ORIGINES MELANGEES (PP),Divers,import,2018,386,13,2021
ORIGINES MELANGEES (PP),Divers,import,2019,166,83,2021
ORIGINES MELANGEES (PP),Divers,import,2020,15,1,2021
ORIGINES MELANGEES (PP),Divers,import,2021,975,77,2021
PROVISIONS DE BORD E,Divers,import,2017,8,8,2021
PROVISIONS DE BORD E,Divers,import,2018,65,251,2021
PROVISIONS DE BORD E,Divers,import,2019,3,2,2021
PROVISIONS DE BORD E,Divers,import,2020,,,2021
PROVISIONS DE BORD E,Divers,import,2021,,,2021
PROVISIONS DE BORD F,Divers,import,2017,1,12,2021
PROVISIONS DE BORD F,Divers,import,2018,,,2021
PROVISIONS DE BORD F,Divers,import,2019,,,2021
PROVISIONS DE BORD F,Divers,import,2020,,,2021
PROVISIONS DE BORD F,Divers,import,2021,,,2021
