pays,region,sens,annee,valeur,poids,edition
ALLEMAGNE,Union européenne,export,2019,3354,3005,2023
ALLEMAGNE,Union européenne,export,2020,4226,2818,2023
ALLEMAGNE,Union européenne,export,2021,1978,1989,2023
ALLEMAGNE,Union européenne,export,2022,2143,2663,2023
ALLEMAGNE,Union européenne,export,2023,3204,2414,2023
AUTRICHE,Union européenne,export,2019,134,38,2023
AUTRICHE,Union européenne,export,2020,140,65,2023
AUTRICHE,Union européenne,export,2021,104,37,2023
AUTRICHE,Union européenne,export,2022,117,31,2023
AUTRICHE,Union européenne,export,2023,75,25,2023
BELGIQUE,Union européenne,export,2019,28287,105812,2023
BELGIQUE,Union européenne,export,2020,27888,35169,2023
BELGIQUE,Union européenne,export,2021,12055,30298,2023
BELGIQUE,Union européenne,export,2022,31490,57998,2023
BELGIQUE,Union européenne,export,2023,20809,137287,2023
BULGARIE,Union européenne,export,2019,520,772,2023
BULGARIE,Union européenne,export,2020,236,271,2023
BULGARIE,Union européenne,export,2021,418,254,2023
BULGARIE,Union européenne,export,2022,382,284,2023
BULGARIE,Union européenne,export,2023,308,143,2023
CHYPRE,Union européenne,export,2019,661,89,2023
CHYPRE,Union européenne,export,2020,153,19,2023
CHYPRE,Union européenne,export,2021,154,19,2023
CHYPRE,Union européenne,export,2022,2694,48,2023
CHYPRE,Union européenne,export,2023,753,134,2023
CROATIE,Union européenne,export,2019,29,21,2023
CROATIE,Union européenne,export,2020,,,2023
CROATIE,Union européenne,export,2021,21,7,2023
CROATIE,Union européenne,export,2022,38,19,2023
CROATIE,Union européenne,export,2023,17,12,2023
DANEMARK,Union européenne,export,2019,213,171,2023
DANEMARK,Union européenne,export,2020,1044,975,2023
DANEMARK,Union européenne,export,2021,206,105,2023
DANEMARK,Union européenne,export,2022,434,373,2023
DANEMARK,Union européenne,export,2023,993,1424,2023
ESPAGNE,Union européenne,export,2019,89184,118470,2023
ESPAGNE,Union européenne,export,2020,71743,91304,2023
ESPAGNE,Union européenne,export,2021,108600,157690,2023
ESPAGNE,Union européenne,export,2022,126676,108345,2023
ESPAGNE,Union européenne,export,2023,99469,90650,2023
FINLANDE,Union européenne,export,2019,2844,33005,2023
FINLANDE,Union européenne,export,2020,10,1,2023
FINLANDE,Union européenne,export,2021,12,11,2023
FINLANDE,Union européenne,export,2022,12,10,2023
FINLANDE,Union européenne,export,2023,60,7,2023
FRANCE,Union européenne,export,2019,51211,32832,2023
FRANCE,Union européenne,export,2020,44224,66772,2023
FRANCE,Union européenne,export,2021,49565,99683,2023
FRANCE,Union européenne,export,2022,47854,115236,2023
FRANCE,Union européenne,export,2023,51397,120329,2023
GRECE,Union européenne,export,2019,4598,738,2023
GRECE,Union européenne,export,2020,3969,913,2023
GRECE,Union européenne,export,2021,7832,1312,2023
GRECE,Union européenne,export,2022,13438,1164,2023
GRECE,Union européenne,export,2023,9942,1749,2023
HONGRIE,Union européenne,export,2019,89,110,2023
HONGRIE,Union européenne,export,2020,18,3,2023
HONGRIE,Union européenne,export,2021,8980,15,2023
HONGRIE,Union européenne,export,2022,1,1,2023
HONGRIE,Union européenne,export,2023,75,3,2023
IRLANDE,Union européenne,export,2019,20,200,2023
IRLANDE,Union européenne,export,2020,302,283,2023
IRLANDE,Union européenne,export,2021,,,2023
IRLANDE,Union européenne,export,2022,0,0,2023
IRLANDE,Union européenne,export,2023,22,5,2023
ITALIE,Union européenne,export,2019,59636,39958,2023
ITALIE,Union européenne,export,2020,31077,20761,2023
ITALIE,Union européenne,export,2021,60659,26905,2023
ITALIE,Union européenne,export,2022,62840,24519,2023
ITALIE,Union européenne,export,2023,44823,17589,2023
LUXEMBOURG,Union européenne,export,2019,,,2023
LUXEMBOURG,Union européenne,export,2020,,,2023
LUXEMBOURG,Union européenne,export,2021,,,2023
LUXEMBOURG,Union européenne,export,2022,,,2023
LUXEMBOURG,Union européenne,export,2023,125,20,2023
MALTE,Union européenne,export,2019,230,41,2023
MALTE,Union européenne,export,2020,99,57,2023
MALTE,Union européenne,export,2021,77,35,2023
MALTE,Union européenne,export,2022,80,77,2023
MALTE,Union européenne,export,2023,650,14,2023
PAYS BAS,Union européenne,export,2019,32145,79291,2023
PAYS BAS,Union européenne,export,2020,39549,133599,2023
PAYS BAS,Union européenne,export,2021,66199,209845,2023
PAYS BAS,Union européenne,export,2022,40907,72569,2023
PAYS BAS,Union européenne,export,2023,45221,182415,2023
POLOGNE,Union européenne,export,2019,5585,81669,2023
POLOGNE,Union européenne,export,2020,998,23707,2023
POLOGNE,Union européenne,export,2021,775,23841,2023
POLOGNE,Union européenne,export,2022,15864,166196,2023
POLOGNE,Union européenne,export,2023,5442,42561,2023
PORTUGAL,Union européenne,export,2019,5438,3690,2023
PORTUGAL,Union européenne,export,2020,2492,1419,2023
PORTUGAL,Union européenne,export,2021,4561,1706,2023
PORTUGAL,Union européenne,export,2022,8989,2729,2023
PORTUGAL,Union européenne,export,2023,10845,3650,2023
REPUBLIQUE D'ESTONIE,Union européenne,export,2019,3,2,2023
REPUBLIQUE D'ESTONIE,Union européenne,export,2020,,,2023
REPUBLIQUE D'ESTONIE,Union européenne,export,2021,,,2023
REPUBLIQUE D'ESTONIE,Union européenne,export,2022,,,2023
REPUBLIQUE D'ESTONIE,Union européenne,export,2023,,,2023
REPUBLIQUE DE LETTONIE,Union européenne,export,2019,,,2023
REPUBLIQUE DE LETTONIE,Union européenne,export,2020,22,63,2023
REPUBLIQUE DE LETTONIE,Union européenne,export,2021,,,2023
REPUBLIQUE DE LETTONIE,Union européenne,export,2022,8,0,2023
REPUBLIQUE DE LETTONIE,Union européenne,export,2023,,,2023
REPUBLIQUE DE LITUANIE,Union européenne,export,2019,,,2023
REPUBLIQUE DE LITUANIE,Union européenne,export,2020,57,85,2023
REPUBLIQUE DE LITUANIE,Union européenne,export,2021,85,180,2023
REPUBLIQUE DE LITUANIE,Union européenne,export,2022,197,146,2023
REPUBLIQUE DE LITUANIE,Union européenne,export,2023,2668,22152,2023
REPUBLIQUE DE SLOVAQUIE,Union européenne,export,2019,,,2023
REPUBLIQUE DE SLOVAQUIE,Union européenne,export,2020,129,51,2023
REPUBLIQUE DE SLOVAQUIE,Union européenne,export,2021,,,2023
REPUBLIQUE DE SLOVAQUIE,Union européenne,export,2022,7,1,2023
REPUBLIQUE DE SLOVAQUIE,Union européenne,export,2023,2,0,2023
REPUBLIQUE TCHEQUE,Union européenne,export,2019,4,1,2023
REPUBLIQUE TCHEQUE,Union européenne,export,2020,14,28,2023
REPUBLIQUE TCHEQUE,Union européenne,export,2021,9,2,2023
REPUBLIQUE TCHEQUE,Union européenne,export,2022,25,5,2023
REPUBLIQUE TCHEQUE,Union européenne,export,2023,13,1,2023
ROUMANIE,Union européenne,export,2019,16,2,2023
ROUMANIE,Union européenne,export,2020,3,2,2023
ROUMANIE,Union européenne,export,2021,32,41,2023
ROUMANIE,Union européenne,export,2022,105,95,2023
ROUMANIE,Union européenne,export,2023,53,130,2023
ROYAUME UNI,Union européenne,export,2019,36608,104815,2023
ROYAUME UNI,Union européenne,export,2020,36181,81428,2023
ROYAUME UNI,Union européenne,export,2021,40863,108991,2023
ROYAUME UNI,Union européenne,export,2022,45762,128514,2023
ROYAUME UNI,Union européenne,export,2023,58614,137071,2023
SLOVENIE,Union européenne,export,2019,23,25,2023
SLOVENIE,Union européenne,export,2020,21,0,2023
SLOVENIE,Union européenne,export,2021,,,2023
SLOVENIE,Union européenne,export,2022,39,57,2023
SLOVENIE,Union européenne,export,2023,34,22,2023
SUEDE,Union européenne,export,2019,3387,36348,2023
SUEDE,Union européenne,export,2020,45,35,2023
SUEDE,Union européenne,export,2021,4744,18,2023
SUEDE,Union européenne,export,2022,201,205,2023
SUEDE,Union européenne,export,2023,91,136,2023
ALBANIE,Autres pays d'Europe,export,2019,190,166,2023
ALBANIE,Autres pays d'Europe,export,2020,807,307,2023
ALBANIE,Autres pays d'Europe,export,2021,202,183,2023
ALBANIE,Autres pays d'Europe,export,2022,34,26,2023
ALBANIE,Autres pays d'Europe,export,2023,775,661,2023
ANDORRE,Autres pays d'Europe,export,2019,,,2023
ANDORRE,Autres pays d'Europe,export,2020,,,2023
ANDORRE,Autres pays d'Europe,export,2021,,,2023
ANDORRE,Autres pays d'Europe,export,2022,17,20,2023
ANDORRE,Autres pays d'Europe,export,2023,,,2023
ARMENIE,Autres pays d'Europe,export,2019,0,1,2023
ARMENIE,Autres pays d'Europe,export,2020,,,2023
ARMENIE,Autres pays d'Europe,export,2021,,,2023
ARMENIE,Autres pays d'Europe,export,2022,374,1955,2023
ARMENIE,Autres pays d'Europe,export,2023,3,1,2023
BOSNIE-HERZEGOVINE,Autres pays d'Europe,export,2019,,,2023
BOSNIE-HERZEGOVINE,Autres pays d'Europe,export,2020,,,2023
BOSNIE-HERZEGOVINE,Autres pays d'Europe,export,2021,,,2023
BOSNIE-HERZEGOVINE,Autres pays d'Europe,export,2022,,,2023
BOSNIE-HERZEGOVINE,Autres pays d'Europe,export,2023,24,22,2023
GIBRALTAR,Autres pays d'Europe,export,2019,,,2023
GIBRALTAR,Autres pays d'Europe,export,2020,23,27,2023
GIBRALTAR,Autres pays d'Europe,export,2021,,,2023
GIBRALTAR,Autres pays d'Europe,export,2022,,,2023
GIBRALTAR,Autres pays d'Europe,export,2023,,,2023
HELGOLAND,Autres pays d'Europe,export,2019,18,25,2023
HELGOLAND,Autres pays d'Europe,export,2020,2,3,2023
HELGOLAND,Autres pays d'Europe,export,2021,,,2023
HELGOLAND,Autres pays d'Europe,export,2022,15,0,2023
HELGOLAND,Autres pays d'Europe,export,2023,,,2023
ISLANDE,Autres pays d'Europe,export,2019,67,9,2023
ISLANDE,Autres pays d'Europe,export,2020,480,294,2023
ISLANDE,Autres pays d'Europe,export,2021,531,80,2023
ISLANDE,Autres pays d'Europe,export,2022,503,70,2023
ISLANDE,Autres pays d'Europe,export,2023,1980,286,2023
MONTENEGRO,Autres pays d'Europe,export,2019,869,979,2023
MONTENEGRO,Autres pays d'Europe,export,2020,,,2023
MONTENEGRO,Autres pays d'Europe,export,2021,42,108,2023
MONTENEGRO,Autres pays d'Europe,export,2022,383,310,2023
MONTENEGRO,Autres pays d'Europe,export,2023,179,52,2023
NORVEGE,Autres pays d'Europe,export,2019,11821,137104,2023
NORVEGE,Autres pays d'Europe,export,2020,31781,303586,2023
NORVEGE,Autres pays d'Europe,export,2021,42127,344141,2023
NORVEGE,Autres pays d'Europe,export,2022,61213,297922,2023
NORVEGE,Autres pays d'Europe,export,2023,31776,159008,2023
REPUBLIQUE D'AZERBADJAN,Autres pays d'Europe,export,2019,62,5,2023
REPUBLIQUE D'AZERBADJAN,Autres pays d'Europe,export,2020,24,41,2023
REPUBLIQUE D'AZERBADJAN,Autres pays d'Europe,export,2021,,,2023
REPUBLIQUE D'AZERBADJAN,Autres pays d'Europe,export,2022,46,4,2023
REPUBLIQUE D'AZERBADJAN,Autres pays d'Europe,export,2023,7,2,2023
REPUBLIQUE D'UKRAINE,Autres pays d'Europe,export,2019,512,2258,2023
REPUBLIQUE D'UKRAINE,Autres pays d'Europe,export,2020,1101,2565,2023
REPUBLIQUE D'UKRAINE,Autres pays d'Europe,export,2021,2784,6304,2023
REPUBLIQUE D'UKRAINE,Autres pays d'Europe,export,2022,3960,14219,2023
REPUBLIQUE D'UKRAINE,Autres pays d'Europe,export,2023,2013,6440,2023
REPUBLIQUE DE BIELORUSSIE,Autres pays d'Europe,export,2019,,,2023
REPUBLIQUE DE BIELORUSSIE,Autres pays d'Europe,export,2020,,,2023
REPUBLIQUE DE BIELORUSSIE,Autres pays d'Europe,export,2021,,,2023
REPUBLIQUE DE BIELORUSSIE,Autres pays d'Europe,export,2022,,,2023
REPUBLIQUE DE BIELORUSSIE,Autres pays d'Europe,export,2023,161,203,2023
REPUBLIQUE DE GEORGIE,Autres pays d'Europe,export,2019,184,245,2023
REPUBLIQUE DE GEORGIE,Autres pays d'Europe,export,2020,118,98,2023
REPUBLIQUE DE GEORGIE,Autres pays d'Europe,export,2021,262,116,2023
REPUBLIQUE DE GEORGIE,Autres pays d'Europe,export,2022,321,76,2023
REPUBLIQUE DE GEORGIE,Autres pays d'Europe,export,2023,185,61,2023
REPUBLIQUE DE KAZAKSTAN,Autres pays d'Europe,export,2019,,,2023
REPUBLIQUE DE KAZAKSTAN,Autres pays d'Europe,export,2020,,,2023
REPUBLIQUE DE KAZAKSTAN,Autres pays d'Europe,export,2021,0,0,2023
REPUBLIQUE DE KAZAKSTAN,Autres pays d'Europe,export,2022,,,2023
REPUBLIQUE DE KAZAKSTAN,Autres pays d'Europe,export,2023,5,2,2023
RUSSIE,Autres pays d'Europe,export,2019,3619,24236,2023
RUSSIE,Autres pays d'Europe,export,2020,78,260,2023
RUSSIE,Autres pays d'Europe,export,2021,269,616,2023
RUSSIE,Autres pays d'Europe,export,2022,1,0,2023
RUSSIE,Autres pays d'Europe,export,2023,16,19,2023
SUISSE,Autres pays d'Europe,export,2019,359241,99059,2023
SUISSE,Autres pays d'Europe,export,2020,279599,58075,2023
SUISSE,Autres pays d'Europe,export,2021,414789,164586,2023
SUISSE,Autres pays d'Europe,export,2022,414439,18684,2023
SUISSE,Autres pays d'Europe,export,2023,391549,87579,2023
TRIESTE,Autres pays d'Europe,export,2019,11,7,2023
TRIESTE,Autres pays d'Europe,export,2020,0,0,2023
TRIESTE,Autres pays d'Europe,export,2021,127,206,2023
TRIESTE,Autres pays d'Europe,export,2022,570,541,2023
TRIESTE,Autres pays d'Europe,export,2023,,,2023
TURQUIE,Autres pays d'Europe,export,2019,4236,5080,2023
TURQUIE,Autres pays d'Europe,export,2020,5242,6794,2023
TURQUIE,Autres pays d'Europe,export,2021,2835,5309,2023
TURQUIE,Autres pays d'Europe,export,2022,9233,10063,2023
TURQUIE,Autres pays d'Europe,export,2023,9261,8032,2023
BURUNDI,Afrique centrale,export,2019,78,74,2023
BURUNDI,Afrique centrale,export,2020,51,46,2023
BURUNDI,Afrique centrale,export,2021,148,138,2023
BURUNDI,Afrique centrale,export,2022,93,156,2023
BURUNDI,Afrique centrale,export,2023,195,181,2023
CAMEROUN,Afrique centrale,export,2019,17680,27922,2023
CAMEROUN,Afrique centrale,export,2020,17297,29557,2023
CAMEROUN,Afrique centrale,export,2021,15049,22723,2023
CAMEROUN,Afrique centrale,export,2022,18793,21773,2023
CAMEROUN,Afrique centrale,export,2023,20547,23336,2023
CENTRE AFRIQUE,Afrique centrale,export,2019,3979,1137,2023
CENTRE AFRIQUE,Afrique centrale,export,2020,4497,1868,2023
CENTRE AFRIQUE,Afrique centrale,export,2021,2269,795,2023
CENTRE AFRIQUE,Afrique centrale,export,2022,1088,762,2023
CENTRE AFRIQUE,Afrique centrale,export,2023,3115,31,2023
CONGO,Afrique centrale,export,2019,22503,10795,2023
CONGO,Afrique centrale,export,2020,15745,11580,2023
CONGO,Afrique centrale,export,2021,20733,11523,2023
CONGO,Afrique centrale,export,2022,10780,11122,2023
CONGO,Afrique centrale,export,2023,10209,9104,2023
CONGO DEMOCRATIQUE,Afrique centrale,export,2019,1443,1354,2023
CONGO DEMOCRATIQUE,Afrique centrale,export,2020,1992,1441,2023
CONGO DEMOCRATIQUE,Afrique centrale,export,2021,1704,950,2023
CONGO DEMOCRATIQUE,Afrique centrale,export,2022,2139,3754,2023
CONGO DEMOCRATIQUE,Afrique centrale,export,2023,3108,1451,2023
GABON,Afrique centrale,export,2019,5965,6058,2023
GABON,Afrique centrale,export,2020,3513,3823,2023
GABON,Afrique centrale,export,2021,8932,6753,2023
GABON,Afrique centrale,export,2022,9950,6688,2023
GABON,Afrique centrale,export,2023,9530,6238,2023
GUINEE EQUATORIALE,Afrique centrale,export,2019,2699,901,2023
GUINEE EQUATORIALE,Afrique centrale,export,2020,2403,800,2023
GUINEE EQUATORIALE,Afrique centrale,export,2021,2501,933,2023
GUINEE EQUATORIALE,Afrique centrale,export,2022,2424,1126,2023
GUINEE EQUATORIALE,Afrique centrale,export,2023,2626,1143,2023
RWANDA,Afrique centrale,export,2019,2,0,2023
RWANDA,Afrique centrale,export,2020,37,6,2023
RWANDA,Afrique centrale,export,2021,6,2,2023
RWANDA,Afrique centrale,export,2022,171,61,2023
RWANDA,Afrique centrale,export,2023,121,15,2023
SAINT THOMAS ILE DU PRINCE,Afrique centrale,export,2019,,,2023
SAINT THOMAS ILE DU PRINCE,Afrique centrale,export,2020,,,2023
SAINT THOMAS ILE DU PRINCE,Afrique centrale,export,2021,,,2023
SAINT THOMAS ILE DU PRINCE,Afrique centrale,export,2022,21,3,2023
SAINT THOMAS ILE DU PRINCE,Afrique centrale,export,2023,71,9,2023
TCHAD,Afrique centrale,export,2019,8187,2730,2023
TCHAD,Afrique centrale,export,2020,4100,2626,2023
TCHAD,Afrique centrale,export,2021,4794,3274,2023
TCHAD,Afrique centrale,export,2022,1803,1290,2023
TCHAD,Afrique centrale,export,2023,3882,2869,2023
ALGERIE,Afrique du Nord,export,2019,151,94,2023
ALGERIE,Afrique du Nord,export,2020,400,506,2023
ALGERIE,Afrique du Nord,export,2021,403,112,2023
ALGERIE,Afrique du Nord,export,2022,362,454,2023
ALGERIE,Afrique du Nord,export,2023,677,849,2023
EGYPTE,Afrique du Nord,export,2019,253,788,2023
EGYPTE,Afrique du Nord,export,2020,474,1893,2023
EGYPTE,Afrique du Nord,export,2021,847,1208,2023
EGYPTE,Afrique du Nord,export,2022,617,2603,2023
EGYPTE,Afrique du Nord,export,2023,526,2805,2023
LIBYE,Afrique du Nord,export,2019,36,60,2023
LIBYE,Afrique du Nord,export,2020,3,12,2023
LIBYE,Afrique du Nord,export,2021,,,2023
LIBYE,Afrique du Nord,export,2022,,,2023
LIBYE,Afrique du Nord,export,2023,,,2023
MAROC,Afrique du Nord,export,2019,7262,4798,2023
MAROC,Afrique du Nord,export,2020,6262,3848,2023
MAROC,Afrique du Nord,export,2021,6814,5029,2023
MAROC,Afrique du Nord,export,2022,11300,9500,2023
MAROC,Afrique du Nord,export,2023,19550,13891,2023
SOUDAN,Afrique du Nord,export,2019,436,371,2023
SOUDAN,Afrique du Nord,export,2020,688,593,2023
SOUDAN,Afrique du Nord,export,2021,523,548,2023
SOUDAN,Afrique du Nord,export,2022,563,430,2023
SOUDAN,Afrique du Nord,export,2023,619,340,2023
TUNISIE,Afrique du Nord,export,2019,2360,3444,2023
TUNISIE,Afrique du Nord,export,2020,1292,1977,2023
TUNISIE,Afrique du Nord,export,2021,1588,2710,2023
TUNISIE,Afrique du Nord,export,2022,6849,6841,2023
TUNISIE,Afrique du Nord,export,2023,5204,4838,2023
BENIN,Afrique occidentale,export,2019,12050,33743,2023
BENIN,Afrique occidentale,export,2020,9905,44176,2023
BENIN,Afrique occidentale,export,2021,14981,28004,2023
BENIN,Afrique occidentale,export,2022,16944,47033,2023
BENIN,Afrique occidentale,export,2023,18789,38863,2023
BURKINA FASO,Afrique occidentale,export,2019,38039,85251,2023
BURKINA FASO,Afrique occidentale,export,2020,29978,85511,2023
BURKINA FASO,Afrique occidentale,export,2021,36813,94370,2023
BURKINA FASO,Afrique occidentale,export,2022,35338,104062,2023
BURKINA FASO,Afrique occidentale,export,2023,36594,105110,2023
COTE D'IVOIRE,Afrique occidentale,export,2019,91948,287310,2023
COTE D'IVOIRE,Afrique occidentale,export,2020,110319,310871,2023
COTE D'IVOIRE,Afrique occidentale,export,2021,120570,317948,2023
COTE D'IVOIRE,Afrique occidentale,export,2022,114383,292657,2023
COTE D'IVOIRE,Afrique occidentale,export,2023,105740,239140,2023
GAMBIE,Afrique occidentale,export,2019,45418,403456,2023
GAMBIE,Afrique occidentale,export,2020,64554,446548,2023
GAMBIE,Afrique occidentale,export,2021,88257,893419,2023
GAMBIE,Afrique occidentale,export,2022,110719,967383,2023
GAMBIE,Afrique occidentale,export,2023,112810,1045255,2023
GHANA,Afrique occidentale,export,2019,6248,9893,2023
GHANA,Afrique occidentale,export,2020,8830,10370,2023
GHANA,Afrique occidentale,export,2021,14098,14727,2023
GHANA,Afrique occidentale,export,2022,21275,18781,2023
GHANA,Afrique occidentale,export,2023,10440,15489,2023
GUINEE BISSAU,Afrique occidentale,export,2019,38374,87853,2023
GUINEE BISSAU,Afrique occidentale,export,2020,32876,71812,2023
GUINEE BISSAU,Afrique occidentale,export,2021,41356,95056,2023
GUINEE BISSAU,Afrique occidentale,export,2022,55201,108257,2023
GUINEE BISSAU,Afrique occidentale,export,2023,95442,80523,2023
GUINEE REPUBLIQUE,Afrique occidentale,export,2019,78817,134366,2023
GUINEE REPUBLIQUE,Afrique occidentale,export,2020,85381,163055,2023
GUINEE REPUBLIQUE,Afrique occidentale,export,2021,80474,139127,2023
GUINEE REPUBLIQUE,Afrique occidentale,export,2022,113782,210469,2023
GUINEE REPUBLIQUE,Afrique occidentale,export,2023,93498,151295,2023
ILES DU CAP VERT,Afrique occidentale,export,2019,1656,817,2023
ILES DU CAP VERT,Afrique occidentale,export,2020,1061,508,2023
ILES DU CAP VERT,Afrique occidentale,export,2021,1237,768,2023
ILES DU CAP VERT,Afrique occidentale,export,2022,2508,1647,2023
ILES DU CAP VERT,Afrique occidentale,export,2023,2384,1548,2023
LIBERIA,Afrique occidentale,export,2019,1699,2017,2023
LIBERIA,Afrique occidentale,export,2020,1782,2450,2023
LIBERIA,Afrique occidentale,export,2021,2302,2222,2023
LIBERIA,Afrique occidentale,export,2022,1675,1270,2023
LIBERIA,Afrique occidentale,export,2023,1661,1490,2023
MALI,Afrique occidentale,export,2019,562138,2984417,2023
MALI,Afrique occidentale,export,2020,474811,2946232,2023
MALI,Afrique occidentale,export,2021,582550,3047680,2023
MALI,Afrique occidentale,export,2022,708794,2200547,2023
MALI,Afrique occidentale,export,2023,739014,2711636,2023
MAURITANIE,Afrique occidentale,export,2019,39741,65005,2023
MAURITANIE,Afrique occidentale,export,2020,40810,62845,2023
MAURITANIE,Afrique occidentale,export,2021,51482,83581,2023
MAURITANIE,Afrique occidentale,export,2022,59286,114922,2023
MAURITANIE,Afrique occidentale,export,2023,50342,92296,2023
NIGER,Afrique occidentale,export,2019,8967,104364,2023
NIGER,Afrique occidentale,export,2020,11761,27193,2023
NIGER,Afrique occidentale,export,2021,12968,15137,2023
NIGER,Afrique occidentale,export,2022,13602,16512,2023
NIGER,Afrique occidentale,export,2023,10687,22297,2023
NIGERIA,Afrique occidentale,export,2019,14995,17250,2023
NIGERIA,Afrique occidentale,export,2020,13722,15794,2023
NIGERIA,Afrique occidentale,export,2021,12211,13597,2023
NIGERIA,Afrique occidentale,export,2022,16396,20692,2023
NIGERIA,Afrique occidentale,export,2023,22484,19174,2023
SIERRA LEONE,Afrique occidentale,export,2019,8385,15789,2023
SIERRA LEONE,Afrique occidentale,export,2020,6986,13554,2023
SIERRA LEONE,Afrique occidentale,export,2021,4459,10025,2023
SIERRA LEONE,Afrique occidentale,export,2022,7884,17706,2023
SIERRA LEONE,Afrique occidentale,export,2023,5861,32821,2023
TOGO,Afrique occidentale,export,2019,16747,40193,2023
TOGO,Afrique occidentale,export,2020,11032,10547,2023
TOGO,Afrique occidentale,export,2021,14821,12509,2023
TOGO,Afrique occidentale,export,2022,52358,16056,2023
TOGO,Afrique occidentale,export,2023,16814,11896,2023
AFRIQUE DU SUD,Afrique orientale et du Sud,export,2019,1088,1052,2023
AFRIQUE DU SUD,Afrique orientale et du Sud,export,2020,92,71,2023
AFRIQUE DU SUD,Afrique orientale et du Sud,export,2021,504,635,2023
AFRIQUE DU SUD,Afrique orientale et du Sud,export,2022,324,344,2023
AFRIQUE DU SUD,Afrique orientale et du Sud,export,2023,270,154,2023
ANGOLA,Afrique orientale et du Sud,export,2019,432,548,2023
ANGOLA,Afrique orientale et du Sud,export,2020,713,798,2023
ANGOLA,Afrique orientale et du Sud,export,2021,467,428,2023
ANGOLA,Afrique orientale et du Sud,export,2022,1232,576,2023
ANGOLA,Afrique orientale et du Sud,export,2023,1613,579,2023
BOTSWANA,Afrique orientale et du Sud,export,2019,208,343,2023
BOTSWANA,Afrique orientale et du Sud,export,2020,0,0,2023
BOTSWANA,Afrique orientale et du Sud,export,2021,153,307,2023
BOTSWANA,Afrique orientale et du Sud,export,2022,127,234,2023
BOTSWANA,Afrique orientale et du Sud,export,2023,74,1,2023
COMORES ILE,Afrique orientale et du Sud,export,2019,14,2,2023
COMORES ILE,Afrique orientale et du Sud,export,2020,10,24,2023
COMORES ILE,Afrique orientale et du Sud,export,2021,7,1,2023
COMORES ILE,Afrique orientale et du Sud,export,2022,1,0,2023
COMORES ILE,Afrique orientale et du Sud,export,2023,62,19,2023
DJIBOUTI,Afrique orientale et du Sud,export,2019,4,0,2023
DJIBOUTI,Afrique orientale et du Sud,export,2020,1,0,2023
DJIBOUTI,Afrique orientale et du Sud,export,2021,21,58,2023
DJIBOUTI,Afrique orientale et du Sud,export,2022,1,1,2023
DJIBOUTI,Afrique orientale et du Sud,export,2023,3,1,2023
ETHIOPIE,Afrique orientale et du Sud,export,2019,995,1035,2023
ETHIOPIE,Afrique orientale et du Sud,export,2020,17,12,2023
ETHIOPIE,Afrique orientale et du Sud,export,2021,84,96,2023
ETHIOPIE,Afrique orientale et du Sud,export,2022,57,41,2023
ETHIOPIE,Afrique orientale et du Sud,export,2023,110,1,2023
ILE STE HELENE,Afrique orientale et du Sud,export,2019,94,53,2023
ILE STE HELENE,Afrique orientale et du Sud,export,2020,0,0,2023
ILE STE HELENE,Afrique orientale et du Sud,export,2021,,,2023
ILE STE HELENE,Afrique orientale et du Sud,export,2022,,,2023
ILE STE HELENE,Afrique orientale et du Sud,export,2023,,,2023
ILES MAURICE,Afrique orientale et du Sud,export,2019,86,29,2023
ILES MAURICE,Afrique orientale et du Sud,export,2020,1018,833,2023
ILES MAURICE,Afrique orientale et du Sud,export,2021,163,593,2023
ILES MAURICE,Afrique orientale et du Sud,export,2022,923,499,2023
ILES MAURICE,Afrique orientale et du Sud,export,2023,4,0,2023
KENYA,Afrique orientale et du Sud,export,2019,836,3027,2023
KENYA,Afrique orientale et du Sud,export,2020,12,2,2023
KENYA,Afrique orientale et du Sud,export,2021,12,3,2023
KENYA,Afrique orientale et du Sud,export,2022,22,41,2023
KENYA,Afrique orientale et du Sud,export,2023,45,3,2023
MADAGASCAR,Afrique orientale et du Sud,export,2019,39,26,2023
MADAGASCAR,Afrique orientale et du Sud,export,2020,242,168,2023
MADAGASCAR,Afrique orientale et du Sud,export,2021,302,414,2023
MADAGASCAR,Afrique orientale et du Sud,export,2022,33,4,2023
MADAGASCAR,Afrique orientale et du Sud,export,2023,176,34,2023
MALAWI,Afrique orientale et du Sud,export,2019,360,5,2023
MALAWI,Afrique orientale et du Sud,export,2020,,,2023
MALAWI,Afrique orientale et du Sud,export,2021,,,2023
MALAWI,Afrique orientale et du Sud,export,2022,1,0,2023
MALAWI,Afrique orientale et du Sud,export,2023,,,2023
MOZAMBIQUE,Afrique orientale et du Sud,export,2019,265,499,2023
MOZAMBIQUE,Afrique orientale et du Sud,export,2020,219,106,2023
MOZAMBIQUE,Afrique orientale et du Sud,export,2021,490,236,2023
MOZAMBIQUE,Afrique orientale et du Sud,export,2022,533,393,2023
MOZAMBIQUE,Afrique orientale et du Sud,export,2023,654,1135,2023
NAMIBIE,Afrique orientale et du Sud,export,2019,100,32,2023
NAMIBIE,Afrique orientale et du Sud,export,2020,,,2023
NAMIBIE,Afrique orientale et du Sud,export,2021,44,6,2023
NAMIBIE,Afrique orientale et du Sud,export,2022,332,16,2023
NAMIBIE,Afrique orientale et du Sud,export,2023,356,38,2023
OUGANDA,Afrique orientale et du Sud,export,2019,476,305,2023
OUGANDA,Afrique orientale et du Sud,export,2020,411,314,2023
OUGANDA,Afrique orientale et du Sud,export,2021,687,355,2023
OUGANDA,Afrique orientale et du Sud,export,2022,737,399,2023
OUGANDA,Afrique orientale et du Sud,export,2023,1152,566,2023
REPUBLIQUE DE SOMALIE,Afrique orientale et du Sud,export,2019,77,2,2023
REPUBLIQUE DE SOMALIE,Afrique orientale et du Sud,export,2020,20,14,2023
REPUBLIQUE DE SOMALIE,Afrique orientale et du Sud,export,2021,,,2023
REPUBLIQUE DE SOMALIE,Afrique orientale et du Sud,export,2022,,,2023
REPUBLIQUE DE SOMALIE,Afrique orientale et du Sud,export,2023,,,2023
SEYCHELLES,Afrique orientale et du Sud,export,2019,2,96,2023
SEYCHELLES,Afrique orientale et du Sud,export,2020,20,432,2023
SEYCHELLES,Afrique orientale et du Sud,export,2021,71,1488,2023
SEYCHELLES,Afrique orientale et du Sud,export,2022,33,265,2023
SEYCHELLES,Afrique orientale et du Sud,export,2023,,,2023
SWAZILAND,Afrique orientale et du Sud,export,2019,8947,225802,2023
SWAZILAND,Afrique orientale et du Sud,export,2020,3696,93051,2023
SWAZILAND,Afrique orientale et du Sud,export,2021,1990,58386,2023
SWAZILAND,Afrique orientale et du Sud,export,2022,216,158,2023
SWAZILAND,Afrique orientale et du Sud,export,2023,5,0,2023
TANZANIE,Afrique orientale et du Sud,export,2019,518,384,2023
TANZANIE,Afrique orientale et du Sud,export,2020,988,712,2023
TANZANIE,Afrique orientale et du Sud,export,2021,1189,692,2023
TANZANIE,Afrique orientale et du Sud,export,2022,494,414,2023
TANZANIE,Afrique orientale et du Sud,export,2023,894,442,2023
ZAMBIE,Afrique orientale et du Sud,export,2019,1067,497,2023
ZAMBIE,Afrique orientale et du Sud,export,2020,736,386,2023
ZAMBIE,Afrique orientale et du Sud,export,2021,1048,461,2023
ZAMBIE,Afrique orientale et du Sud,export,2022,2283,785,2023
ZAMBIE,Afrique orientale et du Sud,export,2023,1282,417,2023
ZIMBABWE,Afrique orientale et du Sud,export,2019,73,25,2023
ZIMBABWE,Afrique orientale et du Sud,export,2020,,,2023
ZIMBABWE,Afrique orientale et du Sud,export,2021,,,2023
ZIMBABWE,Afrique orientale et du Sud,export,2022,5,17,2023
ZIMBABWE,Afrique orientale et du Sud,export,2023,,,2023
CANADA,Amérique du Nord,export,2019,972,2076,2023
CANADA,Amérique du Nord,export,2020,965,1972,2023
CANADA,Amérique du Nord,export,2021,1302,983,2023
CANADA,Amérique du Nord,export,2022,2177,1855,2023
CANADA,Amérique du Nord,export,2023,2369,1865,2023
ETATS UNIS D'AMERIQUE,Amérique du Nord,export,2019,77518,154944,2023
ETATS UNIS D'AMERIQUE,Amérique du Nord,export,2020,67534,61822,2023
ETATS UNIS D'AMERIQUE,Amérique du Nord,export,2021,69439,144673,2023
ETATS UNIS D'AMERIQUE,Amérique du Nord,export,2022,102667,106676,2023
ETATS UNIS D'AMERIQUE,Amérique du Nord,export,2023,94340,68724,2023
SAINT PIERRE ET MIQUELON,Amérique du Nord,export,2019,,,2023
SAINT PIERRE ET MIQUELON,Amérique du Nord,export,2020,9,5,2023
SAINT PIERRE ET MIQUELON,Amérique du Nord,export,2021,,,2023
SAINT PIERRE ET MIQUELON,Amérique du Nord,export,2022,,,2023
SAINT PIERRE ET MIQUELON,Amérique du Nord,export,2023,,,2023
ANTIGUA-BARBUDA,Amérique centrale et du Sud,export,2019,53,19,2023
ANTIGUA-BARBUDA,Amérique centrale et du Sud,export,2020,0,0,2023
ANTIGUA-BARBUDA,Amérique centrale et du Sud,export,2021,417,20,2023
ANTIGUA-BARBUDA,Amérique centrale et du Sud,export,2022,795,472,2023
ANTIGUA-BARBUDA,Amérique centrale et du Sud,export,2023,171,8,2023
ARGENTINE,Amérique centrale et du Sud,export,2019,,,2023
ARGENTINE,Amérique centrale et du Sud,export,2020,48,11,2023
ARGENTINE,Amérique centrale et du Sud,export,2021,,,2023
ARGENTINE,Amérique centrale et du Sud,export,2022,15,4,2023
ARGENTINE,Amérique centrale et du Sud,export,2023,4,0,2023
BRESIL,Amérique centrale et du Sud,export,2019,446,504,2023
BRESIL,Amérique centrale et du Sud,export,2020,410,748,2023
BRESIL,Amérique centrale et du Sud,export,2021,7047,21204,2023
BRESIL,Amérique centrale et du Sud,export,2022,959,779,2023
BRESIL,Amérique centrale et du Sud,export,2023,1343,1020,2023
CHILI,Amérique centrale et du Sud,export,2019,3885,5670,2023
CHILI,Amérique centrale et du Sud,export,2020,85,133,2023
CHILI,Amérique centrale et du Sud,export,2021,285,435,2023
CHILI,Amérique centrale et du Sud,export,2022,329,392,2023
CHILI,Amérique centrale et du Sud,export,2023,933,697,2023
COLOMBIE,Amérique centrale et du Sud,export,2019,693,929,2023
COLOMBIE,Amérique centrale et du Sud,export,2020,2339,2620,2023
COLOMBIE,Amérique centrale et du Sud,export,2021,309,457,2023
COLOMBIE,Amérique centrale et du Sud,export,2022,195,227,2023
COLOMBIE,Amérique centrale et du Sud,export,2023,291,64,2023
COSTA RICA,Amérique centrale et du Sud,export,2019,577,930,2023
COSTA RICA,Amérique centrale et du Sud,export,2020,59,120,2023
COSTA RICA,Amérique centrale et du Sud,export,2021,100,13,2023
COSTA RICA,Amérique centrale et du Sud,export,2022,4,21,2023
COSTA RICA,Amérique centrale et du Sud,export,2023,17,19,2023
CUBA,Amérique centrale et du Sud,export,2019,1,0,2023
CUBA,Amérique centrale et du Sud,export,2020,7,1,2023
CUBA,Amérique centrale et du Sud,export,2021,,,2023
CUBA,Amérique centrale et du Sud,export,2022,,,2023
CUBA,Amérique centrale et du Sud,export,2023,,,2023
CURUCAO,Amérique centrale et du Sud,export,2019,1,1,2023
CURUCAO,Amérique centrale et du Sud,export,2020,,,2023
CURUCAO,Amérique centrale et du Sud,export,2021,,,2023
CURUCAO,Amérique centrale et du Sud,export,2022,1,0,2023
CURUCAO,Amérique centrale et du Sud,export,2023,,,2023
EQUATEUR,Amérique centrale et du Sud,export,2019,717,961,2023
EQUATEUR,Amérique centrale et du Sud,export,2020,1398,1807,2023
EQUATEUR,Amérique centrale et du Sud,export,2021,1663,2053,2023
EQUATEUR,Amérique centrale et du Sud,export,2022,283,347,2023
EQUATEUR,Amérique centrale et du Sud,export,2023,13,0,2023
GUADELOUPE,Amérique centrale et du Sud,export,2019,18,16,2023
GUADELOUPE,Amérique centrale et du Sud,export,2020,13,4,2023
GUADELOUPE,Amérique centrale et du Sud,export,2021,14,10,2023
GUADELOUPE,Amérique centrale et du Sud,export,2022,19,9,2023
GUADELOUPE,Amérique centrale et du Sud,export,2023,9,5,2023
GUATEMALA,Amérique centrale et du Sud,export,2019,333,341,2023
GUATEMALA,Amérique centrale et du Sud,export,2020,70,57,2023
GUATEMALA,Amérique centrale et du Sud,export,2021,,,2023
GUATEMALA,Amérique centrale et du Sud,export,2022,7,1,2023
GUATEMALA,Amérique centrale et du Sud,export,2023,,,2023
GUYANA,Amérique centrale et du Sud,export,2019,2,0,2023
GUYANA,Amérique centrale et du Sud,export,2020,,,2023
GUYANA,Amérique centrale et du Sud,export,2021,,,2023
GUYANA,Amérique centrale et du Sud,export,2022,,,2023
GUYANA,Amérique centrale et du Sud,export,2023,90,20,2023
GUYANE FRANCAISE,Amérique centrale et du Sud,export,2019,5,1,2023
GUYANE FRANCAISE,Amérique centrale et du Sud,export,2020,3,0,2023
GUYANE FRANCAISE,Amérique centrale et du Sud,export,2021,2,1,2023
GUYANE FRANCAISE,Amérique centrale et du Sud,export,2022,,,2023
GUYANE FRANCAISE,Amérique centrale et du Sud,export,2023,,,2023
HAITI,Amérique centrale et du Sud,export,2019,81,54,2023
HAITI,Amérique centrale et du Sud,export,2020,874,639,2023
HAITI,Amérique centrale et du Sud,export,2021,1958,1419,2023
HAITI,Amérique centrale et du Sud,export,2022,2073,1237,2023
HAITI,Amérique centrale et du Sud,export,2023,3198,1740,2023
HONDURAS,Amérique centrale et du Sud,export,2019,,,2023
HONDURAS,Amérique centrale et du Sud,export,2020,,,2023
HONDURAS,Amérique centrale et du Sud,export,2021,,,2023
HONDURAS,Amérique centrale et du Sud,export,2022,9,12,2023
HONDURAS,Amérique centrale et du Sud,export,2023,30,27,2023
ILES BERMUDES,Amérique centrale et du Sud,export,2019,1,1,2023
ILES BERMUDES,Amérique centrale et du Sud,export,2020,,,2023
ILES BERMUDES,Amérique centrale et du Sud,export,2021,,,2023
ILES BERMUDES,Amérique centrale et du Sud,export,2022,,,2023
ILES BERMUDES,Amérique centrale et du Sud,export,2023,,,2023
ILES CALQUES,Amérique centrale et du Sud,export,2019,4,0,2023
ILES CALQUES,Amérique centrale et du Sud,export,2020,,,2023
ILES CALQUES,Amérique centrale et du Sud,export,2021,,,2023
ILES CALQUES,Amérique centrale et du Sud,export,2022,,,2023
ILES CALQUES,Amérique centrale et du Sud,export,2023,,,2023
ILES VIERGES DES USA,Amérique centrale et du Sud,export,2019,78,60,2023
ILES VIERGES DES USA,Amérique centrale et du Sud,export,2020,9,90,2023
ILES VIERGES DES USA,Amérique centrale et du Sud,export,2021,,,2023
ILES VIERGES DES USA,Amérique centrale et du Sud,export,2022,202,104,2023
ILES VIERGES DES USA,Amérique centrale et du Sud,export,2023,556,524,2023
LA BARBADE,Amérique centrale et du Sud,export,2019,84,22,2023
LA BARBADE,Amérique centrale et du Sud,export,2020,,,2023
LA BARBADE,Amérique centrale et du Sud,export,2021,,,2023
LA BARBADE,Amérique centrale et du Sud,export,2022,,,2023
LA BARBADE,Amérique centrale et du Sud,export,2023,1,0,2023
MARTINIQUE,Amérique centrale et du Sud,export,2019,13,10,2023
MARTINIQUE,Amérique centrale et du Sud,export,2020,5,4,2023
MARTINIQUE,Amérique centrale et du Sud,export,2021,1,0,2023
MARTINIQUE,Amérique centrale et du Sud,export,2022,1,0,2023
MARTINIQUE,Amérique centrale et du Sud,export,2023,88,30,2023
MEXIQUE,Amérique centrale et du Sud,export,2019,3035,12811,2023
MEXIQUE,Amérique centrale et du Sud,export,2020,13934,101798,2023
MEXIQUE,Amérique centrale et du Sud,export,2021,30486,76409,2023
MEXIQUE,Amérique centrale et du Sud,export,2022,14114,55285,2023
MEXIQUE,Amérique centrale et du Sud,export,2023,17391,111826,2023
NICARAGUA,Amérique centrale et du Sud,export,2019,51,18,2023
NICARAGUA,Amérique centrale et du Sud,export,2020,0,0,2023
NICARAGUA,Amérique centrale et du Sud,export,2021,,,2023
NICARAGUA,Amérique centrale et du Sud,export,2022,,,2023
NICARAGUA,Amérique centrale et du Sud,export,2023,7,4,2023
PANAMA,Amérique centrale et du Sud,export,2019,,,2023
PANAMA,Amérique centrale et du Sud,export,2020,39,26,2023
PANAMA,Amérique centrale et du Sud,export,2021,601,417,2023
PANAMA,Amérique centrale et du Sud,export,2022,483,293,2023
PANAMA,Amérique centrale et du Sud,export,2023,1026,536,2023
PARAGUAY,Amérique centrale et du Sud,export,2019,13,3,2023
PARAGUAY,Amérique centrale et du Sud,export,2020,,,2023
PARAGUAY,Amérique centrale et du Sud,export,2021,,,2023
PARAGUAY,Amérique centrale et du Sud,export,2022,,,2023
PARAGUAY,Amérique centrale et du Sud,export,2023,,,2023
PEROU,Amérique centrale et du Sud,export,2019,891,1426,2023
PEROU,Amérique centrale et du Sud,export,2020,549,742,2023
PEROU,Amérique centrale et du Sud,export,2021,411,609,2023
PEROU,Amérique centrale et du Sud,export,2022,,,2023
PEROU,Amérique centrale et du Sud,export,2023,,,2023
SAINT DOMINGUE,Amérique centrale et du Sud,export,2019,38,20,2023
SAINT DOMINGUE,Amérique centrale et du Sud,export,2020,,,2023
SAINT DOMINGUE,Amérique centrale et du Sud,export,2021,8,17,2023
SAINT DOMINGUE,Amérique centrale et du Sud,export,2022,10,15,2023
SAINT DOMINGUE,Amérique centrale et du Sud,export,2023,,,2023
ST VINCENT-ILES GRENADINES,Amérique centrale et du Sud,export,2019,2,0,2023
ST VINCENT-ILES GRENADINES,Amérique centrale et du Sud,export,2020,,,2023
ST VINCENT-ILES GRENADINES,Amérique centrale et du Sud,export,2021,,,2023
ST VINCENT-ILES GRENADINES,Amérique centrale et du Sud,export,2022,,,2023
ST VINCENT-ILES GRENADINES,Amérique centrale et du Sud,export,2023,81,1,2023
SURINAM,Amérique centrale et du Sud,export,2019,107,64,2023
SURINAM,Amérique centrale et du Sud,export,2020,10,2,2023
SURINAM,Amérique centrale et du Sud,export,2021,,,2023
SURINAM,Amérique centrale et du Sud,export,2022,6,100,2023
SURINAM,Amérique centrale et du Sud,export,2023,,,2023
TRINIDAD ET TOBAGO,Amérique centrale et du Sud,export,2019,167,43,2023
TRINIDAD ET TOBAGO,Amérique centrale et du Sud,export,2020,,,2023
TRINIDAD ET TOBAGO,Amérique centrale et du Sud,export,2021,,,2023
TRINIDAD ET TOBAGO,Amérique centrale et du Sud,export,2022,,,2023
TRINIDAD ET TOBAGO,Amérique centrale et du Sud,export,2023,85,19,2023
URUGUAY,Amérique centrale et du Sud,export,2019,6,4,2023
URUGUAY,Amérique centrale et du Sud,export,2020,,,2023
URUGUAY,Amérique centrale et du Sud,export,2021,,,2023
URUGUAY,Amérique centrale et du Sud,export,2022,,,2023
URUGUAY,Amérique centrale et du Sud,export,2023,,,2023
VENEZUELA,Amérique centrale et du Sud,export,2019,191,223,2023
VENEZUELA,Amérique centrale et du Sud,export,2020,128,125,2023
VENEZUELA,Amérique centrale et du Sud,export,2021,110,117,2023
VENEZUELA,Amérique centrale et du Sud,export,2022,86,91,2023
VENEZUELA,Amérique centrale et du Sud,export,2023,211,410,2023
ARABIE SEOUDITE,Asie occidentale,export,2019,510,423,2023
ARABIE SEOUDITE,Asie occidentale,export,2020,265,55,2023
ARABIE SEOUDITE,Asie occidentale,export,2021,548,131,2023
ARABIE SEOUDITE,Asie occidentale,export,2022,581,339,2023
ARABIE SEOUDITE,Asie occidentale,export,2023,455,337,2023
BAHREIN,Asie occidentale,export,2019,,,2023
BAHREIN,Asie occidentale,export,2020,,,2023
BAHREIN,Asie occidentale,export,2021,,,2023
BAHREIN,Asie occidentale,export,2022,34,42,2023
BAHREIN,Asie occidentale,export,2023,4,0,2023
EMIRATS ARABES UNIS,Asie occidentale,export,2019,34101,6324,2023
EMIRATS ARABES UNIS,Asie occidentale,export,2020,25435,5639,2023
EMIRATS ARABES UNIS,Asie occidentale,export,2021,34390,7214,2023
EMIRATS ARABES UNIS,Asie occidentale,export,2022,44129,5635,2023
EMIRATS ARABES UNIS,Asie occidentale,export,2023,54824,5372,2023
IRAK,Asie occidentale,export,2019,136,546,2023
IRAK,Asie occidentale,export,2020,26,9,2023
IRAK,Asie occidentale,export,2021,7,0,2023
IRAK,Asie occidentale,export,2022,14,0,2023
IRAK,Asie occidentale,export,2023,167,27,2023
IRAN,Asie occidentale,export,2019,,,2023
IRAN,Asie occidentale,export,2020,185,201,2023
IRAN,Asie occidentale,export,2021,126,25,2023
IRAN,Asie occidentale,export,2022,42,69,2023
IRAN,Asie occidentale,export,2023,,,2023
ISRAEL,Asie occidentale,export,2019,1316,176,2023
ISRAEL,Asie occidentale,export,2020,954,179,2023
ISRAEL,Asie occidentale,export,2021,820,120,2023
ISRAEL,Asie occidentale,export,2022,1980,302,2023
ISRAEL,Asie occidentale,export,2023,1711,227,2023
JORDANIE,Asie occidentale,export,2019,0,1,2023
JORDANIE,Asie occidentale,export,2020,58,70,2023
JORDANIE,Asie occidentale,export,2021,5,3,2023
JORDANIE,Asie occidentale,export,2022,2,5,2023
JORDANIE,Asie occidentale,export,2023,10,10,2023
KOWEIT,Asie occidentale,export,2019,3,0,2023
KOWEIT,Asie occidentale,export,2020,11,1,2023
KOWEIT,Asie occidentale,export,2021,1,0,2023
KOWEIT,Asie occidentale,export,2022,1,0,2023
KOWEIT,Asie occidentale,export,2023,9,1,2023
LIBAN,Asie occidentale,export,2019,9276,207117,2023
LIBAN,Asie occidentale,export,2020,4796,111900,2023
LIBAN,Asie occidentale,export,2021,7678,178668,2023
LIBAN,Asie occidentale,export,2022,21628,183155,2023
LIBAN,Asie occidentale,export,2023,1286,643,2023
OMAN,Asie occidentale,export,2019,,,2023
OMAN,Asie occidentale,export,2020,37,94,2023
OMAN,Asie occidentale,export,2021,2,0,2023
OMAN,Asie occidentale,export,2022,,,2023
OMAN,Asie occidentale,export,2023,198,107,2023
QATAR,Asie occidentale,export,2019,0,0,2023
QATAR,Asie occidentale,export,2020,10,10,2023
QATAR,Asie occidentale,export,2021,14,0,2023
QATAR,Asie occidentale,export,2022,95,4,2023
QATAR,Asie occidentale,export,2023,29,44,2023
SYRIE,Asie occidentale,export,2019,11,240,2023
SYRIE,Asie occidentale,export,2020,91,576,2023
SYRIE,Asie occidentale,export,2021,,,2023
SYRIE,Asie occidentale,export,2022,,,2023
SYRIE,Asie occidentale,export,2023,,,2023
AFGANISTAN,Autres pays d'Asie,export,2019,31,63,2023
AFGANISTAN,Autres pays d'Asie,export,2020,8,2,2023
AFGANISTAN,Autres pays d'Asie,export,2021,1,1,2023
AFGANISTAN,Autres pays d'Asie,export,2022,,,2023
AFGANISTAN,Autres pays d'Asie,export,2023,128,39,2023
BENGLADESH,Autres pays d'Asie,export,2019,4077,4175,2023
BENGLADESH,Autres pays d'Asie,export,2020,4855,5341,2023
BENGLADESH,Autres pays d'Asie,export,2021,8287,8297,2023
BENGLADESH,Autres pays d'Asie,export,2022,9837,6872,2023
BENGLADESH,Autres pays d'Asie,export,2023,7039,4700,2023
BHOUTAN,Autres pays d'Asie,export,2019,1,1,2023
BHOUTAN,Autres pays d'Asie,export,2020,,,2023
BHOUTAN,Autres pays d'Asie,export,2021,,,2023
BHOUTAN,Autres pays d'Asie,export,2022,,,2023
BHOUTAN,Autres pays d'Asie,export,2023,,,2023
BRUNEI,Autres pays d'Asie,export,2019,1524,2236,2023
BRUNEI,Autres pays d'Asie,export,2020,2353,2864,2023
BRUNEI,Autres pays d'Asie,export,2021,807,1574,2023
BRUNEI,Autres pays d'Asie,export,2022,724,849,2023
BRUNEI,Autres pays d'Asie,export,2023,650,328,2023
CAMBODGE,Autres pays d'Asie,export,2019,,,2023
CAMBODGE,Autres pays d'Asie,export,2020,,,2023
CAMBODGE,Autres pays d'Asie,export,2021,2,1,2023
CAMBODGE,Autres pays d'Asie,export,2022,,,2023
CAMBODGE,Autres pays d'Asie,export,2023,,,2023
COREE DU NORD,Autres pays d'Asie,export,2019,600,469,2023
COREE DU NORD,Autres pays d'Asie,export,2020,103,54,2023
COREE DU NORD,Autres pays d'Asie,export,2021,180,40166,2023
COREE DU NORD,Autres pays d'Asie,export,2022,71,291,2023
COREE DU NORD,Autres pays d'Asie,export,2023,31,163,2023
COREE DU SUD,Autres pays d'Asie,export,2019,23144,25434,2023
COREE DU SUD,Autres pays d'Asie,export,2020,18365,10570,2023
COREE DU SUD,Autres pays d'Asie,export,2021,17515,12753,2023
COREE DU SUD,Autres pays d'Asie,export,2022,65528,12923,2023
COREE DU SUD,Autres pays d'Asie,export,2023,31309,8247,2023
HONG-KONG,Autres pays d'Asie,export,2019,1249,1278,2023
HONG-KONG,Autres pays d'Asie,export,2020,368,213,2023
HONG-KONG,Autres pays d'Asie,export,2021,476,310,2023
HONG-KONG,Autres pays d'Asie,export,2022,1163,868,2023
HONG-KONG,Autres pays d'Asie,export,2023,731,212,2023
INDE,Autres pays d'Asie,export,2019,211915,547595,2023
INDE,Autres pays d'Asie,export,2020,171975,535830,2023
INDE,Autres pays d'Asie,export,2021,282398,633713,2023
INDE,Autres pays d'Asie,export,2022,540086,739272,2023
INDE,Autres pays d'Asie,export,2023,330106,843864,2023
INDONESIE,Autres pays d'Asie,export,2019,49,91,2023
INDONESIE,Autres pays d'Asie,export,2020,1399,832,2023
INDONESIE,Autres pays d'Asie,export,2021,480,962,2023
INDONESIE,Autres pays d'Asie,export,2022,576,1070,2023
INDONESIE,Autres pays d'Asie,export,2023,149,571,2023
JAPON,Autres pays d'Asie,export,2019,9563,17155,2023
JAPON,Autres pays d'Asie,export,2020,6169,6605,2023
JAPON,Autres pays d'Asie,export,2021,9245,7280,2023
JAPON,Autres pays d'Asie,export,2022,9582,6930,2023
JAPON,Autres pays d'Asie,export,2023,13667,17981,2023
LAOS,Autres pays d'Asie,export,2019,2,1,2023
LAOS,Autres pays d'Asie,export,2020,,,2023
LAOS,Autres pays d'Asie,export,2021,,,2023
LAOS,Autres pays d'Asie,export,2022,2,0,2023
LAOS,Autres pays d'Asie,export,2023,0,0,2023
MACAO,Autres pays d'Asie,export,2019,5,1,2023
MACAO,Autres pays d'Asie,export,2020,26,0,2023
MACAO,Autres pays d'Asie,export,2021,,,2023
MACAO,Autres pays d'Asie,export,2022,8,0,2023
MACAO,Autres pays d'Asie,export,2023,,,2023
MALAISIE,Autres pays d'Asie,export,2019,2447,4167,2023
MALAISIE,Autres pays d'Asie,export,2020,1883,4253,2023
MALAISIE,Autres pays d'Asie,export,2021,755,3104,2023
MALAISIE,Autres pays d'Asie,export,2022,1249,2370,2023
MALAISIE,Autres pays d'Asie,export,2023,2353,3688,2023
MALDIVES,Autres pays d'Asie,export,2019,2,0,2023
MALDIVES,Autres pays d'Asie,export,2020,11,0,2023
MALDIVES,Autres pays d'Asie,export,2021,,,2023
MALDIVES,Autres pays d'Asie,export,2022,,,2023
MALDIVES,Autres pays d'Asie,export,2023,,,2023
MONGOLIE,Autres pays d'Asie,export,2019,31,800,2023
MONGOLIE,Autres pays d'Asie,export,2020,,,2023
MONGOLIE,Autres pays d'Asie,export,2021,,,2023
MONGOLIE,Autres pays d'Asie,export,2022,,,2023
MONGOLIE,Autres pays d'Asie,export,2023,2,1,2023
NEPAL,Autres pays d'Asie,export,2019,12,13,2023
NEPAL,Autres pays d'Asie,export,2020,,,2023
NEPAL,Autres pays d'Asie,export,2021,,,2023
NEPAL,Autres pays d'Asie,export,2022,8,2,2023
NEPAL,Autres pays d'Asie,export,2023,,,2023
PAKISTAN,Autres pays d'Asie,export,2019,75,325,2023
PAKISTAN,Autres pays d'Asie,export,2020,723,1779,2023
PAKISTAN,Autres pays d'Asie,export,2021,20,57,2023
PAKISTAN,Autres pays d'Asie,export,2022,93,239,2023
PAKISTAN,Autres pays d'Asie,export,2023,499,201,2023
PHILIPPINE,Autres pays d'Asie,export,2019,,,2023
PHILIPPINE,Autres pays d'Asie,export,2020,450,720,2023
PHILIPPINE,Autres pays d'Asie,export,2021,,,2023
PHILIPPINE,Autres pays d'Asie,export,2022,,,2023
PHILIPPINE,Autres pays d'Asie,export,2023,,,2023
REPUBLIQUE POPULAIRE DE CHINE,Autres pays d'Asie,export,2019,161895,458229,2023
REPUBLIQUE POPULAIRE DE CHINE,Autres pays d'Asie,export,2020,152146,425169,2023
REPUBLIQUE POPULAIRE DE CHINE,Autres pays d'Asie,export,2021,189768,489792,2023
REPUBLIQUE POPULAIRE DE CHINE,Autres pays d'Asie,export,2022,142372,348621,2023
REPUBLIQUE POPULAIRE DE CHINE,Autres pays d'Asie,export,2023,135694,332592,2023
SINGAPOUR,Autres pays d'Asie,export,2019,4361,9600,2023
SINGAPOUR,Autres pays d'Asie,export,2020,1271,2370,2023
SINGAPOUR,Autres pays d'Asie,export,2021,1336,7025,2023
SINGAPOUR,Autres pays d'Asie,export,2022,3371,14615,2023
SINGAPOUR,Autres pays d'Asie,export,2023,1563,3176,2023
TAIWAN,Autres pays d'Asie,export,2019,998,677,2023
TAIWAN,Autres pays d'Asie,export,2020,955,844,2023
TAIWAN,Autres pays d'Asie,export,2021,498,403,2023
TAIWAN,Autres pays d'Asie,export,2022,1072,676,2023
TAIWAN,Autres pays d'Asie,export,2023,1670,1056,2023
THAILANDE,Autres pays d'Asie,export,2019,801,948,2023
THAILANDE,Autres pays d'Asie,export,2020,625,1083,2023
THAILANDE,Autres pays d'Asie,export,2021,233,71,2023
THAILANDE,Autres pays d'Asie,export,2022,965,1177,2023
THAILANDE,Autres pays d'Asie,export,2023,260,419,2023
UNION BIRMANE,Autres pays d'Asie,export,2019,76,119,2023
UNION BIRMANE,Autres pays d'Asie,export,2020,,,2023
UNION BIRMANE,Autres pays d'Asie,export,2021,,,2023
UNION BIRMANE,Autres pays d'Asie,export,2022,,,2023
UNION BIRMANE,Autres pays d'Asie,export,2023,,,2023
VIETNAM,Autres pays d'Asie,export,2019,14203,29653,2023
VIETNAM,Autres pays d'Asie,export,2020,11117,23051,2023
VIETNAM,Autres pays d'Asie,export,2021,21859,39145,2023
VIETNAM,Autres pays d'Asie,export,2022,21388,33792,2023
VIETNAM,Autres pays d'Asie,export,2023,42246,85898,2023
AUSTRALIE,Océanie,export,2019,1579,1517,2023
AUSTRALIE,Océanie,export,2020,123078,613,2023
AUSTRALIE,Océanie,export,2021,120370,2002,2023
AUSTRALIE,Océanie,export,2022,140279,2294,2023
AUSTRALIE,Océanie,export,2023,104072,1436,2023
NAURU,Océanie,export,2019,,,2023
NAURU,Océanie,export,2020,1,0,2023
NAURU,Océanie,export,2021,,,2023
NAURU,Océanie,export,2022,212,237,2023
NAURU,Océanie,export,2023,3639,19710,2023
NOUVELLE CALEDONIE,Océanie,export,2019,1,0,2023
NOUVELLE CALEDONIE,Océanie,export,2020,,,2023
NOUVELLE CALEDONIE,Océanie,export,2021,,,2023
NOUVELLE CALEDONIE,Océanie,export,2022,,,2023
NOUVELLE CALEDONIE,Océanie,export,2023,,,2023
NOUVELLE GUINEE ET PAPOUASIE,Océanie,export,2019,199,81,2023
NOUVELLE GUINEE ET PAPOUASIE,Océanie,export,2020,,,2023
NOUVELLE GUINEE ET PAPOUASIE,Océanie,export,2021,44,6,2023
NOUVELLE GUINEE ET PAPOUASIE,Océanie,export,2022,103,24,2023
NOUVELLE GUINEE ET PAPOUASIE,Océanie,export,2023,,,2023
NOUVELLE ZELANDE,Océanie,export,2019,1414,223,2023
NOUVELLE ZELANDE,Océanie,export,2020,1015,184,2023
NOUVELLE ZELANDE,Océanie,export,2021,1819,253,2023
NOUVELLE ZELANDE,Océanie,export,2022,1837,287,2023
NOUVELLE ZELANDE,Océanie,export,2023,728,93,2023
SAMOA OCCIDENTAL,Océanie,export,2019,,,2023
SAMOA OCCIDENTAL,Océanie,export,2020,5,0,2023
SAMOA OCCIDENTAL,Océanie,export,2021,,,2023
SAMOA OCCIDENTAL,Océanie,export,2022,543,353,2023
SAMOA OCCIDENTAL,Océanie,export,2023,669,550,2023
TONGA,Océanie,export,2019,,,2023
TONGA,Océanie,export,2020,,,2023
TONGA,Océanie,export,2021,115,32,2023
TONGA,Océanie,export,2022,,,2023
TONGA,Océanie,export,2023,3,0,2023
"DIVERS (PBE,PBF,OM,nda..; etc)",Divers,export,2019,112089,281044,2023
"DIVERS (PBE,PBF,OM,nda..; etc)",Divers,export,2020,87439,276152,2023
"DIVERS (PBE,PBF,OM,nda..; etc)",Divers,export,2021,86830,282722,2023
"DIVERS (PBE,PBF,OM,nda..; etc)",Divers,export,2022,133483,204812,2023
"DIVERS (PBE,PBF,OM,nda..; etc)",Divers,export,2023,162900,247747,2023
ALLEMAGNE,Union européenne,import,2019,93111,100101,2023
ALLEMAGNE,Union européenne,import,2020,85722,68811,2023
ALLEMAGNE,Union européenne,import,2021,96479,70584,2023
ALLEMAGNE,Union européenne,import,2022,166205,90404,2023
ALLEMAGNE,Union européenne,import,2023,158051,83448,2023
AUTRICHE,Union européenne,import,2019,4798,2811,2023
AUTRICHE,Union européenne,import,2020,2457,1417,2023
AUTRICHE,Union européenne,import,2021,3484,2921,2023
AUTRICHE,Union européenne,import,2022,4546,1960,2023
AUTRICHE,Union européenne,import,2023,5600,2727,2023
BELGIQUE,Union européenne,import,2019,330118,809211,2023
BELGIQUE,Union européenne,import,2020,267560,782082,2023
BELGIQUE,Union européenne,import,2021,254487,551390,2023
BELGIQUE,Union européenne,import,2022,473784,644418,2023
BELGIQUE,Union européenne,import,2023,417778,644739,2023
BULGARIE,Union européenne,import,2019,3383,1192,2023
BULGARIE,Union européenne,import,2020,6730,3828,2023
BULGARIE,Union européenne,import,2021,5754,15111,2023
BULGARIE,Union européenne,import,2022,2771,1820,2023
BULGARIE,Union européenne,import,2023,35773,55952,2023
CHYPRE,Union européenne,import,2019,,,2023
CHYPRE,Union européenne,import,2020,5,0,2023
CHYPRE,Union européenne,import,2021,64,152,2023
CHYPRE,Union européenne,import,2022,117,265,2023
CHYPRE,Union européenne,import,2023,60,62,2023
CROATIE,Union européenne,import,2019,580,1846,2023
CROATIE,Union européenne,import,2020,457,934,2023
CROATIE,Union européenne,import,2021,488,842,2023
CROATIE,Union européenne,import,2022,1482,2590,2023
CROATIE,Union européenne,import,2023,1048,3275,2023
DANEMARK,Union européenne,import,2019,90253,22741,2023
DANEMARK,Union européenne,import,2020,13186,6756,2023
DANEMARK,Union européenne,import,2021,14658,6842,2023
DANEMARK,Union européenne,import,2022,16344,9204,2023
DANEMARK,Union européenne,import,2023,48186,10364,2023
ESPAGNE,Union européenne,import,2019,194946,589597,2023
ESPAGNE,Union européenne,import,2020,227596,819517,2023
ESPAGNE,Union européenne,import,2021,252985,806611,2023
ESPAGNE,Union européenne,import,2022,457499,971982,2023
ESPAGNE,Union européenne,import,2023,180846,479016,2023
FINLANDE,Union européenne,import,2019,12056,7747,2023
FINLANDE,Union européenne,import,2020,41181,5929,2023
FINLANDE,Union européenne,import,2021,34671,47140,2023
FINLANDE,Union européenne,import,2022,12149,3864,2023
FINLANDE,Union européenne,import,2023,24591,6224,2023
FRANCE,Union européenne,import,2019,801137,667452,2023
FRANCE,Union européenne,import,2020,703962,649409,2023
FRANCE,Union européenne,import,2021,632774,500814,2023
FRANCE,Union européenne,import,2022,691127,562205,2023
FRANCE,Union européenne,import,2023,868495,715755,2023
GRECE,Union européenne,import,2019,13313,37981,2023
GRECE,Union européenne,import,2020,7884,32918,2023
GRECE,Union européenne,import,2021,8391,27612,2023
GRECE,Union européenne,import,2022,29378,60026,2023
GRECE,Union européenne,import,2023,19006,40757,2023
HONGRIE,Union européenne,import,2019,4986,1402,2023
HONGRIE,Union européenne,import,2020,4196,1096,2023
HONGRIE,Union européenne,import,2021,4786,2390,2023
HONGRIE,Union européenne,import,2022,3003,1278,2023
HONGRIE,Union européenne,import,2023,3329,1086,2023
IRLANDE,Union européenne,import,2019,21526,18405,2023
IRLANDE,Union européenne,import,2020,18604,13907,2023
IRLANDE,Union européenne,import,2021,20217,15491,2023
IRLANDE,Union européenne,import,2022,26813,19888,2023
IRLANDE,Union européenne,import,2023,13870,9900,2023
ITALIE,Union européenne,import,2019,79053,133288,2023
ITALIE,Union européenne,import,2020,84679,142363,2023
ITALIE,Union européenne,import,2021,112834,198530,2023
ITALIE,Union européenne,import,2022,121732,174728,2023
ITALIE,Union européenne,import,2023,112471,157908,2023
LUXEMBOURG,Union européenne,import,2019,,,2023
LUXEMBOURG,Union européenne,import,2020,,,2023
LUXEMBOURG,Union européenne,import,2021,,,2023
LUXEMBOURG,Union européenne,import,2022,,,2023
LUXEMBOURG,Union européenne,import,2023,2347,766,2023
MALTE,Union européenne,import,2019,3592,42901,2023
MALTE,Union européenne,import,2020,3272,5959,2023
MALTE,Union européenne,import,2021,1561,588,2023
MALTE,Union européenne,import,2022,13729,25824,2023
MALTE,Union européenne,import,2023,2478,580,2023
PAYS BAS,Union européenne,import,2019,322808,1139118,2023
PAYS BAS,Union européenne,import,2020,277285,1218204,2023
PAYS BAS,Union européenne,import,2021,259995,896064,2023
PAYS BAS,Union européenne,import,2022,389292,883594,2023
PAYS BAS,Union européenne,import,2023,205054,487152,2023
POLOGNE,Union européenne,import,2019,47648,35736,2023
POLOGNE,Union européenne,import,2020,52564,16033,2023
POLOGNE,Union européenne,import,2021,53866,28171,2023
POLOGNE,Union européenne,import,2022,73765,50525,2023
POLOGNE,Union européenne,import,2023,76747,93342,2023
PORTUGAL,Union européenne,import,2019,22282,45322,2023
PORTUGAL,Union européenne,import,2020,16415,24743,2023
PORTUGAL,Union européenne,import,2021,23905,27847,2023
PORTUGAL,Union européenne,import,2022,28936,36967,2023
PORTUGAL,Union européenne,import,2023,27098,68415,2023
REPUBLIQUE D'ESTONIE,Union européenne,import,2019,97,153,2023
REPUBLIQUE D'ESTONIE,Union européenne,import,2020,65,14,2023
REPUBLIQUE D'ESTONIE,Union européenne,import,2021,92,71,2023
REPUBLIQUE D'ESTONIE,Union européenne,import,2022,68,12,2023
REPUBLIQUE D'ESTONIE,Union européenne,import,2023,2912,14013,2023
REPUBLIQUE DE LETTONIE,Union européenne,import,2019,21,57,2023
REPUBLIQUE DE LETTONIE,Union européenne,import,2020,118,283,2023
REPUBLIQUE DE LETTONIE,Union européenne,import,2021,17,50,2023
REPUBLIQUE DE LETTONIE,Union européenne,import,2022,3351,1883,2023
REPUBLIQUE DE LETTONIE,Union européenne,import,2023,9735,34802,2023
REPUBLIQUE DE LITUANIE,Union européenne,import,2019,1564,1720,2023
REPUBLIQUE DE LITUANIE,Union européenne,import,2020,4451,26667,2023
REPUBLIQUE DE LITUANIE,Union européenne,import,2021,6544,31696,2023
REPUBLIQUE DE LITUANIE,Union européenne,import,2022,25592,81013,2023
REPUBLIQUE DE LITUANIE,Union européenne,import,2023,32033,147153,2023
REPUBLIQUE DE SLOVAQUIE,Union européenne,import,2019,2928,2325,2023
REPUBLIQUE DE SLOVAQUIE,Union européenne,import,2020,1966,1824,2023
REPUBLIQUE DE SLOVAQUIE,Union européenne,import,2021,2102,426,2023
REPUBLIQUE DE SLOVAQUIE,Union européenne,import,2022,2804,1015,2023
REPUBLIQUE DE SLOVAQUIE,Union européenne,import,2023,3255,1097,2023
REPUBLIQUE TCHEQUE,Union européenne,import,2019,2290,3017,2023
REPUBLIQUE TCHEQUE,Union européenne,import,2020,2612,2784,2023
REPUBLIQUE TCHEQUE,Union européenne,import,2021,9181,37748,2023
REPUBLIQUE TCHEQUE,Union européenne,import,2022,8420,2540,2023
REPUBLIQUE TCHEQUE,Union européenne,import,2023,9146,61020,2023
ROUMANIE,Union européenne,import,2019,3992,4148,2023
ROUMANIE,Union européenne,import,2020,4529,8324,2023
ROUMANIE,Union européenne,import,2021,4670,4086,2023
ROUMANIE,Union européenne,import,2022,5376,3344,2023
ROUMANIE,Union européenne,import,2023,4950,4100,2023
ROYAUME UNI,Union européenne,import,2019,36311,59456,2023
ROYAUME UNI,Union européenne,import,2020,36058,48272,2023
ROYAUME UNI,Union européenne,import,2021,69035,118695,2023
ROYAUME UNI,Union européenne,import,2022,97455,75398,2023
ROYAUME UNI,Union européenne,import,2023,108231,99793,2023
SLOVENIE,Union européenne,import,2019,611,477,2023
SLOVENIE,Union européenne,import,2020,911,1291,2023
SLOVENIE,Union européenne,import,2021,877,2206,2023
SLOVENIE,Union européenne,import,2022,1190,3444,2023
SLOVENIE,Union européenne,import,2023,868,3317,2023
SUEDE,Union européenne,import,2019,15114,16361,2023
SUEDE,Union européenne,import,2020,16812,26565,2023
SUEDE,Union européenne,import,2021,27041,22447,2023
SUEDE,Union européenne,import,2022,26303,17983,2023
SUEDE,Union européenne,import,2023,23236,26217,2023
ALBANIE,Autres pays d'Europe,import,2019,2908,3333,2023
ALBANIE,Autres pays d'Europe,import,2020,4942,3944,2023
ALBANIE,Autres pays d'Europe,import,2021,10532,168431,2023
ALBANIE,Autres pays d'Europe,import,2022,5236,7843,2023
ALBANIE,Autres pays d'Europe,import,2023,9075,14425,2023
ANDORRE,Autres pays d'Europe,import,2019,28,60,2023
ANDORRE,Autres pays d'Europe,import,2020,8,4,2023
ANDORRE,Autres pays d'Europe,import,2021,7,19,2023
ANDORRE,Autres pays d'Europe,import,2022,5,3,2023
ANDORRE,Autres pays d'Europe,import,2023,2,14,2023
ARMENIE,Autres pays d'Europe,import,2019,152,122,2023
ARMENIE,Autres pays d'Europe,import,2020,36,45,2023
ARMENIE,Autres pays d'Europe,import,2021,16,14,2023
ARMENIE,Autres pays d'Europe,import,2022,22,0,2023
ARMENIE,Autres pays d'Europe,import,2023,31,9,2023
BOSNIE-HERZEGOVINE,Autres pays d'Europe,import,2019,5,18,2023
BOSNIE-HERZEGOVINE,Autres pays d'Europe,import,2020,25,158,2023
BOSNIE-HERZEGOVINE,Autres pays d'Europe,import,2021,23,12,2023
BOSNIE-HERZEGOVINE,Autres pays d'Europe,import,2022,1918,4073,2023
BOSNIE-HERZEGOVINE,Autres pays d'Europe,import,2023,11,1,2023
CITE DU VATICAN,Autres pays d'Europe,import,2019,,,2023
CITE DU VATICAN,Autres pays d'Europe,import,2020,,,2023
CITE DU VATICAN,Autres pays d'Europe,import,2021,2,1,2023
CITE DU VATICAN,Autres pays d'Europe,import,2022,25,124,2023
CITE DU VATICAN,Autres pays d'Europe,import,2023,43,47,2023
EX-YOUGOSLAVIE,Autres pays d'Europe,import,2019,242,547,2023
EX-YOUGOSLAVIE,Autres pays d'Europe,import,2020,277,53,2023
EX-YOUGOSLAVIE,Autres pays d'Europe,import,2021,61,73,2023
EX-YOUGOSLAVIE,Autres pays d'Europe,import,2022,67,308,2023
EX-YOUGOSLAVIE,Autres pays d'Europe,import,2023,47,268,2023
GIBRALTAR,Autres pays d'Europe,import,2019,55,233,2023
GIBRALTAR,Autres pays d'Europe,import,2020,,,2023
GIBRALTAR,Autres pays d'Europe,import,2021,,,2023
GIBRALTAR,Autres pays d'Europe,import,2022,15,41,2023
GIBRALTAR,Autres pays d'Europe,import,2023,23,74,2023
HELGOLAND,Autres pays d'Europe,import,2019,415,198,2023
HELGOLAND,Autres pays d'Europe,import,2020,204,90,2023
HELGOLAND,Autres pays d'Europe,import,2021,231,124,2023
HELGOLAND,Autres pays d'Europe,import,2022,226,129,2023
HELGOLAND,Autres pays d'Europe,import,2023,245,263,2023
ISLANDE,Autres pays d'Europe,import,2019,2360,490,2023
ISLANDE,Autres pays d'Europe,import,2020,3361,781,2023
ISLANDE,Autres pays d'Europe,import,2021,8709,1172,2023
ISLANDE,Autres pays d'Europe,import,2022,9414,3015,2023
ISLANDE,Autres pays d'Europe,import,2023,9339,7493,2023
MONTENEGRO,Autres pays d'Europe,import,2019,34,73,2023
MONTENEGRO,Autres pays d'Europe,import,2020,121,51,2023
MONTENEGRO,Autres pays d'Europe,import,2021,64,58,2023
MONTENEGRO,Autres pays d'Europe,import,2022,148,18,2023
MONTENEGRO,Autres pays d'Europe,import,2023,55,30,2023
NORVEGE,Autres pays d'Europe,import,2019,4909,13911,2023
NORVEGE,Autres pays d'Europe,import,2020,12720,46188,2023
NORVEGE,Autres pays d'Europe,import,2021,29838,67639,2023
NORVEGE,Autres pays d'Europe,import,2022,54692,72840,2023
NORVEGE,Autres pays d'Europe,import,2023,46924,276195,2023
REPUBLIQUE D'AZERBADJAN,Autres pays d'Europe,import,2019,733,178,2023
REPUBLIQUE D'AZERBADJAN,Autres pays d'Europe,import,2020,83,145,2023
REPUBLIQUE D'AZERBADJAN,Autres pays d'Europe,import,2021,576,553,2023
REPUBLIQUE D'AZERBADJAN,Autres pays d'Europe,import,2022,86,675,2023
REPUBLIQUE D'AZERBADJAN,Autres pays d'Europe,import,2023,736,957,2023
REPUBLIQUE D'UKRAINE,Autres pays d'Europe,import,2019,84660,298352,2023
REPUBLIQUE D'UKRAINE,Autres pays d'Europe,import,2020,62117,222474,2023
REPUBLIQUE D'UKRAINE,Autres pays d'Europe,import,2021,72667,198648,2023
REPUBLIQUE D'UKRAINE,Autres pays d'Europe,import,2022,31451,73200,2023
REPUBLIQUE D'UKRAINE,Autres pays d'Europe,import,2023,10004,25714,2023
REPUBLIQUE DE BIELORUSSIE,Autres pays d'Europe,import,2019,7183,32599,2023
REPUBLIQUE DE BIELORUSSIE,Autres pays d'Europe,import,2020,5845,35973,2023
REPUBLIQUE DE BIELORUSSIE,Autres pays d'Europe,import,2021,6106,27420,2023
REPUBLIQUE DE BIELORUSSIE,Autres pays d'Europe,import,2022,144,204,2023
REPUBLIQUE DE BIELORUSSIE,Autres pays d'Europe,import,2023,133,37,2023
REPUBLIQUE DE GEORGIE,Autres pays d'Europe,import,2019,208,208,2023
REPUBLIQUE DE GEORGIE,Autres pays d'Europe,import,2020,223,172,2023
REPUBLIQUE DE GEORGIE,Autres pays d'Europe,import,2021,268,123,2023
REPUBLIQUE DE GEORGIE,Autres pays d'Europe,import,2022,329,873,2023
REPUBLIQUE DE GEORGIE,Autres pays d'Europe,import,2023,723,540,2023
REPUBLIQUE DE KAZAKSTAN,Autres pays d'Europe,import,2019,7003,101702,2023
REPUBLIQUE DE KAZAKSTAN,Autres pays d'Europe,import,2020,1524,34560,2023
REPUBLIQUE DE KAZAKSTAN,Autres pays d'Europe,import,2021,28598,273744,2023
REPUBLIQUE DE KAZAKSTAN,Autres pays d'Europe,import,2022,29318,82956,2023
REPUBLIQUE DE KAZAKSTAN,Autres pays d'Europe,import,2023,15833,238871,2023
RUSSIE,Autres pays d'Europe,import,2019,213287,1125837,2023
RUSSIE,Autres pays d'Europe,import,2020,203229,1477914,2023
RUSSIE,Autres pays d'Europe,import,2021,307647,1519027,2023
RUSSIE,Autres pays d'Europe,import,2022,439903,1021834,2023
RUSSIE,Autres pays d'Europe,import,2023,502279,1688374,2023
SUISSE,Autres pays d'Europe,import,2019,52387,68520,2023
SUISSE,Autres pays d'Europe,import,2020,69432,122795,2023
SUISSE,Autres pays d'Europe,import,2021,40068,65611,2023
SUISSE,Autres pays d'Europe,import,2022,68469,123531,2023
SUISSE,Autres pays d'Europe,import,2023,43249,59907,2023
TRIESTE,Autres pays d'Europe,import,2019,27,79,2023
TRIESTE,Autres pays d'Europe,import,2020,21,73,2023
TRIESTE,Autres pays d'Europe,import,2021,23,56,2023
TRIESTE,Autres pays d'Europe,import,2022,52,91,2023
TRIESTE,Autres pays d'Europe,import,2023,397,349,2023
TURQUIE,Autres pays d'Europe,import,2019,177750,806420,2023
TURQUIE,Autres pays d'Europe,import,2020,159993,627603,2023
TURQUIE,Autres pays d'Europe,import,2021,229431,430235,2023
TURQUIE,Autres pays d'Europe,import,2022,251834,500441,2023
TURQUIE,Autres pays d'Europe,import,2023,176062,287210,2023
BURUNDI,Afrique centrale,import,2019,,,2023
BURUNDI,Afrique centrale,import,2020,,,2023
BURUNDI,Afrique centrale,import,2021,21,2,2023
BURUNDI,Afrique centrale,import,2022,,,2023
BURUNDI,Afrique centrale,import,2023,13,1,2023
CAMEROUN,Afrique centrale,import,2019,18863,67304,2023
CAMEROUN,Afrique centrale,import,2020,11415,53791,2023
CAMEROUN,Afrique centrale,import,2021,14302,64484,2023
CAMEROUN,Afrique centrale,import,2022,14018,64612,2023
CAMEROUN,Afrique centrale,import,2023,15070,69182,2023
CENTRE AFRIQUE,Afrique centrale,import,2019,8,1,2023
CENTRE AFRIQUE,Afrique centrale,import,2020,1467,296,2023
CENTRE AFRIQUE,Afrique centrale,import,2021,353,70,2023
CENTRE AFRIQUE,Afrique centrale,import,2022,36,127,2023
CENTRE AFRIQUE,Afrique centrale,import,2023,11,120,2023
CONGO,Afrique centrale,import,2019,433,542,2023
CONGO,Afrique centrale,import,2020,389,1422,2023
CONGO,Afrique centrale,import,2021,1219,3905,2023
CONGO,Afrique centrale,import,2022,2326,4021,2023
CONGO,Afrique centrale,import,2023,621,4145,2023
CONGO DEMOCRATIQUE,Afrique centrale,import,2019,572,5634,2023
CONGO DEMOCRATIQUE,Afrique centrale,import,2020,685,6341,2023
CONGO DEMOCRATIQUE,Afrique centrale,import,2021,715,4219,2023
CONGO DEMOCRATIQUE,Afrique centrale,import,2022,850,7179,2023
CONGO DEMOCRATIQUE,Afrique centrale,import,2023,61,827,2023
GABON,Afrique centrale,import,2019,396,2155,2023
GABON,Afrique centrale,import,2020,482,2625,2023
GABON,Afrique centrale,import,2021,2078,5376,2023
GABON,Afrique centrale,import,2022,2778,5708,2023
GABON,Afrique centrale,import,2023,3795,10821,2023
GUINEE EQUATORIALE,Afrique centrale,import,2019,2386,8327,2023
GUINEE EQUATORIALE,Afrique centrale,import,2020,,,2023
GUINEE EQUATORIALE,Afrique centrale,import,2021,2,20,2023
GUINEE EQUATORIALE,Afrique centrale,import,2022,,,2023
GUINEE EQUATORIALE,Afrique centrale,import,2023,26,224,2023
RWANDA,Afrique centrale,import,2019,413,213,2023
RWANDA,Afrique centrale,import,2020,4,0,2023
RWANDA,Afrique centrale,import,2021,130,20,2023
RWANDA,Afrique centrale,import,2022,,,2023
RWANDA,Afrique centrale,import,2023,4,2,2023
SAINT THOMAS ILE DU PRINCE,Afrique centrale,import,2019,,,2023
SAINT THOMAS ILE DU PRINCE,Afrique centrale,import,2020,,,2023
SAINT THOMAS ILE DU PRINCE,Afrique centrale,import,2021,588,113,2023
SAINT THOMAS ILE DU PRINCE,Afrique centrale,import,2022,11,29,2023
SAINT THOMAS ILE DU PRINCE,Afrique centrale,import,2023,,,2023
TCHAD,Afrique centrale,import,2019,1,2,2023
TCHAD,Afrique centrale,import,2020,86,2,2023
TCHAD,Afrique centrale,import,2021,2,0,2023
TCHAD,Afrique centrale,import,2022,1,5,2023
TCHAD,Afrique centrale,import,2023,,,2023
ALGERIE,Afrique du Nord,import,2019,3661,90248,2023
ALGERIE,Afrique du Nord,import,2020,15173,432861,2023
ALGERIE,Afrique du Nord,import,2021,21678,347548,2023
ALGERIE,Afrique du Nord,import,2022,36621,625545,2023
ALGERIE,Afrique du Nord,import,2023,41693,293852,2023
EGYPTE,Afrique du Nord,import,2019,20874,51164,2023
EGYPTE,Afrique du Nord,import,2020,20415,48419,2023
EGYPTE,Afrique du Nord,import,2021,36182,353600,2023
EGYPTE,Afrique du Nord,import,2022,52967,401323,2023
EGYPTE,Afrique du Nord,import,2023,74737,337280,2023
ILES CANARIES,Afrique du Nord,import,2019,0,0,2023
ILES CANARIES,Afrique du Nord,import,2020,,,2023
ILES CANARIES,Afrique du Nord,import,2021,3,28,2023
ILES CANARIES,Afrique du Nord,import,2022,,,2023
ILES CANARIES,Afrique du Nord,import,2023,,,2023
LIBYE,Afrique du Nord,import,2019,20,10,2023
LIBYE,Afrique du Nord,import,2020,3,2,2023
LIBYE,Afrique du Nord,import,2021,181,662,2023
LIBYE,Afrique du Nord,import,2022,1581,2238,2023
LIBYE,Afrique du Nord,import,2023,19,44,2023
MAROC,Afrique du Nord,import,2019,74829,151039,2023
MAROC,Afrique du Nord,import,2020,84614,138461,2023
MAROC,Afrique du Nord,import,2021,91500,166530,2023
MAROC,Afrique du Nord,import,2022,92360,208905,2023
MAROC,Afrique du Nord,import,2023,123362,247214,2023
SOUDAN,Afrique du Nord,import,2019,6230,2069,2023
SOUDAN,Afrique du Nord,import,2020,997,2217,2023
SOUDAN,Afrique du Nord,import,2021,6610,788,2023
SOUDAN,Afrique du Nord,import,2022,482,302,2023
SOUDAN,Afrique du Nord,import,2023,326,390,2023
TUNISIE,Afrique du Nord,import,2019,27239,96524,2023
TUNISIE,Afrique du Nord,import,2020,22771,112301,2023
TUNISIE,Afrique du Nord,import,2021,26989,123743,2023
TUNISIE,Afrique du Nord,import,2022,28385,130444,2023
TUNISIE,Afrique du Nord,import,2023,39222,126982,2023
BENIN,Afrique occidentale,import,2019,459,905,2023
BENIN,Afrique occidentale,import,2020,937,1152,2023
BENIN,Afrique occidentale,import,2021,1221,3775,2023
BENIN,Afrique occidentale,import,2022,384,369,2023
BENIN,Afrique occidentale,import,2023,1763,5087,2023
BURKINA FASO,Afrique occidentale,import,2019,245,1067,2023
BURKINA FASO,Afrique occidentale,import,2020,316,247,2023
BURKINA FASO,Afrique occidentale,import,2021,387,581,2023
BURKINA FASO,Afrique occidentale,import,2022,884,69,2023
BURKINA FASO,Afrique occidentale,import,2023,340,152,2023
COTE D'IVOIRE,Afrique occidentale,import,2019,55198,140726,2023
COTE D'IVOIRE,Afrique occidentale,import,2020,58708,138706,2023
COTE D'IVOIRE,Afrique occidentale,import,2021,58199,127975,2023
COTE D'IVOIRE,Afrique occidentale,import,2022,72860,114595,2023
COTE D'IVOIRE,Afrique occidentale,import,2023,54040,87867,2023
GAMBIE,Afrique occidentale,import,2019,1792,1946,2023
GAMBIE,Afrique occidentale,import,2020,10441,21054,2023
GAMBIE,Afrique occidentale,import,2021,3882,6103,2023
GAMBIE,Afrique occidentale,import,2022,2219,3592,2023
GAMBIE,Afrique occidentale,import,2023,4562,7343,2023
GHANA,Afrique occidentale,import,2019,42970,83342,2023
GHANA,Afrique occidentale,import,2020,62779,113965,2023
GHANA,Afrique occidentale,import,2021,41477,67257,2023
GHANA,Afrique occidentale,import,2022,43571,73357,2023
GHANA,Afrique occidentale,import,2023,20930,43242,2023
GUINEE BISSAU,Afrique occidentale,import,2019,10,44,2023
GUINEE BISSAU,Afrique occidentale,import,2020,23,8,2023
GUINEE BISSAU,Afrique occidentale,import,2021,212,397,2023
GUINEE BISSAU,Afrique occidentale,import,2022,139,261,2023
GUINEE BISSAU,Afrique occidentale,import,2023,132,308,2023
GUINEE REPUBLIQUE,Afrique occidentale,import,2019,1068,2399,2023
GUINEE REPUBLIQUE,Afrique occidentale,import,2020,1321,4865,2023
GUINEE REPUBLIQUE,Afrique occidentale,import,2021,1915,14179,2023
GUINEE REPUBLIQUE,Afrique occidentale,import,2022,7797,26164,2023
GUINEE REPUBLIQUE,Afrique occidentale,import,2023,6104,20625,2023
ILES DU CAP VERT,Afrique occidentale,import,2019,402,867,2023
ILES DU CAP VERT,Afrique occidentale,import,2020,273,832,2023
ILES DU CAP VERT,Afrique occidentale,import,2021,1770,4275,2023
ILES DU CAP VERT,Afrique occidentale,import,2022,2592,3999,2023
ILES DU CAP VERT,Afrique occidentale,import,2023,9,10,2023
LIBERIA,Afrique occidentale,import,2019,8,22,2023
LIBERIA,Afrique occidentale,import,2020,3277,7592,2023
LIBERIA,Afrique occidentale,import,2021,1598,5253,2023
LIBERIA,Afrique occidentale,import,2022,759,1430,2023
LIBERIA,Afrique occidentale,import,2023,207,203,2023
MALI,Afrique occidentale,import,2019,1875,2381,2023
MALI,Afrique occidentale,import,2020,1573,1452,2023
MALI,Afrique occidentale,import,2021,2270,5369,2023
MALI,Afrique occidentale,import,2022,891,1057,2023
MALI,Afrique occidentale,import,2023,21606,6024,2023
MAURITANIE,Afrique occidentale,import,2019,3339,6116,2023
MAURITANIE,Afrique occidentale,import,2020,7961,22773,2023
MAURITANIE,Afrique occidentale,import,2021,2295,3548,2023
MAURITANIE,Afrique occidentale,import,2022,6611,12157,2023
MAURITANIE,Afrique occidentale,import,2023,17045,31351,2023
NIGER,Afrique occidentale,import,2019,974,580,2023
NIGER,Afrique occidentale,import,2020,220,343,2023
NIGER,Afrique occidentale,import,2021,460,155,2023
NIGER,Afrique occidentale,import,2022,50,100,2023
NIGER,Afrique occidentale,import,2023,338,212,2023
NIGERIA,Afrique occidentale,import,2019,245564,806262,2023
NIGERIA,Afrique occidentale,import,2020,257198,1067905,2023
NIGERIA,Afrique occidentale,import,2021,287563,1040221,2023
NIGERIA,Afrique occidentale,import,2022,331199,655773,2023
NIGERIA,Afrique occidentale,import,2023,617385,1457901,2023
SIERRA LEONE,Afrique occidentale,import,2019,4115,10847,2023
SIERRA LEONE,Afrique occidentale,import,2020,2514,4903,2023
SIERRA LEONE,Afrique occidentale,import,2021,9496,18522,2023
SIERRA LEONE,Afrique occidentale,import,2022,9801,16358,2023
SIERRA LEONE,Afrique occidentale,import,2023,2910,4514,2023
TOGO,Afrique occidentale,import,2019,23912,65326,2023
TOGO,Afrique occidentale,import,2020,22541,60367,2023
TOGO,Afrique occidentale,import,2021,17419,43796,2023
TOGO,Afrique occidentale,import,2022,8997,8971,2023
TOGO,Afrique occidentale,import,2023,9342,16121,2023
AFRIQUE DU SUD,Afrique orientale et du Sud,import,2019,58800,464046,2023
AFRIQUE DU SUD,Afrique orientale et du Sud,import,2020,49153,318437,2023
AFRIQUE DU SUD,Afrique orientale et du Sud,import,2021,77200,368282,2023
AFRIQUE DU SUD,Afrique orientale et du Sud,import,2022,111772,479473,2023
AFRIQUE DU SUD,Afrique orientale et du Sud,import,2023,119219,600906,2023
ANGOLA,Afrique orientale et du Sud,import,2019,287,600,2023
ANGOLA,Afrique orientale et du Sud,import,2020,3046,14712,2023
ANGOLA,Afrique orientale et du Sud,import,2021,2471,10028,2023
ANGOLA,Afrique orientale et du Sud,import,2022,2466,9417,2023
ANGOLA,Afrique orientale et du Sud,import,2023,3758,13028,2023
BOTSWANA,Afrique orientale et du Sud,import,2019,,,2023
BOTSWANA,Afrique orientale et du Sud,import,2020,,,2023
BOTSWANA,Afrique orientale et du Sud,import,2021,,,2023
BOTSWANA,Afrique orientale et du Sud,import,2022,,,2023
BOTSWANA,Afrique orientale et du Sud,import,2023,0,1,2023
DJIBOUTI,Afrique orientale et du Sud,import,2019,9,3,2023
DJIBOUTI,Afrique orientale et du Sud,import,2020,20,30,2023
DJIBOUTI,Afrique orientale et du Sud,import,2021,22,29,2023
DJIBOUTI,Afrique orientale et du Sud,import,2022,5,4,2023
DJIBOUTI,Afrique orientale et du Sud,import,2023,8,2,2023
ETHIOPIE,Afrique orientale et du Sud,import,2019,62,14,2023
ETHIOPIE,Afrique orientale et du Sud,import,2020,92,6,2023
ETHIOPIE,Afrique orientale et du Sud,import,2021,59,14,2023
ETHIOPIE,Afrique orientale et du Sud,import,2022,46,17,2023
ETHIOPIE,Afrique orientale et du Sud,import,2023,787,4005,2023
ILE STE HELENE,Afrique orientale et du Sud,import,2019,292,21,2023
ILE STE HELENE,Afrique orientale et du Sud,import,2020,21,94,2023
ILE STE HELENE,Afrique orientale et du Sud,import,2021,2,1,2023
ILE STE HELENE,Afrique orientale et du Sud,import,2022,652,4869,2023
ILE STE HELENE,Afrique orientale et du Sud,import,2023,1865,5261,2023
ILES MAURICE,Afrique orientale et du Sud,import,2019,352,63,2023
ILES MAURICE,Afrique orientale et du Sud,import,2020,714,128,2023
ILES MAURICE,Afrique orientale et du Sud,import,2021,721,598,2023
ILES MAURICE,Afrique orientale et du Sud,import,2022,650,187,2023
ILES MAURICE,Afrique orientale et du Sud,import,2023,4588,485,2023
KENYA,Afrique orientale et du Sud,import,2019,724,403,2023
KENYA,Afrique orientale et du Sud,import,2020,632,714,2023
KENYA,Afrique orientale et du Sud,import,2021,2117,516,2023
KENYA,Afrique orientale et du Sud,import,2022,334,341,2023
KENYA,Afrique orientale et du Sud,import,2023,488,761,2023
MADAGASCAR,Afrique orientale et du Sud,import,2019,63,1,2023
MADAGASCAR,Afrique orientale et du Sud,import,2020,60,8,2023
MADAGASCAR,Afrique orientale et du Sud,import,2021,74,13,2023
MADAGASCAR,Afrique orientale et du Sud,import,2022,32,153,2023
MADAGASCAR,Afrique orientale et du Sud,import,2023,27,134,2023
MALAWI,Afrique orientale et du Sud,import,2019,243,556,2023
MALAWI,Afrique orientale et du Sud,import,2020,131,159,2023
MALAWI,Afrique orientale et du Sud,import,2021,182,306,2023
MALAWI,Afrique orientale et du Sud,import,2022,177,174,2023
MALAWI,Afrique orientale et du Sud,import,2023,315,198,2023
MOZAMBIQUE,Afrique orientale et du Sud,import,2019,8185,155251,2023
MOZAMBIQUE,Afrique orientale et du Sud,import,2020,3029,80796,2023
MOZAMBIQUE,Afrique orientale et du Sud,import,2021,4310,80189,2023
MOZAMBIQUE,Afrique orientale et du Sud,import,2022,26249,205554,2023
MOZAMBIQUE,Afrique orientale et du Sud,import,2023,23201,247734,2023
NAMIBIE,Afrique orientale et du Sud,import,2019,12,28,2023
NAMIBIE,Afrique orientale et du Sud,import,2020,,,2023
NAMIBIE,Afrique orientale et du Sud,import,2021,,,2023
NAMIBIE,Afrique orientale et du Sud,import,2022,15811,19170,2023
NAMIBIE,Afrique orientale et du Sud,import,2023,32,248,2023
OUGANDA,Afrique orientale et du Sud,import,2019,302,182,2023
OUGANDA,Afrique orientale et du Sud,import,2020,187,164,2023
OUGANDA,Afrique orientale et du Sud,import,2021,143,198,2023
OUGANDA,Afrique orientale et du Sud,import,2022,369,230,2023
OUGANDA,Afrique orientale et du Sud,import,2023,81,57,2023
REPUBLIQUE DE SOMALIE,Afrique orientale et du Sud,import,2019,793,1004,2023
REPUBLIQUE DE SOMALIE,Afrique orientale et du Sud,import,2020,1764,1542,2023
REPUBLIQUE DE SOMALIE,Afrique orientale et du Sud,import,2021,2105,2318,2023
REPUBLIQUE DE SOMALIE,Afrique orientale et du Sud,import,2022,2014,2120,2023
REPUBLIQUE DE SOMALIE,Afrique orientale et du Sud,import,2023,1284,1372,2023
REUNION,Afrique orientale et du Sud,import,2019,4,17,2023
REUNION,Afrique orientale et du Sud,import,2020,70,48,2023
REUNION,Afrique orientale et du Sud,import,2021,81,58,2023
REUNION,Afrique orientale et du Sud,import,2022,16,2,2023
REUNION,Afrique orientale et du Sud,import,2023,3,8,2023
SEYCHELLES,Afrique orientale et du Sud,import,2019,13,1,2023
SEYCHELLES,Afrique orientale et du Sud,import,2020,,,2023
SEYCHELLES,Afrique orientale et du Sud,import,2021,237,13,2023
SEYCHELLES,Afrique orientale et du Sud,import,2022,896,51,2023
SEYCHELLES,Afrique orientale et du Sud,import,2023,479,3,2023
SWAZILAND,Afrique orientale et du Sud,import,2019,439,69,2023
SWAZILAND,Afrique orientale et du Sud,import,2020,24,21,2023
SWAZILAND,Afrique orientale et du Sud,import,2021,106,67,2023
SWAZILAND,Afrique orientale et du Sud,import,2022,456,483,2023
SWAZILAND,Afrique orientale et du Sud,import,2023,2428,5139,2023
TANZANIE,Afrique orientale et du Sud,import,2019,79,63,2023
TANZANIE,Afrique orientale et du Sud,import,2020,118,175,2023
TANZANIE,Afrique orientale et du Sud,import,2021,167,155,2023
TANZANIE,Afrique orientale et du Sud,import,2022,12658,84226,2023
TANZANIE,Afrique orientale et du Sud,import,2023,156,268,2023
ZAMBIE,Afrique orientale et du Sud,import,2019,19,0,2023
ZAMBIE,Afrique orientale et du Sud,import,2020,48,55,2023
ZAMBIE,Afrique orientale et du Sud,import,2021,,,2023
ZAMBIE,Afrique orientale et du Sud,import,2022,84,26,2023
ZAMBIE,Afrique orientale et du Sud,import,2023,8,2,2023
ZIMBABWE,Afrique orientale et du Sud,import,2019,,,2023
ZIMBABWE,Afrique orientale et du Sud,import,2020,,,2023
ZIMBABWE,Afrique orientale et du Sud,import,2021,,,2023
ZIMBABWE,Afrique orientale et du Sud,import,2022,6,3,2023
ZIMBABWE,Afrique orientale et du Sud,import,2023,0,0,2023
CANADA,Amérique du Nord,import,2019,21203,43482,2023
CANADA,Amérique du Nord,import,2020,23312,40469,2023
CANADA,Amérique du Nord,import,2021,27818,42202,2023
CANADA,Amérique du Nord,import,2022,20753,25162,2023
CANADA,Amérique du Nord,import,2023,24812,39262,2023
ETATS UNIS D'AMERIQUE,Amérique du Nord,import,2019,93605,121812,2023
ETATS UNIS D'AMERIQUE,Amérique du Nord,import,2020,117554,227337,2023
ETATS UNIS D'AMERIQUE,Amérique du Nord,import,2021,150365,225576,2023
ETATS UNIS D'AMERIQUE,Amérique du Nord,import,2022,206447,274653,2023
ETATS UNIS D'AMERIQUE,Amérique du Nord,import,2023,173828,189287,2023
GROENLAND,Amérique du Nord,import,2019,,,2023
GROENLAND,Amérique du Nord,import,2020,,,2023
GROENLAND,Amérique du Nord,import,2021,,,2023
GROENLAND,Amérique du Nord,import,2022,,,2023
GROENLAND,Amérique du Nord,import,2023,9,13,2023
SAINT PIERRE ET MIQUELON,Amérique du Nord,import,2019,,,2023
SAINT PIERRE ET MIQUELON,Amérique du Nord,import,2020,,,2023
SAINT PIERRE ET MIQUELON,Amérique du Nord,import,2021,,,2023
SAINT PIERRE ET MIQUELON,Amérique du Nord,import,2022,3,1,2023
SAINT PIERRE ET MIQUELON,Amérique du Nord,import,2023,,,2023
ANTIGUA-BARBUDA,Amérique centrale et du Sud,import,2019,3252,15468,2023
ANTIGUA-BARBUDA,Amérique centrale et du Sud,import,2020,1532,5946,2023
ANTIGUA-BARBUDA,Amérique centrale et du Sud,import,2021,2187,5923,2023
ANTIGUA-BARBUDA,Amérique centrale et du Sud,import,2022,415,2145,2023
ANTIGUA-BARBUDA,Amérique centrale et du Sud,import,2023,3309,10089,2023
ARGENTINE,Amérique centrale et du Sud,import,2019,60034,432636,2023
ARGENTINE,Amérique centrale et du Sud,import,2020,57466,385136,2023
ARGENTINE,Amérique centrale et du Sud,import,2021,102790,542237,2023
ARGENTINE,Amérique centrale et du Sud,import,2022,189434,698606,2023
ARGENTINE,Amérique centrale et du Sud,import,2023,101465,432374,2023
BOLIVIE,Amérique centrale et du Sud,import,2019,,,2023
BOLIVIE,Amérique centrale et du Sud,import,2020,265,1005,2023
BOLIVIE,Amérique centrale et du Sud,import,2021,,,2023
BOLIVIE,Amérique centrale et du Sud,import,2022,6,0,2023
BOLIVIE,Amérique centrale et du Sud,import,2023,2033,6325,2023
BRESIL,Amérique centrale et du Sud,import,2019,72226,205358,2023
BRESIL,Amérique centrale et du Sud,import,2020,98360,384993,2023
BRESIL,Amérique centrale et du Sud,import,2021,88817,243319,2023
BRESIL,Amérique centrale et du Sud,import,2022,114178,330594,2023
BRESIL,Amérique centrale et du Sud,import,2023,122285,443410,2023
CHILI,Amérique centrale et du Sud,import,2019,543,972,2023
CHILI,Amérique centrale et du Sud,import,2020,431,594,2023
CHILI,Amérique centrale et du Sud,import,2021,398,503,2023
CHILI,Amérique centrale et du Sud,import,2022,346,237,2023
CHILI,Amérique centrale et du Sud,import,2023,1183,407,2023
COLOMBIE,Amérique centrale et du Sud,import,2019,1646,339,2023
COLOMBIE,Amérique centrale et du Sud,import,2020,2287,5352,2023
COLOMBIE,Amérique centrale et du Sud,import,2021,3457,531,2023
COLOMBIE,Amérique centrale et du Sud,import,2022,5472,879,2023
COLOMBIE,Amérique centrale et du Sud,import,2023,8001,1388,2023
COSTA RICA,Amérique centrale et du Sud,import,2019,1015,1378,2023
COSTA RICA,Amérique centrale et du Sud,import,2020,229,498,2023
COSTA RICA,Amérique centrale et du Sud,import,2021,249,217,2023
COSTA RICA,Amérique centrale et du Sud,import,2022,1213,1318,2023
COSTA RICA,Amérique centrale et du Sud,import,2023,1486,1581,2023
CUBA,Amérique centrale et du Sud,import,2019,1139,5401,2023
CUBA,Amérique centrale et du Sud,import,2020,23,0,2023
CUBA,Amérique centrale et du Sud,import,2021,80,1,2023
CUBA,Amérique centrale et du Sud,import,2022,37,0,2023
CUBA,Amérique centrale et du Sud,import,2023,10,0,2023
CURUCAO,Amérique centrale et du Sud,import,2019,,,2023
CURUCAO,Amérique centrale et du Sud,import,2020,,,2023
CURUCAO,Amérique centrale et du Sud,import,2021,,,2023
CURUCAO,Amérique centrale et du Sud,import,2022,,,2023
CURUCAO,Amérique centrale et du Sud,import,2023,3,17,2023
EQUATEUR,Amérique centrale et du Sud,import,2019,184,1070,2023
EQUATEUR,Amérique centrale et du Sud,import,2020,61,103,2023
EQUATEUR,Amérique centrale et du Sud,import,2021,,,2023
EQUATEUR,Amérique centrale et du Sud,import,2022,550,335,2023
EQUATEUR,Amérique centrale et du Sud,import,2023,15,23,2023
GUADELOUPE,Amérique centrale et du Sud,import,2019,,,2023
GUADELOUPE,Amérique centrale et du Sud,import,2020,7,20,2023
GUADELOUPE,Amérique centrale et du Sud,import,2021,1,0,2023
GUADELOUPE,Amérique centrale et du Sud,import,2022,7,0,2023
GUADELOUPE,Amérique centrale et du Sud,import,2023,6,3,2023
GUATEMALA,Amérique centrale et du Sud,import,2019,1869,5129,2023
GUATEMALA,Amérique centrale et du Sud,import,2020,3382,10230,2023
GUATEMALA,Amérique centrale et du Sud,import,2021,4,0,2023
GUATEMALA,Amérique centrale et du Sud,import,2022,3,0,2023
GUATEMALA,Amérique centrale et du Sud,import,2023,4,0,2023
GUYANA,Amérique centrale et du Sud,import,2019,,,2023
GUYANA,Amérique centrale et du Sud,import,2020,,,2023
GUYANA,Amérique centrale et du Sud,import,2021,0,0,2023
GUYANA,Amérique centrale et du Sud,import,2022,,,2023
GUYANA,Amérique centrale et du Sud,import,2023,15,24,2023
GUYANE FRANCAISE,Amérique centrale et du Sud,import,2019,,,2023
GUYANE FRANCAISE,Amérique centrale et du Sud,import,2020,,,2023
GUYANE FRANCAISE,Amérique centrale et du Sud,import,2021,21,36,2023
GUYANE FRANCAISE,Amérique centrale et du Sud,import,2022,,,2023
GUYANE FRANCAISE,Amérique centrale et du Sud,import,2023,,,2023
HAITI,Amérique centrale et du Sud,import,2019,19,44,2023
HAITI,Amérique centrale et du Sud,import,2020,12,27,2023
HAITI,Amérique centrale et du Sud,import,2021,17,51,2023
HAITI,Amérique centrale et du Sud,import,2022,14,51,2023
HAITI,Amérique centrale et du Sud,import,2023,9,1,2023
HONDURAS,Amérique centrale et du Sud,import,2019,8,18,2023
HONDURAS,Amérique centrale et du Sud,import,2020,19,32,2023
HONDURAS,Amérique centrale et du Sud,import,2021,25,94,2023
HONDURAS,Amérique centrale et du Sud,import,2022,164,90,2023
HONDURAS,Amérique centrale et du Sud,import,2023,33,209,2023
HONDURAS BRITANIQUE,Amérique centrale et du Sud,import,2019,263,152,2023
HONDURAS BRITANIQUE,Amérique centrale et du Sud,import,2020,39,191,2023
HONDURAS BRITANIQUE,Amérique centrale et du Sud,import,2021,461,1287,2023
HONDURAS BRITANIQUE,Amérique centrale et du Sud,import,2022,45,104,2023
HONDURAS BRITANIQUE,Amérique centrale et du Sud,import,2023,1871,6320,2023
ILES BRAHAMAS,Amérique centrale et du Sud,import,2019,139,180,2023
ILES BRAHAMAS,Amérique centrale et du Sud,import,2020,2044,276,2023
ILES BRAHAMAS,Amérique centrale et du Sud,import,2021,1,2,2023
ILES BRAHAMAS,Amérique centrale et du Sud,import,2022,10,0,2023
ILES BRAHAMAS,Amérique centrale et du Sud,import,2023,423,245,2023
ILES CALQUES,Amérique centrale et du Sud,import,2019,41,44,2023
ILES CALQUES,Amérique centrale et du Sud,import,2020,7,4,2023
ILES CALQUES,Amérique centrale et du Sud,import,2021,32,18,2023
ILES CALQUES,Amérique centrale et du Sud,import,2022,20,7,2023
ILES CALQUES,Amérique centrale et du Sud,import,2023,97,84,2023
ILES FALKLAND (ILES MALVINAS),Amérique centrale et du Sud,import,2019,15,77,2023
ILES FALKLAND (ILES MALVINAS),Amérique centrale et du Sud,import,2020,,,2023
ILES FALKLAND (ILES MALVINAS),Amérique centrale et du Sud,import,2021,922,435,2023
ILES FALKLAND (ILES MALVINAS),Amérique centrale et du Sud,import,2022,1454,596,2023
ILES FALKLAND (ILES MALVINAS),Amérique centrale et du Sud,import,2023,1295,516,2023
ILES VIERGES DES USA,Amérique centrale et du Sud,import,2019,751,1766,2023
ILES VIERGES DES USA,Amérique centrale et du Sud,import,2020,4032,15451,2023
ILES VIERGES DES USA,Amérique centrale et du Sud,import,2021,1927,6716,2023
ILES VIERGES DES USA,Amérique centrale et du Sud,import,2022,257,550,2023
ILES VIERGES DES USA,Amérique centrale et du Sud,import,2023,453,940,2023
MEXIQUE,Amérique centrale et du Sud,import,2019,2610,753,2023
MEXIQUE,Amérique centrale et du Sud,import,2020,2892,913,2023
MEXIQUE,Amérique centrale et du Sud,import,2021,3141,1265,2023
MEXIQUE,Amérique centrale et du Sud,import,2022,8156,6621,2023
MEXIQUE,Amérique centrale et du Sud,import,2023,3908,701,2023
NICARAGUA,Amérique centrale et du Sud,import,2019,1,0,2023
NICARAGUA,Amérique centrale et du Sud,import,2020,16,0,2023
NICARAGUA,Amérique centrale et du Sud,import,2021,114,425,2023
NICARAGUA,Amérique centrale et du Sud,import,2022,,,2023
NICARAGUA,Amérique centrale et du Sud,import,2023,2223,9070,2023
PANAMA,Amérique centrale et du Sud,import,2019,95,330,2023
PANAMA,Amérique centrale et du Sud,import,2020,922,43,2023
PANAMA,Amérique centrale et du Sud,import,2021,219,383,2023
PANAMA,Amérique centrale et du Sud,import,2022,38,140,2023
PANAMA,Amérique centrale et du Sud,import,2023,169,438,2023
PARAGUAY,Amérique centrale et du Sud,import,2019,2270,12079,2023
PARAGUAY,Amérique centrale et du Sud,import,2020,1606,6533,2023
PARAGUAY,Amérique centrale et du Sud,import,2021,5780,32787,2023
PARAGUAY,Amérique centrale et du Sud,import,2022,2341,10064,2023
PARAGUAY,Amérique centrale et du Sud,import,2023,1553,7368,2023
PEROU,Amérique centrale et du Sud,import,2019,319,588,2023
PEROU,Amérique centrale et du Sud,import,2020,184,147,2023
PEROU,Amérique centrale et du Sud,import,2021,79,119,2023
PEROU,Amérique centrale et du Sud,import,2022,89,166,2023
PEROU,Amérique centrale et du Sud,import,2023,149,109,2023
SAINT DOMINGUE,Amérique centrale et du Sud,import,2019,3499,1432,2023
SAINT DOMINGUE,Amérique centrale et du Sud,import,2020,1507,233,2023
SAINT DOMINGUE,Amérique centrale et du Sud,import,2021,86,7,2023
SAINT DOMINGUE,Amérique centrale et du Sud,import,2022,1196,140,2023
SAINT DOMINGUE,Amérique centrale et du Sud,import,2023,43,31,2023
SALVADOR,Amérique centrale et du Sud,import,2019,3,2,2023
SALVADOR,Amérique centrale et du Sud,import,2020,,,2023
SALVADOR,Amérique centrale et du Sud,import,2021,,,2023
SALVADOR,Amérique centrale et du Sud,import,2022,,,2023
SALVADOR,Amérique centrale et du Sud,import,2023,,,2023
SURINAM,Amérique centrale et du Sud,import,2019,43,19,2023
SURINAM,Amérique centrale et du Sud,import,2020,6,15,2023
SURINAM,Amérique centrale et du Sud,import,2021,26,4,2023
SURINAM,Amérique centrale et du Sud,import,2022,62,135,2023
SURINAM,Amérique centrale et du Sud,import,2023,357,312,2023
TRINIDAD ET TOBAGO,Amérique centrale et du Sud,import,2019,3551,9000,2023
TRINIDAD ET TOBAGO,Amérique centrale et du Sud,import,2020,3255,12084,2023
TRINIDAD ET TOBAGO,Amérique centrale et du Sud,import,2021,2761,10293,2023
TRINIDAD ET TOBAGO,Amérique centrale et du Sud,import,2022,6483,12325,2023
TRINIDAD ET TOBAGO,Amérique centrale et du Sud,import,2023,1343,5001,2023
URUGUAY,Amérique centrale et du Sud,import,2019,12276,128557,2023
URUGUAY,Amérique centrale et du Sud,import,2020,7251,31749,2023
URUGUAY,Amérique centrale et du Sud,import,2021,6473,24353,2023
URUGUAY,Amérique centrale et du Sud,import,2022,850,631,2023
URUGUAY,Amérique centrale et du Sud,import,2023,5022,23105,2023
VENEZUELA,Amérique centrale et du Sud,import,2019,306,49,2023
VENEZUELA,Amérique centrale et du Sud,import,2020,98,18,2023
VENEZUELA,Amérique centrale et du Sud,import,2021,1329,61,2023
VENEZUELA,Amérique centrale et du Sud,import,2022,591,79,2023
VENEZUELA,Amérique centrale et du Sud,import,2023,97,145,2023
ARABIE SEOUDITE,Asie occidentale,import,2019,14530,20548,2023
ARABIE SEOUDITE,Asie occidentale,import,2020,14397,23849,2023
ARABIE SEOUDITE,Asie occidentale,import,2021,34446,142019,2023
ARABIE SEOUDITE,Asie occidentale,import,2022,59519,127458,2023
ARABIE SEOUDITE,Asie occidentale,import,2023,24981,47481,2023
BAHREIN,Asie occidentale,import,2019,2104,1547,2023
BAHREIN,Asie occidentale,import,2020,1405,1236,2023
BAHREIN,Asie occidentale,import,2021,1641,1040,2023
BAHREIN,Asie occidentale,import,2022,7280,10783,2023
BAHREIN,Asie occidentale,import,2023,2575,1035,2023
EMIRATS ARABES UNIS,Asie occidentale,import,2019,89181,229250,2023
EMIRATS ARABES UNIS,Asie occidentale,import,2020,125636,602311,2023
EMIRATS ARABES UNIS,Asie occidentale,import,2021,213597,954546,2023
EMIRATS ARABES UNIS,Asie occidentale,import,2022,363737,998530,2023
EMIRATS ARABES UNIS,Asie occidentale,import,2023,373252,1192902,2023
IRAK,Asie occidentale,import,2019,32,90,2023
IRAK,Asie occidentale,import,2020,26,99,2023
IRAK,Asie occidentale,import,2021,84,546,2023
IRAK,Asie occidentale,import,2022,290,1744,2023
IRAK,Asie occidentale,import,2023,68,383,2023
IRAN,Asie occidentale,import,2019,10861,12956,2023
IRAN,Asie occidentale,import,2020,10200,14175,2023
IRAN,Asie occidentale,import,2021,9813,9892,2023
IRAN,Asie occidentale,import,2022,11685,9379,2023
IRAN,Asie occidentale,import,2023,9923,9935,2023
ISRAEL,Asie occidentale,import,2019,1199,375,2023
ISRAEL,Asie occidentale,import,2020,4856,638,2023
ISRAEL,Asie occidentale,import,2021,5820,8748,2023
ISRAEL,Asie occidentale,import,2022,4084,1920,2023
ISRAEL,Asie occidentale,import,2023,16818,2988,2023
JORDANIE,Asie occidentale,import,2019,304,414,2023
JORDANIE,Asie occidentale,import,2020,532,570,2023
JORDANIE,Asie occidentale,import,2021,568,390,2023
JORDANIE,Asie occidentale,import,2022,1501,1427,2023
JORDANIE,Asie occidentale,import,2023,6275,15445,2023
KOWEIT,Asie occidentale,import,2019,1050,2362,2023
KOWEIT,Asie occidentale,import,2020,744,1315,2023
KOWEIT,Asie occidentale,import,2021,8125,23442,2023
KOWEIT,Asie occidentale,import,2022,15406,18194,2023
KOWEIT,Asie occidentale,import,2023,1449,2403,2023
LIBAN,Asie occidentale,import,2019,3178,2601,2023
LIBAN,Asie occidentale,import,2020,6047,46170,2023
LIBAN,Asie occidentale,import,2021,8621,4405,2023
LIBAN,Asie occidentale,import,2022,4922,4192,2023
LIBAN,Asie occidentale,import,2023,9527,21184,2023
OMAN,Asie occidentale,import,2019,1955,3657,2023
OMAN,Asie occidentale,import,2020,2297,4471,2023
OMAN,Asie occidentale,import,2021,3092,43175,2023
OMAN,Asie occidentale,import,2022,1691,2936,2023
OMAN,Asie occidentale,import,2023,4114,6884,2023
QATAR,Asie occidentale,import,2019,4608,7124,2023
QATAR,Asie occidentale,import,2020,6476,9753,2023
QATAR,Asie occidentale,import,2021,7242,8594,2023
QATAR,Asie occidentale,import,2022,28596,79899,2023
QATAR,Asie occidentale,import,2023,7888,10364,2023
SYRIE,Asie occidentale,import,2019,13,36,2023
SYRIE,Asie occidentale,import,2020,24,95,2023
SYRIE,Asie occidentale,import,2021,15,115,2023
SYRIE,Asie occidentale,import,2022,23,94,2023
SYRIE,Asie occidentale,import,2023,113,433,2023
YEMEN,Asie occidentale,import,2019,,,2023
YEMEN,Asie occidentale,import,2020,8,23,2023
YEMEN,Asie occidentale,import,2021,53,21,2023
YEMEN,Asie occidentale,import,2022,,,2023
YEMEN,Asie occidentale,import,2023,132,218,2023
AFGANISTAN,Autres pays d'Asie,import,2019,401,204,2023
AFGANISTAN,Autres pays d'Asie,import,2020,272,741,2023
AFGANISTAN,Autres pays d'Asie,import,2021,890,634,2023
AFGANISTAN,Autres pays d'Asie,import,2022,916,827,2023
AFGANISTAN,Autres pays d'Asie,import,2023,3195,10119,2023
BENGLADESH,Autres pays d'Asie,import,2019,98,123,2023
BENGLADESH,Autres pays d'Asie,import,2020,68,22,2023
BENGLADESH,Autres pays d'Asie,import,2021,281,109,2023
BENGLADESH,Autres pays d'Asie,import,2022,333,86,2023
BENGLADESH,Autres pays d'Asie,import,2023,442,169,2023
BHOUTAN,Autres pays d'Asie,import,2019,2,2,2023
BHOUTAN,Autres pays d'Asie,import,2020,,,2023
BHOUTAN,Autres pays d'Asie,import,2021,,,2023
BHOUTAN,Autres pays d'Asie,import,2022,,,2023
BHOUTAN,Autres pays d'Asie,import,2023,,,2023
BRUNEI,Autres pays d'Asie,import,2019,64,27,2023
BRUNEI,Autres pays d'Asie,import,2020,10,13,2023
BRUNEI,Autres pays d'Asie,import,2021,12,26,2023
BRUNEI,Autres pays d'Asie,import,2022,63,192,2023
BRUNEI,Autres pays d'Asie,import,2023,401,372,2023
CAMBODGE,Autres pays d'Asie,import,2019,401,597,2023
CAMBODGE,Autres pays d'Asie,import,2020,555,1033,2023
CAMBODGE,Autres pays d'Asie,import,2021,469,288,2023
CAMBODGE,Autres pays d'Asie,import,2022,561,526,2023
CAMBODGE,Autres pays d'Asie,import,2023,65,8,2023
COREE DU NORD,Autres pays d'Asie,import,2019,385,226,2023
COREE DU NORD,Autres pays d'Asie,import,2020,396,352,2023
COREE DU NORD,Autres pays d'Asie,import,2021,22965,62675,2023
COREE DU NORD,Autres pays d'Asie,import,2022,19030,24846,2023
COREE DU NORD,Autres pays d'Asie,import,2023,6233,8860,2023
COREE DU SUD,Autres pays d'Asie,import,2019,28867,22164,2023
COREE DU SUD,Autres pays d'Asie,import,2020,36693,40881,2023
COREE DU SUD,Autres pays d'Asie,import,2021,47753,45516,2023
COREE DU SUD,Autres pays d'Asie,import,2022,54376,32059,2023
COREE DU SUD,Autres pays d'Asie,import,2023,50849,47698,2023
HONG-KONG,Autres pays d'Asie,import,2019,17745,8146,2023
HONG-KONG,Autres pays d'Asie,import,2020,16397,1885,2023
HONG-KONG,Autres pays d'Asie,import,2021,18638,2086,2023
HONG-KONG,Autres pays d'Asie,import,2022,21274,1709,2023
HONG-KONG,Autres pays d'Asie,import,2023,26653,45867,2023
INDE,Autres pays d'Asie,import,2019,162280,404276,2023
INDE,Autres pays d'Asie,import,2020,192429,573870,2023
INDE,Autres pays d'Asie,import,2021,383729,1223945,2023
INDE,Autres pays d'Asie,import,2022,568176,1219875,2023
INDE,Autres pays d'Asie,import,2023,483697,1239281,2023
INDONESIE,Autres pays d'Asie,import,2019,18544,39234,2023
INDONESIE,Autres pays d'Asie,import,2020,18159,30363,2023
INDONESIE,Autres pays d'Asie,import,2021,17404,33051,2023
INDONESIE,Autres pays d'Asie,import,2022,110915,56457,2023
INDONESIE,Autres pays d'Asie,import,2023,90213,76580,2023
JAPON,Autres pays d'Asie,import,2019,82179,26168,2023
JAPON,Autres pays d'Asie,import,2020,62937,20261,2023
JAPON,Autres pays d'Asie,import,2021,91646,29109,2023
JAPON,Autres pays d'Asie,import,2022,108781,29429,2023
JAPON,Autres pays d'Asie,import,2023,83635,27667,2023
LAOS,Autres pays d'Asie,import,2019,,,2023
LAOS,Autres pays d'Asie,import,2020,,,2023
LAOS,Autres pays d'Asie,import,2021,3,2,2023
LAOS,Autres pays d'Asie,import,2022,782,867,2023
LAOS,Autres pays d'Asie,import,2023,,,2023
MACAO,Autres pays d'Asie,import,2019,258,287,2023
MACAO,Autres pays d'Asie,import,2020,32,15,2023
MACAO,Autres pays d'Asie,import,2021,51,49,2023
MACAO,Autres pays d'Asie,import,2022,8961,695,2023
MACAO,Autres pays d'Asie,import,2023,273,211,2023
MALAISIE,Autres pays d'Asie,import,2019,39286,71189,2023
MALAISIE,Autres pays d'Asie,import,2020,47860,137430,2023
MALAISIE,Autres pays d'Asie,import,2021,90391,155110,2023
MALAISIE,Autres pays d'Asie,import,2022,93894,83609,2023
MALAISIE,Autres pays d'Asie,import,2023,73570,115030,2023
MALDIVES,Autres pays d'Asie,import,2019,,,2023
MALDIVES,Autres pays d'Asie,import,2020,,,2023
MALDIVES,Autres pays d'Asie,import,2021,1,0,2023
MALDIVES,Autres pays d'Asie,import,2022,,,2023
MALDIVES,Autres pays d'Asie,import,2023,196,82,2023
MONGOLIE,Autres pays d'Asie,import,2019,1,2,2023
MONGOLIE,Autres pays d'Asie,import,2020,233,1003,2023
MONGOLIE,Autres pays d'Asie,import,2021,,,2023
MONGOLIE,Autres pays d'Asie,import,2022,1,0,2023
MONGOLIE,Autres pays d'Asie,import,2023,0,0,2023
NEPAL,Autres pays d'Asie,import,2019,13,1,2023
NEPAL,Autres pays d'Asie,import,2020,,,2023
NEPAL,Autres pays d'Asie,import,2021,,,2023
NEPAL,Autres pays d'Asie,import,2022,,,2023
NEPAL,Autres pays d'Asie,import,2023,,,2023
PAKISTAN,Autres pays d'Asie,import,2019,30392,136902,2023
PAKISTAN,Autres pays d'Asie,import,2020,27583,127484,2023
PAKISTAN,Autres pays d'Asie,import,2021,12809,44274,2023
PAKISTAN,Autres pays d'Asie,import,2022,41098,170599,2023
PAKISTAN,Autres pays d'Asie,import,2023,18706,63993,2023
PHILIPPINE,Autres pays d'Asie,import,2019,169,14,2023
PHILIPPINE,Autres pays d'Asie,import,2020,136,26,2023
PHILIPPINE,Autres pays d'Asie,import,2021,311,147,2023
PHILIPPINE,Autres pays d'Asie,import,2022,145,22,2023
PHILIPPINE,Autres pays d'Asie,import,2023,256,102,2023
REPUBLIQUE POPULAIRE DE CHINE,Autres pays d'Asie,import,2019,510372,797609,2023
REPUBLIQUE POPULAIRE DE CHINE,Autres pays d'Asie,import,2020,413905,733405,2023
REPUBLIQUE POPULAIRE DE CHINE,Autres pays d'Asie,import,2021,520384,840898,2023
REPUBLIQUE POPULAIRE DE CHINE,Autres pays d'Asie,import,2022,756959,1027998,2023
REPUBLIQUE POPULAIRE DE CHINE,Autres pays d'Asie,import,2023,783267,1180389,2023
SINGAPOUR,Autres pays d'Asie,import,2019,85546,234252,2023
SINGAPOUR,Autres pays d'Asie,import,2020,11105,35598,2023
SINGAPOUR,Autres pays d'Asie,import,2021,24008,29025,2023
SINGAPOUR,Autres pays d'Asie,import,2022,52897,35505,2023
SINGAPOUR,Autres pays d'Asie,import,2023,19229,21415,2023
SRI-LANKA,Autres pays d'Asie,import,2019,108,173,2023
SRI-LANKA,Autres pays d'Asie,import,2020,105,137,2023
SRI-LANKA,Autres pays d'Asie,import,2021,209,268,2023
SRI-LANKA,Autres pays d'Asie,import,2022,408,152,2023
SRI-LANKA,Autres pays d'Asie,import,2023,156,128,2023
TAIWAN,Autres pays d'Asie,import,2019,2401,1559,2023
TAIWAN,Autres pays d'Asie,import,2020,1379,1242,2023
TAIWAN,Autres pays d'Asie,import,2021,2618,1496,2023
TAIWAN,Autres pays d'Asie,import,2022,5598,2498,2023
TAIWAN,Autres pays d'Asie,import,2023,3275,1392,2023
THAILANDE,Autres pays d'Asie,import,2019,68887,224238,2023
THAILANDE,Autres pays d'Asie,import,2020,42735,114810,2023
THAILANDE,Autres pays d'Asie,import,2021,46714,123554,2023
THAILANDE,Autres pays d'Asie,import,2022,87843,230175,2023
THAILANDE,Autres pays d'Asie,import,2023,89866,213661,2023
TIMOR PORTUGAIS,Autres pays d'Asie,import,2019,75,159,2023
TIMOR PORTUGAIS,Autres pays d'Asie,import,2020,140,287,2023
TIMOR PORTUGAIS,Autres pays d'Asie,import,2021,163,154,2023
TIMOR PORTUGAIS,Autres pays d'Asie,import,2022,129,192,2023
TIMOR PORTUGAIS,Autres pays d'Asie,import,2023,298,1493,2023
UNION BIRMANE,Autres pays d'Asie,import,2019,1817,8524,2023
UNION BIRMANE,Autres pays d'Asie,import,2020,12462,56566,2023
UNION BIRMANE,Autres pays d'Asie,import,2021,41,576,2023
UNION BIRMANE,Autres pays d'Asie,import,2022,0,0,2023
UNION BIRMANE,Autres pays d'Asie,import,2023,,,2023
VIETNAM,Autres pays d'Asie,import,2019,15773,53800,2023
VIETNAM,Autres pays d'Asie,import,2020,25471,88244,2023
VIETNAM,Autres pays d'Asie,import,2021,6938,6822,2023
VIETNAM,Autres pays d'Asie,import,2022,8470,6841,2023
VIETNAM,Autres pays d'Asie,import,2023,5460,15188,2023
AUSTRALIE,Océanie,import,2019,5929,1449,2023
AUSTRALIE,Océanie,import,2020,7474,2026,2023
AUSTRALIE,Océanie,import,2021,16347,11797,2023
AUSTRALIE,Océanie,import,2022,14746,5380,2023
AUSTRALIE,Océanie,import,2023,25609,6156,2023
ILES COOK,Océanie,import,2019,,,2023
ILES COOK,Océanie,import,2020,,,2023
ILES COOK,Océanie,import,2021,,,2023
ILES COOK,Océanie,import,2022,,,2023
ILES COOK,Océanie,import,2023,2,2,2023
ILES PACIFIQUES US,Océanie,import,2019,52,206,2023
ILES PACIFIQUES US,Océanie,import,2020,,,2023
ILES PACIFIQUES US,Océanie,import,2021,,,2023
ILES PACIFIQUES US,Océanie,import,2022,,,2023
ILES PACIFIQUES US,Océanie,import,2023,,,2023
NAURU,Océanie,import,2019,4,0,2023
NAURU,Océanie,import,2020,35,7,2023
NAURU,Océanie,import,2021,1,0,2023
NAURU,Océanie,import,2022,74,28,2023
NAURU,Océanie,import,2023,3,0,2023
NOUVELLE CALEDONIE,Océanie,import,2019,,,2023
NOUVELLE CALEDONIE,Océanie,import,2020,,,2023
NOUVELLE CALEDONIE,Océanie,import,2021,,,2023
NOUVELLE CALEDONIE,Océanie,import,2022,4,24,2023
NOUVELLE CALEDONIE,Océanie,import,2023,0,1,2023
NOUVELLE GUINEE ET PAPOUASIE,Océanie,import,2019,35,31,2023
NOUVELLE GUINEE ET PAPOUASIE,Océanie,import,2020,18,82,2023
NOUVELLE GUINEE ET PAPOUASIE,Océanie,import,2021,34,71,2023
NOUVELLE GUINEE ET PAPOUASIE,Océanie,import,2022,74,47,2023
NOUVELLE GUINEE ET PAPOUASIE,Océanie,import,2023,537,2891,2023
NOUVELLE ZELANDE,Océanie,import,2019,3110,1996,2023
NOUVELLE ZELANDE,Océanie,import,2020,650,350,2023
NOUVELLE ZELANDE,Océanie,import,2021,793,215,2023
NOUVELLE ZELANDE,Océanie,import,2022,3161,2051,2023
NOUVELLE ZELANDE,Océanie,import,2023,2932,1505,2023
POLYNESIE FRANCAISE,Océanie,import,2019,,,2023
POLYNESIE FRANCAISE,Océanie,import,2020,,,2023
POLYNESIE FRANCAISE,Océanie,import,2021,,,2023
POLYNESIE FRANCAISE,Océanie,import,2022,,,2023
POLYNESIE FRANCAISE,Océanie,import,2023,5,3,2023
SAMOA OCCIDENTAL,Océanie,import,2019,,,2023
SAMOA OCCIDENTAL,Océanie,import,2020,11040,1211,2023
SAMOA OCCIDENTAL,Océanie,import,2021,311,474,2023
SAMOA OCCIDENTAL,Océanie,import,2022,652,835,2023
SAMOA OCCIDENTAL,Océanie,import,2023,696,1247,2023
TONGA,Océanie,import,2019,9,8,2023
TONGA,Océanie,import,2020,2,26,2023
TONGA,Océanie,import,2021,,,2023
TONGA,Océanie,import,2022,6,0,2023
TONGA,Océanie,import,2023,3,0,2023
"DIVERS (PBE,PBF,OM,nda..; etc)",Divers,import,2019,15394,74379,2023
"DIVERS (PBE,PBF,OM,nda..; etc)",Divers,import,2020,9548,40345,2023
"DIVERS (PBE,PBF,OM,nda..; etc)",Divers,import,2021,21345,72019,2023
"DIVERS (PBE,PBF,OM,nda..; etc)",Divers,import,2022,57223,146002,2023
"DIVERS (PBE,PBF,OM,nda..; etc)",Divers,import,2023,96654,92995,2023
