pays,region,sens,annee,valeur,poids,edition
ALLEMAGNE,Union européenne,export,2020,4226,2818,2024
ALLEMAGNE,Union européenne,export,2021,1978,1989,2024
ALLEMAGNE,Union européenne,export,2022,2143,2663,2024
ALLEMAGNE,Union européenne,export,2023,3204,2414,2024
ALLEMAGNE,Union européenne,export,2024,17539,199091,2024
AUTRICHE,Union européenne,export,2020,140,65,2024
AUTRICHE,Union européenne,export,2021,104,37,2024
AUTRICHE,Union européenne,export,2022,117,31,2024
AUTRICHE,Union européenne,export,2023,75,25,2024
AUTRICHE,Union européenne,export,2024,621,94,2024
BELGIQUE,Union européenne,export,2020,27888,35169,2024
BELGIQUE,Union européenne,export,2021,12055,30298,2024
BELGIQUE,Union européenne,export,2022,31490,57998,2024
BELGIQUE,Union européenne,export,2023,20809,137287,2024
BELGIQUE,Union européenne,export,2024,9565,4464,2024
BULGARIE,Union européenne,export,2020,236,271,2024
BULGARIE,Union européenne,export,2021,418,254,2024
BULGARIE,Union européenne,export,2022,382,284,2024
BULGARIE,Union européenne,export,2023,308,143,2024
BULGARIE,Union européenne,export,2024,1325,1045,2024
CHYPRE,Union européenne,export,2020,153,19,2024
CHYPRE,Union européenne,export,2021,154,19,2024
CHYPRE,Union européenne,export,2022,2694,48,2024
CHYPRE,Union européenne,export,2023,753,134,2024
CHYPRE,Union européenne,export,2024,530,100,2024
CROATIE,Union européenne,export,2020,,,2024
CROATIE,Union européenne,export,2021,21,7,2024
CROATIE,Union européenne,export,2022,38,19,2024
CROATIE,Union européenne,export,2023,17,12,2024
CROATIE,Union européenne,export,2024,49,61,2024
DANEMARK,Union européenne,export,2020,1044,975,2024
DANEMARK,Union européenne,export,2021,206,105,2024
DANEMARK,Union européenne,export,2022,434,373,2024
DANEMARK,Union européenne,export,2023,993,1424,2024
DANEMARK,Union européenne,export,2024,1137,946,2024
ESPAGNE,Union européenne,export,2020,71743,91304,2024
ESPAGNE,Union européenne,export,2021,108600,157690,2024
ESPAGNE,Union européenne,export,2022,126676,108345,2024
ESPAGNE,Union européenne,export,2023,99469,90650,2024
ESPAGNE,Union européenne,export,2024,154051,247159,2024
FINLANDE,Union européenne,export,2020,10,1,2024
FINLANDE,Union européenne,export,2021,12,11,2024
FINLANDE,Union européenne,export,2022,12,10,2024
FINLANDE,Union européenne,export,2023,60,7,2024
FINLANDE,Union européenne,export,2024,18,1,2024
FRANCE,Union européenne,export,2020,44224,66772,2024
FRANCE,Union européenne,export,2021,49565,99683,2024
FRANCE,Union européenne,export,2022,47854,115236,2024
FRANCE,Union européenne,export,2023,51397,120329,2024
FRANCE,Union européenne,export,2024,54576,111983,2024
GRECE,Union européenne,export,2020,3969,913,2024
GRECE,Union européenne,export,2021,7832,1312,2024
GRECE,Union européenne,export,2022,13438,1164,2024
GRECE,Union européenne,export,2023,9942,1749,2024
GRECE,Union européenne,export,2024,9347,1455,2024
HONGRIE,Union européenne,export,2020,18,3,2024
HONGRIE,Union européenne,export,2021,8980,15,2024
HONGRIE,Union européenne,export,2022,1,1,2024
HONGRIE,Union européenne,export,2023,75,3,2024
HONGRIE,Union européenne,export,2024,,,2024
IRLANDE,Union européenne,export,2020,302,283,2024
IRLANDE,Union européenne,export,2021,,,2024
IRLANDE,Union européenne,export,2022,0,0,2024
IRLANDE,Union européenne,export,2023,22,5,2024
IRLANDE,Union européenne,export,2024,6,2,2024
ITALIE,Union européenne,export,2020,31077,20761,2024
ITALIE,Union européenne,export,2021,60659,26905,2024
ITALIE,Union européenne,export,2022,62840,24519,2024
ITALIE,Union européenne,export,2023,44823,17589,2024
ITALIE,Union européenne,export,2024,118546,235799,2024
LUXEMBOURG,Union européenne,export,2020,,,2024
LUXEMBOURG,Union européenne,export,2021,,,2024
LUXEMBOURG,Union européenne,export,2022,,,2024
LUXEMBOURG,Union européenne,export,2023,125,20,2024
LUXEMBOURG,Union européenne,export,2024,41,0,2024
MALTE,Union européenne,export,2020,99,57,2024
MALTE,Union européenne,export,2021,77,35,2024
MALTE,Union européenne,export,2022,80,77,2024
MALTE,Union européenne,export,2023,650,14,2024
MALTE,Union européenne,export,2024,1070,108,2024
PAYS BAS,Union européenne,export,2020,39549,133599,2024
PAYS BAS,Union européenne,export,2021,66199,209845,2024
PAYS BAS,Union européenne,export,2022,40907,72569,2024
PAYS BAS,Union européenne,export,2023,45221,182415,2024
PAYS BAS,Union européenne,export,2024,80183,185564,2024
POLOGNE,Union européenne,export,2020,998,23707,2024
POLOGNE,Union européenne,export,2021,775,23841,2024
POLOGNE,Union européenne,export,2022,15864,166196,2024
POLOGNE,Union européenne,export,2023,5442,42561,2024
POLOGNE,Union européenne,export,2024,119,120,2024
PORTUGAL,Union européenne,export,2020,2492,1419,2024
PORTUGAL,Union européenne,export,2021,4561,1706,2024
PORTUGAL,Union européenne,export,2022,8989,2729,2024
PORTUGAL,Union européenne,export,2023,10845,3650,2024
PORTUGAL,Union européenne,export,2024,10355,3891,2024
REPUBLIQUE D'ESTONIE,Union européenne,export,2020,,,2024
REPUBLIQUE D'ESTONIE,Union européenne,export,2021,,,2024
REPUBLIQUE D'ESTONIE,Union européenne,export,2022,,,2024
REPUBLIQUE D'ESTONIE,Union européenne,export,2023,,,2024
REPUBLIQUE D'ESTONIE,Union européenne,export,2024,13,10,2024
REPUBLIQUE DE LETTONIE,Union européenne,export,2020,22,63,2024
REPUBLIQUE DE LETTONIE,Union européenne,export,2021,,,2024
REPUBLIQUE DE LETTONIE,Union européenne,export,2022,8,0,2024
REPUBLIQUE DE LETTONIE,Union européenne,export,2023,,,2024
REPUBLIQUE DE LETTONIE,Union européenne,export,2024,,,2024
REPUBLIQUE DE LITUANIE,Union européenne,export,2020,57,85,2024
REPUBLIQUE DE LITUANIE,Union européenne,export,2021,85,180,2024
REPUBLIQUE DE LITUANIE,Union européenne,export,2022,197,146,2024
REPUBLIQUE DE LITUANIE,Union européenne,export,2023,2668,22152,2024
REPUBLIQUE DE LITUANIE,Union européenne,export,2024,,,2024
REPUBLIQUE DE SLOVAQUIE,Union européenne,export,2020,129,51,2024
REPUBLIQUE DE SLOVAQUIE,Union européenne,export,2021,,,2024
REPUBLIQUE DE SLOVAQUIE,Union européenne,export,2022,7,1,2024
REPUBLIQUE DE SLOVAQUIE,Union européenne,export,2023,2,0,2024
REPUBLIQUE DE SLOVAQUIE,Union européenne,export,2024,60,2,2024
REPUBLIQUE TCHEQUE,Union européenne,export,2020,14,28,2024
REPUBLIQUE TCHEQUE,Union européenne,export,2021,9,2,2024
REPUBLIQUE TCHEQUE,Union européenne,export,2022,25,5,2024
REPUBLIQUE TCHEQUE,Union européenne,export,2023,13,1,2024
REPUBLIQUE TCHEQUE,Union européenne,export,2024,45,15,2024
ROUMANIE,Union européenne,export,2020,3,2,2024
ROUMANIE,Union européenne,export,2021,32,41,2024
ROUMANIE,Union européenne,export,2022,105,95,2024
ROUMANIE,Union européenne,export,2023,53,130,2024
ROUMANIE,Union européenne,export,2024,266,49,2024
ROYAUME UNI,Union européenne,export,2020,36181,81428,2024
ROYAUME UNI,Union européenne,export,2021,40863,108991,2024
ROYAUME UNI,Union européenne,export,2022,45762,128514,2024
ROYAUME UNI,Union européenne,export,2023,58614,137071,2024
ROYAUME UNI,Union européenne,export,2024,59021,132028,2024
SLOVENIE,Union européenne,export,2020,21,0,2024
SLOVENIE,Union européenne,export,2021,,,2024
SLOVENIE,Union européenne,export,2022,39,57,2024
SLOVENIE,Union européenne,export,2023,34,22,2024
SLOVENIE,Union européenne,export,2024,,,2024
SUEDE,Union européenne,export,2020,45,35,2024
SUEDE,Union européenne,export,2021,4744,18,2024
SUEDE,Union européenne,export,2022,201,205,2024
SUEDE,Union européenne,export,2023,91,136,2024
SUEDE,Union européenne,export,2024,9,8,2024
ALBANIE,Autres pays d'Europe,export,2020,807,307,2024
ALBANIE,Autres pays d'Europe,export,2021,202,183,2024
ALBANIE,Autres pays d'Europe,export,2022,34,26,2024
ALBANIE,Autres pays d'Europe,export,2023,775,661,2024
ALBANIE,Autres pays d'Europe,export,2024,606,414,2024
ANDORRE,Autres pays d'Europe,export,2020,,,2024
ANDORRE,Autres pays d'Europe,export,2021,,,2024
ANDORRE,Autres pays d'Europe,export,2022,17,20,2024
ANDORRE,Autres pays d'Europe,export,2023,,,2024
ANDORRE,Autres pays d'Europe,export,2024,,,2024
ARMENIE,Autres pays d'Europe,export,2020,,,2024
ARMENIE,Autres pays d'Europe,export,2021,,,2024
ARMENIE,Autres pays d'Europe,export,2022,374,1955,2024
ARMENIE,Autres pays d'Europe,export,2023,3,1,2024
ARMENIE,Autres pays d'Europe,export,2024,1,0,2024
BOSNIE-HERZEGOVINE,Autres pays d'Europe,export,2020,,,2024
BOSNIE-HERZEGOVINE,Autres pays d'Europe,export,2021,,,2024
BOSNIE-HERZEGOVINE,Autres pays d'Europe,export,2022,,,2024
BOSNIE-HERZEGOVINE,Autres pays d'Europe,export,2023,24,22,2024
BOSNIE-HERZEGOVINE,Autres pays d'Europe,export,2024,,,2024
GIBRALTAR,Autres pays d'Europe,export,2020,23,27,2024
GIBRALTAR,Autres pays d'Europe,export,2021,,,2024
GIBRALTAR,Autres pays d'Europe,export,2022,,,2024
GIBRALTAR,Autres pays d'Europe,export,2023,,,2024
GIBRALTAR,Autres pays d'Europe,export,2024,8161,16872,2024
HELGOLAND,Autres pays d'Europe,export,2020,2,3,2024
HELGOLAND,Autres pays d'Europe,export,2021,,,2024
HELGOLAND,Autres pays d'Europe,export,2022,15,0,2024
HELGOLAND,Autres pays d'Europe,export,2023,,,2024
HELGOLAND,Autres pays d'Europe,export,2024,,,2024
ISLANDE,Autres pays d'Europe,export,2020,480,294,2024
ISLANDE,Autres pays d'Europe,export,2021,531,80,2024
ISLANDE,Autres pays d'Europe,export,2022,503,70,2024
ISLANDE,Autres pays d'Europe,export,2023,1980,286,2024
ISLANDE,Autres pays d'Europe,export,2024,1601,153,2024
MONTENEGRO,Autres pays d'Europe,export,2020,,,2024
MONTENEGRO,Autres pays d'Europe,export,2021,42,108,2024
MONTENEGRO,Autres pays d'Europe,export,2022,383,310,2024
MONTENEGRO,Autres pays d'Europe,export,2023,179,52,2024
MONTENEGRO,Autres pays d'Europe,export,2024,3,0,2024
NORVEGE,Autres pays d'Europe,export,2020,31781,303586,2024
NORVEGE,Autres pays d'Europe,export,2021,42127,344141,2024
NORVEGE,Autres pays d'Europe,export,2022,61213,297922,2024
NORVEGE,Autres pays d'Europe,export,2023,31776,159008,2024
NORVEGE,Autres pays d'Europe,export,2024,50777,320595,2024
REPUBLIQUE D'AZERBADJAN,Autres pays d'Europe,export,2020,24,41,2024
REPUBLIQUE D'AZERBADJAN,Autres pays d'Europe,export,2021,,,2024
REPUBLIQUE D'AZERBADJAN,Autres pays d'Europe,export,2022,46,4,2024
REPUBLIQUE D'AZERBADJAN,Autres pays d'Europe,export,2023,7,2,2024
REPUBLIQUE D'AZERBADJAN,Autres pays d'Europe,export,2024,,,2024
REPUBLIQUE D'UKRAINE,Autres pays d'Europe,export,2020,1101,2565,2024
REPUBLIQUE D'UKRAINE,Autres pays d'Europe,export,2021,2784,6304,2024
REPUBLIQUE D'UKRAINE,Autres pays d'Europe,export,2022,3960,14219,2024
REPUBLIQUE D'UKRAINE,Autres pays d'Europe,export,2023,2013,6440,2024
REPUBLIQUE D'UKRAINE,Autres pays d'Europe,export,2024,610,1915,2024
REPUBLIQUE DE BIELORUSSIE,Autres pays d'Europe,export,2020,,,2024
REPUBLIQUE DE BIELORUSSIE,Autres pays d'Europe,export,2021,,,2024
REPUBLIQUE DE BIELORUSSIE,Autres pays d'Europe,export,2022,,,2024
REPUBLIQUE DE BIELORUSSIE,Autres pays d'Europe,export,2023,161,203,2024
REPUBLIQUE DE BIELORUSSIE,Autres pays d'Europe,export,2024,113,143,2024
REPUBLIQUE DE GEORGIE,Autres pays d'Europe,export,2020,118,98,2024
REPUBLIQUE DE GEORGIE,Autres pays d'Europe,export,2021,262,116,2024
REPUBLIQUE DE GEORGIE,Autres pays d'Europe,export,2022,321,76,2024
REPUBLIQUE DE GEORGIE,Autres pays d'Europe,export,2023,185,61,2024
REPUBLIQUE DE GEORGIE,Autres pays d'Europe,export,2024,384,278,2024
REPUBLIQUE DE KAZAKSTAN,Autres pays d'Europe,export,2020,,,2024
REPUBLIQUE DE KAZAKSTAN,Autres pays d'Europe,export,2021,0,0,2024
REPUBLIQUE DE KAZAKSTAN,Autres pays d'Europe,export,2022,,,2024
REPUBLIQUE DE KAZAKSTAN,Autres pays d'Europe,export,2023,5,2,2024
REPUBLIQUE DE KAZAKSTAN,Autres pays d'Europe,export,2024,,,2024
RUSSIE,Autres pays d'Europe,export,2020,78,260,2024
RUSSIE,Autres pays d'Europe,export,2021,269,616,2024
RUSSIE,Autres pays d'Europe,export,2022,1,0,2024
RUSSIE,Autres pays d'Europe,export,2023,16,19,2024
RUSSIE,Autres pays d'Europe,export,2024,7,23,2024
SUISSE,Autres pays d'Europe,export,2020,279599,58075,2024
SUISSE,Autres pays d'Europe,export,2021,414789,164586,2024
SUISSE,Autres pays d'Europe,export,2022,414439,18684,2024
SUISSE,Autres pays d'Europe,export,2023,391549,87579,2024
SUISSE,Autres pays d'Europe,export,2024,473387,166960,2024
TRIESTE,Autres pays d'Europe,export,2020,0,0,2024
TRIESTE,Autres pays d'Europe,export,2021,127,206,2024
TRIESTE,Autres pays d'Europe,export,2022,570,541,2024
TRIESTE,Autres pays d'Europe,export,2023,,,2024
TRIESTE,Autres pays d'Europe,export,2024,,,2024
TURQUIE,Autres pays d'Europe,export,2020,5242,6794,2024
TURQUIE,Autres pays d'Europe,export,2021,2835,5309,2024
TURQUIE,Autres pays d'Europe,export,2022,9233,10063,2024
TURQUIE,Autres pays d'Europe,export,2023,9261,8032,2024
TURQUIE,Autres pays d'Europe,export,2024,10176,11022,2024
BURUNDI,Afrique centrale,export,2020,51,46,2024
BURUNDI,Afrique centrale,export,2021,148,138,2024
BURUNDI,Afrique centrale,export,2022,93,156,2024
BURUNDI,Afrique centrale,export,2023,195,181,2024
BURUNDI,Afrique centrale,export,2024,395,73,2024
CAMEROUN,Afrique centrale,export,2020,17297,29557,2024
CAMEROUN,Afrique centrale,export,2021,15049,22723,2024
CAMEROUN,Afrique centrale,export,2022,18793,21773,2024
CAMEROUN,Afrique centrale,export,2023,20547,23336,2024
CAMEROUN,Afrique centrale,export,2024,16361,17876,2024
CENTRE AFRIQUE,Afrique centrale,export,2020,4497,1868,2024
CENTRE AFRIQUE,Afrique centrale,export,2021,2269,795,2024
CENTRE AFRIQUE,Afrique centrale,export,2022,1088,762,2024
CENTRE AFRIQUE,Afrique centrale,export,2023,3115,31,2024
CENTRE AFRIQUE,Afrique centrale,export,2024,243,18,2024
CONGO,Afrique centrale,export,2020,15745,11580,2024
CONGO,Afrique centrale,export,2021,20733,11523,2024
CONGO,Afrique centrale,export,2022,10780,11122,2024
CONGO,Afrique centrale,export,2023,10209,9104,2024
CONGO,Afrique centrale,export,2024,12757,10919,2024
CONGO DEMOCRATIQUE,Afrique centrale,export,2020,1992,1441,2024
CONGO DEMOCRATIQUE,Afrique centrale,export,2021,1704,950,2024
CONGO DEMOCRATIQUE,Afrique centrale,export,2022,2139,3754,2024
CONGO DEMOCRATIQUE,Afrique centrale,export,2023,3108,1451,2024
CONGO DEMOCRATIQUE,Afrique centrale,export,2024,2084,1516,2024
GABON,Afrique centrale,export,2020,3513,3823,2024
GABON,Afrique centrale,export,2021,8932,6753,2024
GABON,Afrique centrale,export,2022,9950,6688,2024
GABON,Afrique centrale,export,2023,9530,6238,2024
GABON,Afrique centrale,export,2024,6783,4431,2024
GUINEE EQUATORIALE,Afrique centrale,export,2020,2403,800,2024
GUINEE EQUATORIALE,Afrique centrale,export,2021,2501,933,2024
GUINEE EQUATORIALE,Afrique centrale,export,2022,2424,1126,2024
GUINEE EQUATORIALE,Afrique centrale,export,2023,2626,1143,2024
GUINEE EQUATORIALE,Afrique centrale,export,2024,1194,822,2024
RWANDA,Afrique centrale,export,2020,37,6,2024
RWANDA,Afrique centrale,export,2021,6,2,2024
RWANDA,Afrique centrale,export,2022,171,61,2024
RWANDA,Afrique centrale,export,2023,121,15,2024
RWANDA,Afrique centrale,export,2024,36,2,2024
SAINT THOMAS ILE DU PRINCE,Afrique centrale,export,2020,,,2024
SAINT THOMAS ILE DU PRINCE,Afrique centrale,export,2021,,,2024
SAINT THOMAS ILE DU PRINCE,Afrique centrale,export,2022,21,3,2024
SAINT THOMAS ILE DU PRINCE,Afrique centrale,export,2023,71,9,2024
SAINT THOMAS ILE DU PRINCE,Afrique centrale,export,2024,63,8,2024
TCHAD,Afrique centrale,export,2020,4100,2626,2024
TCHAD,Afrique centrale,export,2021,4794,3274,2024
TCHAD,Afrique centrale,export,2022,1803,1290,2024
TCHAD,Afrique centrale,export,2023,3882,2869,2024
TCHAD,Afrique centrale,export,2024,3132,1681,2024
ALGERIE,Afrique du Nord,export,2020,400,506,2024
ALGERIE,Afrique du Nord,export,2021,403,112,2024
ALGERIE,Afrique du Nord,export,2022,362,454,2024
ALGERIE,Afrique du Nord,export,2023,677,849,2024
ALGERIE,Afrique du Nord,export,2024,685,770,2024
EGYPTE,Afrique du Nord,export,2020,474,1893,2024
EGYPTE,Afrique du Nord,export,2021,847,1208,2024
EGYPTE,Afrique du Nord,export,2022,617,2603,2024
EGYPTE,Afrique du Nord,export,2023,526,2805,2024
EGYPTE,Afrique du Nord,export,2024,10073,3253,2024
LIBYE,Afrique du Nord,export,2020,3,12,2024
LIBYE,Afrique du Nord,export,2021,,,2024
LIBYE,Afrique du Nord,export,2022,,,2024
LIBYE,Afrique du Nord,export,2023,,,2024
LIBYE,Afrique du Nord,export,2024,4,0,2024
MAROC,Afrique du Nord,export,2020,6262,3848,2024
MAROC,Afrique du Nord,export,2021,6814,5029,2024
MAROC,Afrique du Nord,export,2022,11300,9500,2024
MAROC,Afrique du Nord,export,2023,19550,13891,2024
MAROC,Afrique du Nord,export,2024,24662,22050,2024
SOUDAN,Afrique du Nord,export,2020,688,593,2024
SOUDAN,Afrique du Nord,export,2021,523,548,2024
SOUDAN,Afrique du Nord,export,2022,563,430,2024
SOUDAN,Afrique du Nord,export,2023,619,340,2024
SOUDAN,Afrique du Nord,export,2024,259,106,2024
TUNISIE,Afrique du Nord,export,2020,1292,1977,2024
TUNISIE,Afrique du Nord,export,2021,1588,2710,2024
TUNISIE,Afrique du Nord,export,2022,6849,6841,2024
TUNISIE,Afrique du Nord,export,2023,5204,4838,2024
TUNISIE,Afrique du Nord,export,2024,2320,2842,2024
BENIN,Afrique occidentale,export,2020,9905,44176,2024
BENIN,Afrique occidentale,export,2021,14981,28004,2024
BENIN,Afrique occidentale,export,2022,16944,47033,2024
BENIN,Afrique occidentale,export,2023,18789,38863,2024
BENIN,Afrique occidentale,export,2024,16564,25163,2024
BURKINA FASO,Afrique occidentale,export,2020,29978,85511,2024
BURKINA FASO,Afrique occidentale,export,2021,36813,94370,2024
BURKINA FASO,Afrique occidentale,export,2022,35338,104062,2024
BURKINA FASO,Afrique occidentale,export,2023,36594,105110,2024
BURKINA FASO,Afrique occidentale,export,2024,38251,96316,2024
COTE D'IVOIRE,Afrique occidentale,export,2020,110319,310871,2024
COTE D'IVOIRE,Afrique occidentale,export,2021,120570,317948,2024
COTE D'IVOIRE,Afrique occidentale,export,2022,114383,292657,2024
COTE D'IVOIRE,Afrique occidentale,export,2023,105740,239140,2024
COTE D'IVOIRE,Afrique occidentale,export,2024,106481,201035,2024
GAMBIE,Afrique occidentale,export,2020,64554,446548,2024
GAMBIE,Afrique occidentale,export,2021,88257,893419,2024
GAMBIE,Afrique occidentale,export,2022,110719,967383,2024
GAMBIE,Afrique occidentale,export,2023,112810,1045255,2024
GAMBIE,Afrique occidentale,export,2024,106786,849461,2024
GHANA,Afrique occidentale,export,2020,8830,10370,2024
GHANA,Afrique occidentale,export,2021,14098,14727,2024
GHANA,Afrique occidentale,export,2022,21275,18781,2024
GHANA,Afrique occidentale,export,2023,10440,15489,2024
GHANA,Afrique occidentale,export,2024,11651,15319,2024
GUINEE BISSAU,Afrique occidentale,export,2020,32876,71812,2024
GUINEE BISSAU,Afrique occidentale,export,2021,41356,95056,2024
GUINEE BISSAU,Afrique occidentale,export,2022,55201,108257,2024
GUINEE BISSAU,Afrique occidentale,export,2023,95442,80523,2024
GUINEE BISSAU,Afrique occidentale,export,2024,59543,100515,2024
GUINEE REPUBLIQUE,Afrique occidentale,export,2020,85381,163055,2024
GUINEE REPUBLIQUE,Afrique occidentale,export,2021,80474,139127,2024
GUINEE REPUBLIQUE,Afrique occidentale,export,2022,113782,210469,2024
GUINEE REPUBLIQUE,Afrique occidentale,export,2023,93498,151295,2024
GUINEE REPUBLIQUE,Afrique occidentale,export,2024,117856,227239,2024
ILES DU CAP VERT,Afrique occidentale,export,2020,1061,508,2024
ILES DU CAP VERT,Afrique occidentale,export,2021,1237,768,2024
ILES DU CAP VERT,Afrique occidentale,export,2022,2508,1647,2024
ILES DU CAP VERT,Afrique occidentale,export,2023,2384,1548,2024
ILES DU CAP VERT,Afrique occidentale,export,2024,5872,10411,2024
LIBERIA,Afrique occidentale,export,2020,1782,2450,2024
LIBERIA,Afrique occidentale,export,2021,2302,2222,2024
LIBERIA,Afrique occidentale,export,2022,1675,1270,2024
LIBERIA,Afrique occidentale,export,2023,1661,1490,2024
LIBERIA,Afrique occidentale,export,2024,2064,1573,2024
MALI,Afrique occidentale,export,2020,474811,2946232,2024
MALI,Afrique occidentale,export,2021,582550,3047680,2024
MALI,Afrique occidentale,export,2022,708794,2200547,2024
MALI,Afrique occidentale,export,2023,739014,2711636,2024
MALI,Afrique occidentale,export,2024,802751,3209012,2024
MAURITANIE,Afrique occidentale,export,2020,40810,62845,2024
MAURITANIE,Afrique occidentale,export,2021,51482,83581,2024
MAURITANIE,Afrique occidentale,export,2022,59286,114922,2024
MAURITANIE,Afrique occidentale,export,2023,50342,92296,2024
MAURITANIE,Afrique occidentale,export,2024,48606,187014,2024
NIGER,Afrique occidentale,export,2020,11761,27193,2024
NIGER,Afrique occidentale,export,2021,12968,15137,2024
NIGER,Afrique occidentale,export,2022,13602,16512,2024
NIGER,Afrique occidentale,export,2023,10687,22297,2024
NIGER,Afrique occidentale,export,2024,6968,7526,2024
NIGERIA,Afrique occidentale,export,2020,13722,15794,2024
NIGERIA,Afrique occidentale,export,2021,12211,13597,2024
NIGERIA,Afrique occidentale,export,2022,16396,20692,2024
NIGERIA,Afrique occidentale,export,2023,22484,19174,2024
NIGERIA,Afrique occidentale,export,2024,6411,4939,2024
SIERRA LEONE,Afrique occidentale,export,2020,6986,13554,2024
SIERRA LEONE,Afrique occidentale,export,2021,4459,10025,2024
SIERRA LEONE,Afrique occidentale,export,2022,7884,17706,2024
SIERRA LEONE,Afrique occidentale,export,2023,5861,32821,2024
SIERRA LEONE,Afrique occidentale,export,2024,3695,10215,2024
TOGO,Afrique occidentale,export,2020,11032,10547,2024
TOGO,Afrique occidentale,export,2021,14821,12509,2024
TOGO,Afrique occidentale,export,2022,52358,16056,2024
TOGO,Afrique occidentale,export,2023,16814,11896,2024
TOGO,Afrique occidentale,export,2024,19807,10366,2024
AFRIQUE DU SUD,Afrique orientale et du Sud,export,2020,92,71,2024
AFRIQUE DU SUD,Afrique orientale et du Sud,export,2021,504,635,2024
AFRIQUE DU SUD,Afrique orientale et du Sud,export,2022,324,344,2024
AFRIQUE DU SUD,Afrique orientale et du Sud,export,2023,270,154,2024
AFRIQUE DU SUD,Afrique orientale et du Sud,export,2024,418,143,2024
ANGOLA,Afrique orientale et du Sud,export,2020,713,798,2024
ANGOLA,Afrique orientale et du Sud,export,2021,467,428,2024
ANGOLA,Afrique orientale et du Sud,export,2022,1232,576,2024
ANGOLA,Afrique orientale et du Sud,export,2023,1613,579,2024
ANGOLA,Afrique orientale et du Sud,export,2024,5143,24785,2024
BOTSWANA,Afrique orientale et du Sud,export,2020,0,0,2024
BOTSWANA,Afrique orientale et du Sud,export,2021,153,307,2024
BOTSWANA,Afrique orientale et du Sud,export,2022,127,234,2024
BOTSWANA,Afrique orientale et du Sud,export,2023,74,1,2024
BOTSWANA,Afrique orientale et du Sud,export,2024,3,0,2024
COMORES ILE,Afrique orientale et du Sud,export,2020,10,24,2024
COMORES ILE,Afrique orientale et du Sud,export,2021,7,1,2024
COMORES ILE,Afrique orientale et du Sud,export,2022,1,0,2024
COMORES ILE,Afrique orientale et du Sud,export,2023,62,19,2024
COMORES ILE,Afrique orientale et du Sud,export,2024,23,4,2024
DJIBOUTI,Afrique orientale et du Sud,export,2020,1,0,2024
DJIBOUTI,Afrique orientale et du Sud,export,2021,21,58,2024
DJIBOUTI,Afrique orientale et du Sud,export,2022,1,1,2024
DJIBOUTI,Afrique orientale et du Sud,export,2023,3,1,2024
DJIBOUTI,Afrique orientale et du Sud,export,2024,1,1,2024
ETHIOPIE,Afrique orientale et du Sud,export,2020,17,12,2024
ETHIOPIE,Afrique orientale et du Sud,export,2021,84,96,2024
ETHIOPIE,Afrique orientale et du Sud,export,2022,57,41,2024
ETHIOPIE,Afrique orientale et du Sud,export,2023,110,1,2024
ETHIOPIE,Afrique orientale et du Sud,export,2024,6,0,2024
ILE STE HELENE,Afrique orientale et du Sud,export,2020,0,0,2024
ILE STE HELENE,Afrique orientale et du Sud,export,2021,,,2024
ILE STE HELENE,Afrique orientale et du Sud,export,2022,,,2024
ILE STE HELENE,Afrique orientale et du Sud,export,2023,,,2024
ILE STE HELENE,Afrique orientale et du Sud,export,2024,8,75,2024
ILES MAURICE,Afrique orientale et du Sud,export,2020,1018,833,2024
ILES MAURICE,Afrique orientale et du Sud,export,2021,163,593,2024
ILES MAURICE,Afrique orientale et du Sud,export,2022,923,499,2024
ILES MAURICE,Afrique orientale et du Sud,export,2023,4,0,2024
ILES MAURICE,Afrique orientale et du Sud,export,2024,170,51,2024
KENYA,Afrique orientale et du Sud,export,2020,12,2,2024
KENYA,Afrique orientale et du Sud,export,2021,12,3,2024
KENYA,Afrique orientale et du Sud,export,2022,22,41,2024
KENYA,Afrique orientale et du Sud,export,2023,45,3,2024
KENYA,Afrique orientale et du Sud,export,2024,147,28,2024
MADAGASCAR,Afrique orientale et du Sud,export,2020,242,168,2024
MADAGASCAR,Afrique orientale et du Sud,export,2021,302,414,2024
MADAGASCAR,Afrique orientale et du Sud,export,2022,33,4,2024
MADAGASCAR,Afrique orientale et du Sud,export,2023,176,34,2024
MADAGASCAR,Afrique orientale et du Sud,export,2024,339,90,2024
MALAWI,Afrique orientale et du Sud,export,2020,,,2024
MALAWI,Afrique orientale et du Sud,export,2021,,,2024
MALAWI,Afrique orientale et du Sud,export,2022,1,0,2024
MALAWI,Afrique orientale et du Sud,export,2023,,,2024
MALAWI,Afrique orientale et du Sud,export,2024,,,2024
MOZAMBIQUE,Afrique orientale et du Sud,export,2020,219,106,2024
MOZAMBIQUE,Afrique orientale et du Sud,export,2021,490,236,2024
MOZAMBIQUE,Afrique orientale et du Sud,export,2022,533,393,2024
MOZAMBIQUE,Afrique orientale et du Sud,export,2023,654,1135,2024
MOZAMBIQUE,Afrique orientale et du Sud,export,2024,191,73,2024
NAMIBIE,Afrique orientale et du Sud,export,2020,,,2024
NAMIBIE,Afrique orientale et du Sud,export,2021,44,6,2024
NAMIBIE,Afrique orientale et du Sud,export,2022,332,16,2024
NAMIBIE,Afrique orientale et du Sud,export,2023,356,38,2024
NAMIBIE,Afrique orientale et du Sud,export,2024,3224,674,2024
OUGANDA,Afrique orientale et du Sud,export,2020,411,314,2024
OUGANDA,Afrique orientale et du Sud,export,2021,687,355,2024
OUGANDA,Afrique orientale et du Sud,export,2022,737,399,2024
OUGANDA,Afrique orientale et du Sud,export,2023,1152,566,2024
OUGANDA,Afrique orientale et du Sud,export,2024,1045,723,2024
REPUBLIQUE DE SOMALIE,Afrique orientale et du Sud,export,2020,20,14,2024
REPUBLIQUE DE SOMALIE,Afrique orientale et du Sud,export,2021,,,2024
REPUBLIQUE DE SOMALIE,Afrique orientale et du Sud,export,2022,,,2024
REPUBLIQUE DE SOMALIE,Afrique orientale et du Sud,export,2023,,,2024
REPUBLIQUE DE SOMALIE,Afrique orientale et du Sud,export,2024,106,22,2024
SEYCHELLES,Afrique orientale et du Sud,export,2020,20,432,2024
SEYCHELLES,Afrique orientale et du Sud,export,2021,71,1488,2024
SEYCHELLES,Afrique orientale et du Sud,export,2022,33,265,2024
SEYCHELLES,Afrique orientale et du Sud,export,2023,,,2024
SEYCHELLES,Afrique orientale et du Sud,export,2024,,,2024
SWAZILAND,Afrique orientale et du Sud,export,2020,3696,93051,2024
SWAZILAND,Afrique orientale et du Sud,export,2021,1990,58386,2024
SWAZILAND,Afrique orientale et du Sud,export,2022,216,158,2024
SWAZILAND,Afrique orientale et du Sud,export,2023,5,0,2024
SWAZILAND,Afrique orientale et du Sud,export,2024,,,2024
TANZANIE,Afrique orientale et du Sud,export,2020,988,712,2024
TANZANIE,Afrique orientale et du Sud,export,2021,1189,692,2024
TANZANIE,Afrique orientale et du Sud,export,2022,494,414,2024
TANZANIE,Afrique orientale et du Sud,export,2023,894,442,2024
TANZANIE,Afrique orientale et du Sud,export,2024,648,393,2024
ZAMBIE,Afrique orientale et du Sud,export,2020,736,386,2024
ZAMBIE,Afrique orientale et du Sud,export,2021,1048,461,2024
ZAMBIE,Afrique orientale et du Sud,export,2022,2283,785,2024
ZAMBIE,Afrique orientale et du Sud,export,2023,1282,417,2024
ZAMBIE,Afrique orientale et du Sud,export,2024,333,131,2024
ZIMBABWE,Afrique orientale et du Sud,export,2020,,,2024
ZIMBABWE,Afrique orientale et du Sud,export,2021,,,2024
ZIMBABWE,Afrique orientale et du Sud,export,2022,5,17,2024
ZIMBABWE,Afrique orientale et du Sud,export,2023,,,2024
ZIMBABWE,Afrique orientale et du Sud,export,2024,4,0,2024
CANADA,Amérique du Nord,export,2020,965,1972,2024
CANADA,Amérique du Nord,export,2021,1302,983,2024
CANADA,Amérique du Nord,export,2022,2177,1855,2024
CANADA,Amérique du Nord,export,2023,2369,1865,2024
CANADA,Amérique du Nord,export,2024,2350,642,2024
ETATS UNIS D'AMERIQUE,Amérique du Nord,export,2020,67534,61822,2024
ETATS UNIS D'AMERIQUE,Amérique du Nord,export,2021,69439,144673,2024
ETATS UNIS D'AMERIQUE,Amérique du Nord,export,2022,102667,106676,2024
ETATS UNIS D'AMERIQUE,Amérique du Nord,export,2023,94340,68724,2024
ETATS UNIS D'AMERIQUE,Amérique du Nord,export,2024,133866,72814,2024
SAINT PIERRE ET MIQUELON,Amérique du Nord,export,2020,9,5,2024
SAINT PIERRE ET MIQUELON,Amérique du Nord,export,2021,,,2024
SAINT PIERRE ET MIQUELON,Amérique du Nord,export,2022,,,2024
SAINT PIERRE ET MIQUELON,Amérique du Nord,export,2023,,,2024
SAINT PIERRE ET MIQUELON,Amérique du Nord,export,2024,,,2024
ANTIGUA-BARBUDA,Amérique centrale et du Sud,export,2020,0,0,2024
ANTIGUA-BARBUDA,Amérique centrale et du Sud,export,2021,417,20,2024
ANTIGUA-BARBUDA,Amérique centrale et du Sud,export,2022,795,472,2024
ANTIGUA-BARBUDA,Amérique centrale et du Sud,export,2023,171,8,2024
ANTIGUA-BARBUDA,Amérique centrale et du Sud,export,2024,69,70,2024
ARGENTINE,Amérique centrale et du Sud,export,2020,48,11,2024
ARGENTINE,Amérique centrale et du Sud,export,2021,,,2024
ARGENTINE,Amérique centrale et du Sud,export,2022,15,4,2024
ARGENTINE,Amérique centrale et du Sud,export,2023,4,0,2024
ARGENTINE,Amérique centrale et du Sud,export,2024,1,0,2024
BOLIVIE,Amérique centrale et du Sud,export,2020,,,2024
BOLIVIE,Amérique centrale et du Sud,export,2021,,,2024
BOLIVIE,Amérique centrale et du Sud,export,2022,,,2024
BOLIVIE,Amérique centrale et du Sud,export,2023,,,2024
BOLIVIE,Amérique centrale et du Sud,export,2024,1,0,2024
BRESIL,Amérique centrale et du Sud,export,2020,410,748,2024
BRESIL,Amérique centrale et du Sud,export,2021,7047,21204,2024
BRESIL,Amérique centrale et du Sud,export,2022,959,779,2024
BRESIL,Amérique centrale et du Sud,export,2023,1343,1020,2024
BRESIL,Amérique centrale et du Sud,export,2024,2411,26057,2024
CHILI,Amérique centrale et du Sud,export,2020,85,133,2024
CHILI,Amérique centrale et du Sud,export,2021,285,435,2024
CHILI,Amérique centrale et du Sud,export,2022,329,392,2024
CHILI,Amérique centrale et du Sud,export,2023,933,697,2024
CHILI,Amérique centrale et du Sud,export,2024,198,192,2024
COLOMBIE,Amérique centrale et du Sud,export,2020,2339,2620,2024
COLOMBIE,Amérique centrale et du Sud,export,2021,309,457,2024
COLOMBIE,Amérique centrale et du Sud,export,2022,195,227,2024
COLOMBIE,Amérique centrale et du Sud,export,2023,291,64,2024
COLOMBIE,Amérique centrale et du Sud,export,2024,1043,942,2024
COSTA RICA,Amérique centrale et du Sud,export,2020,59,120,2024
COSTA RICA,Amérique centrale et du Sud,export,2021,100,13,2024
COSTA RICA,Amérique centrale et du Sud,export,2022,4,21,2024
COSTA RICA,Amérique centrale et du Sud,export,2023,17,19,2024
COSTA RICA,Amérique centrale et du Sud,export,2024,,,2024
CUBA,Amérique centrale et du Sud,export,2020,7,1,2024
CUBA,Amérique centrale et du Sud,export,2021,,,2024
CUBA,Amérique centrale et du Sud,export,2022,,,2024
CUBA,Amérique centrale et du Sud,export,2023,,,2024
CUBA,Amérique centrale et du Sud,export,2024,4,7,2024
CURUCAO,Amérique centrale et du Sud,export,2020,,,2024
CURUCAO,Amérique centrale et du Sud,export,2021,,,2024
CURUCAO,Amérique centrale et du Sud,export,2022,1,0,2024
CURUCAO,Amérique centrale et du Sud,export,2023,,,2024
CURUCAO,Amérique centrale et du Sud,export,2024,1,1,2024
EQUATEUR,Amérique centrale et du Sud,export,2020,1398,1807,2024
EQUATEUR,Amérique centrale et du Sud,export,2021,1663,2053,2024
EQUATEUR,Amérique centrale et du Sud,export,2022,283,347,2024
EQUATEUR,Amérique centrale et du Sud,export,2023,13,0,2024
EQUATEUR,Amérique centrale et du Sud,export,2024,34,5,2024
GUADELOUPE,Amérique centrale et du Sud,export,2020,13,4,2024
GUADELOUPE,Amérique centrale et du Sud,export,2021,14,10,2024
GUADELOUPE,Amérique centrale et du Sud,export,2022,19,9,2024
GUADELOUPE,Amérique centrale et du Sud,export,2023,9,5,2024
GUADELOUPE,Amérique centrale et du Sud,export,2024,9,7,2024
GUATEMALA,Amérique centrale et du Sud,export,2020,70,57,2024
GUATEMALA,Amérique centrale et du Sud,export,2021,,,2024
GUATEMALA,Amérique centrale et du Sud,export,2022,7,1,2024
GUATEMALA,Amérique centrale et du Sud,export,2023,,,2024
GUATEMALA,Amérique centrale et du Sud,export,2024,,,2024
GUYANA,Amérique centrale et du Sud,export,2020,,,2024
GUYANA,Amérique centrale et du Sud,export,2021,,,2024
GUYANA,Amérique centrale et du Sud,export,2022,,,2024
GUYANA,Amérique centrale et du Sud,export,2023,90,20,2024
GUYANA,Amérique centrale et du Sud,export,2024,272,63,2024
GUYANE FRANCAISE,Amérique centrale et du Sud,export,2020,3,0,2024
GUYANE FRANCAISE,Amérique centrale et du Sud,export,2021,2,1,2024
GUYANE FRANCAISE,Amérique centrale et du Sud,export,2022,,,2024
GUYANE FRANCAISE,Amérique centrale et du Sud,export,2023,,,2024
GUYANE FRANCAISE,Amérique centrale et du Sud,export,2024,9,12,2024
HAITI,Amérique centrale et du Sud,export,2020,874,639,2024
HAITI,Amérique centrale et du Sud,export,2021,1958,1419,2024
HAITI,Amérique centrale et du Sud,export,2022,2073,1237,2024
HAITI,Amérique centrale et du Sud,export,2023,3198,1740,2024
HAITI,Amérique centrale et du Sud,export,2024,2842,1641,2024
HONDURAS,Amérique centrale et du Sud,export,2020,,,2024
HONDURAS,Amérique centrale et du Sud,export,2021,,,2024
HONDURAS,Amérique centrale et du Sud,export,2022,9,12,2024
HONDURAS,Amérique centrale et du Sud,export,2023,30,27,2024
HONDURAS,Amérique centrale et du Sud,export,2024,,,2024
ILES BRAHAMAS,Amérique centrale et du Sud,export,2020,,,2024
ILES BRAHAMAS,Amérique centrale et du Sud,export,2021,,,2024
ILES BRAHAMAS,Amérique centrale et du Sud,export,2022,,,2024
ILES BRAHAMAS,Amérique centrale et du Sud,export,2023,,,2024
ILES BRAHAMAS,Amérique centrale et du Sud,export,2024,1,0,2024
ILES CALQUES,Amérique centrale et du Sud,export,2020,,,2024
ILES CALQUES,Amérique centrale et du Sud,export,2021,,,2024
ILES CALQUES,Amérique centrale et du Sud,export,2022,,,2024
ILES CALQUES,Amérique centrale et du Sud,export,2023,,,2024
ILES CALQUES,Amérique centrale et du Sud,export,2024,6,1,2024
ILES VIERGES DES USA,Amérique centrale et du Sud,export,2020,9,90,2024
ILES VIERGES DES USA,Amérique centrale et du Sud,export,2021,,,2024
ILES VIERGES DES USA,Amérique centrale et du Sud,export,2022,202,104,2024
ILES VIERGES DES USA,Amérique centrale et du Sud,export,2023,556,524,2024
ILES VIERGES DES USA,Amérique centrale et du Sud,export,2024,,,2024
LA BARBADE,Amérique centrale et du Sud,export,2020,,,2024
LA BARBADE,Amérique centrale et du Sud,export,2021,,,2024
LA BARBADE,Amérique centrale et du Sud,export,2022,,,2024
LA BARBADE,Amérique centrale et du Sud,export,2023,1,0,2024
LA BARBADE,Amérique centrale et du Sud,export,2024,,,2024
MARTINIQUE,Amérique centrale et du Sud,export,2020,5,4,2024
MARTINIQUE,Amérique centrale et du Sud,export,2021,1,0,2024
MARTINIQUE,Amérique centrale et du Sud,export,2022,1,0,2024
MARTINIQUE,Amérique centrale et du Sud,export,2023,88,30,2024
MARTINIQUE,Amérique centrale et du Sud,export,2024,4,2,2024
MEXIQUE,Amérique centrale et du Sud,export,2020,13934,101798,2024
MEXIQUE,Amérique centrale et du Sud,export,2021,30486,76409,2024
MEXIQUE,Amérique centrale et du Sud,export,2022,14114,55285,2024
MEXIQUE,Amérique centrale et du Sud,export,2023,17391,111826,2024
MEXIQUE,Amérique centrale et du Sud,export,2024,13290,100638,2024
NICARAGUA,Amérique centrale et du Sud,export,2020,0,0,2024
NICARAGUA,Amérique centrale et du Sud,export,2021,,,2024
NICARAGUA,Amérique centrale et du Sud,export,2022,,,2024
NICARAGUA,Amérique centrale et du Sud,export,2023,7,4,2024
NICARAGUA,Amérique centrale et du Sud,export,2024,98,72,2024
PANAMA,Amérique centrale et du Sud,export,2020,39,26,2024
PANAMA,Amérique centrale et du Sud,export,2021,601,417,2024
PANAMA,Amérique centrale et du Sud,export,2022,483,293,2024
PANAMA,Amérique centrale et du Sud,export,2023,1026,536,2024
PANAMA,Amérique centrale et du Sud,export,2024,18,8,2024
PEROU,Amérique centrale et du Sud,export,2020,549,742,2024
PEROU,Amérique centrale et du Sud,export,2021,411,609,2024
PEROU,Amérique centrale et du Sud,export,2022,,,2024
PEROU,Amérique centrale et du Sud,export,2023,,,2024
PEROU,Amérique centrale et du Sud,export,2024,,,2024
SAINT DOMINGUE,Amérique centrale et du Sud,export,2020,,,2024
SAINT DOMINGUE,Amérique centrale et du Sud,export,2021,8,17,2024
SAINT DOMINGUE,Amérique centrale et du Sud,export,2022,10,15,2024
SAINT DOMINGUE,Amérique centrale et du Sud,export,2023,,,2024
SAINT DOMINGUE,Amérique centrale et du Sud,export,2024,,,2024
ST VINCENT-ILES GRENADINES,Amérique centrale et du Sud,export,2020,,,2024
ST VINCENT-ILES GRENADINES,Amérique centrale et du Sud,export,2021,,,2024
ST VINCENT-ILES GRENADINES,Amérique centrale et du Sud,export,2022,,,2024
ST VINCENT-ILES GRENADINES,Amérique centrale et du Sud,export,2023,81,1,2024
ST VINCENT-ILES GRENADINES,Amérique centrale et du Sud,export,2024,20,0,2024
SURINAM,Amérique centrale et du Sud,export,2020,10,2,2024
SURINAM,Amérique centrale et du Sud,export,2021,,,2024
SURINAM,Amérique centrale et du Sud,export,2022,6,100,2024
SURINAM,Amérique centrale et du Sud,export,2023,,,2024
SURINAM,Amérique centrale et du Sud,export,2024,42,38,2024
TRINIDAD ET TOBAGO,Amérique centrale et du Sud,export,2020,,,2024
TRINIDAD ET TOBAGO,Amérique centrale et du Sud,export,2021,,,2024
TRINIDAD ET TOBAGO,Amérique centrale et du Sud,export,2022,,,2024
TRINIDAD ET TOBAGO,Amérique centrale et du Sud,export,2023,85,19,2024
TRINIDAD ET TOBAGO,Amérique centrale et du Sud,export,2024,22,0,2024
VENEZUELA,Amérique centrale et du Sud,export,2020,128,125,2024
VENEZUELA,Amérique centrale et du Sud,export,2021,110,117,2024
VENEZUELA,Amérique centrale et du Sud,export,2022,86,91,2024
VENEZUELA,Amérique centrale et du Sud,export,2023,211,410,2024
VENEZUELA,Amérique centrale et du Sud,export,2024,119,105,2024
ARABIE SEOUDITE,Asie occidentale,export,2020,265,55,2024
ARABIE SEOUDITE,Asie occidentale,export,2021,548,131,2024
ARABIE SEOUDITE,Asie occidentale,export,2022,581,339,2024
ARABIE SEOUDITE,Asie occidentale,export,2023,455,337,2024
ARABIE SEOUDITE,Asie occidentale,export,2024,388,83,2024
BAHREIN,Asie occidentale,export,2020,,,2024
BAHREIN,Asie occidentale,export,2021,,,2024
BAHREIN,Asie occidentale,export,2022,34,42,2024
BAHREIN,Asie occidentale,export,2023,4,0,2024
BAHREIN,Asie occidentale,export,2024,,,2024
EMIRATS ARABES UNIS,Asie occidentale,export,2020,25435,5639,2024
EMIRATS ARABES UNIS,Asie occidentale,export,2021,34390,7214,2024
EMIRATS ARABES UNIS,Asie occidentale,export,2022,44129,5635,2024
EMIRATS ARABES UNIS,Asie occidentale,export,2023,54824,5372,2024
EMIRATS ARABES UNIS,Asie occidentale,export,2024,54261,3100,2024
IRAK,Asie occidentale,export,2020,26,9,2024
IRAK,Asie occidentale,export,2021,7,0,2024
IRAK,Asie occidentale,export,2022,14,0,2024
IRAK,Asie occidentale,export,2023,167,27,2024
IRAK,Asie occidentale,export,2024,35,2,2024
IRAN,Asie occidentale,export,2020,185,201,2024
IRAN,Asie occidentale,export,2021,126,25,2024
IRAN,Asie occidentale,export,2022,42,69,2024
IRAN,Asie occidentale,export,2023,,,2024
IRAN,Asie occidentale,export,2024,402,48,2024
ISRAEL,Asie occidentale,export,2020,954,179,2024
ISRAEL,Asie occidentale,export,2021,820,120,2024
ISRAEL,Asie occidentale,export,2022,1980,302,2024
ISRAEL,Asie occidentale,export,2023,1711,227,2024
ISRAEL,Asie occidentale,export,2024,628,86,2024
JORDANIE,Asie occidentale,export,2020,58,70,2024
JORDANIE,Asie occidentale,export,2021,5,3,2024
JORDANIE,Asie occidentale,export,2022,2,5,2024
JORDANIE,Asie occidentale,export,2023,10,10,2024
JORDANIE,Asie occidentale,export,2024,70,11,2024
KOWEIT,Asie occidentale,export,2020,11,1,2024
KOWEIT,Asie occidentale,export,2021,1,0,2024
KOWEIT,Asie occidentale,export,2022,1,0,2024
KOWEIT,Asie occidentale,export,2023,9,1,2024
KOWEIT,Asie occidentale,export,2024,187,15,2024
LIBAN,Asie occidentale,export,2020,4796,111900,2024
LIBAN,Asie occidentale,export,2021,7678,178668,2024
LIBAN,Asie occidentale,export,2022,21628,183155,2024
LIBAN,Asie occidentale,export,2023,1286,643,2024
LIBAN,Asie occidentale,export,2024,333,224,2024
OMAN,Asie occidentale,export,2020,37,94,2024
OMAN,Asie occidentale,export,2021,2,0,2024
OMAN,Asie occidentale,export,2022,,,2024
OMAN,Asie occidentale,export,2023,198,107,2024
OMAN,Asie occidentale,export,2024,297,215,2024
QATAR,Asie occidentale,export,2020,10,10,2024
QATAR,Asie occidentale,export,2021,14,0,2024
QATAR,Asie occidentale,export,2022,95,4,2024
QATAR,Asie occidentale,export,2023,29,44,2024
QATAR,Asie occidentale,export,2024,178,114,2024
SYRIE,Asie occidentale,export,2020,91,576,2024
SYRIE,Asie occidentale,export,2021,,,2024
SYRIE,Asie occidentale,export,2022,,,2024
SYRIE,Asie occidentale,export,2023,,,2024
SYRIE,Asie occidentale,export,2024,,,2024
AFGANISTAN,Autres pays d'Asie,export,2020,8,2,2024
AFGANISTAN,Autres pays d'Asie,export,2021,1,1,2024
AFGANISTAN,Autres pays d'Asie,export,2022,,,2024
AFGANISTAN,Autres pays d'Asie,export,2023,128,39,2024
AFGANISTAN,Autres pays d'Asie,export,2024,,,2024
BENGLADESH,Autres pays d'Asie,export,2020,4855,5341,2024
BENGLADESH,Autres pays d'Asie,export,2021,8287,8297,2024
BENGLADESH,Autres pays d'Asie,export,2022,9837,6872,2024
BENGLADESH,Autres pays d'Asie,export,2023,7039,4700,2024
BENGLADESH,Autres pays d'Asie,export,2024,6027,4413,2024
BRUNEI,Autres pays d'Asie,export,2020,2353,2864,2024
BRUNEI,Autres pays d'Asie,export,2021,807,1574,2024
BRUNEI,Autres pays d'Asie,export,2022,724,849,2024
BRUNEI,Autres pays d'Asie,export,2023,650,328,2024
BRUNEI,Autres pays d'Asie,export,2024,1103,500,2024
CAMBODGE,Autres pays d'Asie,export,2020,,,2024
CAMBODGE,Autres pays d'Asie,export,2021,2,1,2024
CAMBODGE,Autres pays d'Asie,export,2022,,,2024
CAMBODGE,Autres pays d'Asie,export,2023,,,2024
CAMBODGE,Autres pays d'Asie,export,2024,18,60,2024
COREE DU NORD,Autres pays d'Asie,export,2020,103,54,2024
COREE DU NORD,Autres pays d'Asie,export,2021,180,40166,2024
COREE DU NORD,Autres pays d'Asie,export,2022,71,291,2024
COREE DU NORD,Autres pays d'Asie,export,2023,31,163,2024
COREE DU NORD,Autres pays d'Asie,export,2024,0,0,2024
COREE DU SUD,Autres pays d'Asie,export,2020,18365,10570,2024
COREE DU SUD,Autres pays d'Asie,export,2021,17515,12753,2024
COREE DU SUD,Autres pays d'Asie,export,2022,65528,12923,2024
COREE DU SUD,Autres pays d'Asie,export,2023,31309,8247,2024
COREE DU SUD,Autres pays d'Asie,export,2024,14178,8946,2024
HONG-KONG,Autres pays d'Asie,export,2020,368,213,2024
HONG-KONG,Autres pays d'Asie,export,2021,476,310,2024
HONG-KONG,Autres pays d'Asie,export,2022,1163,868,2024
HONG-KONG,Autres pays d'Asie,export,2023,731,212,2024
HONG-KONG,Autres pays d'Asie,export,2024,1912,334,2024
INDE,Autres pays d'Asie,export,2020,171975,535830,2024
INDE,Autres pays d'Asie,export,2021,282398,633713,2024
INDE,Autres pays d'Asie,export,2022,540086,739272,2024
INDE,Autres pays d'Asie,export,2023,330106,843864,2024
INDE,Autres pays d'Asie,export,2024,353663,879409,2024
INDONESIE,Autres pays d'Asie,export,2020,1399,832,2024
INDONESIE,Autres pays d'Asie,export,2021,480,962,2024
INDONESIE,Autres pays d'Asie,export,2022,576,1070,2024
INDONESIE,Autres pays d'Asie,export,2023,149,571,2024
INDONESIE,Autres pays d'Asie,export,2024,286,961,2024
JAPON,Autres pays d'Asie,export,2020,6169,6605,2024
JAPON,Autres pays d'Asie,export,2021,9245,7280,2024
JAPON,Autres pays d'Asie,export,2022,9582,6930,2024
JAPON,Autres pays d'Asie,export,2023,13667,17981,2024
JAPON,Autres pays d'Asie,export,2024,12160,8686,2024
LAOS,Autres pays d'Asie,export,2020,,,2024
LAOS,Autres pays d'Asie,export,2021,,,2024
LAOS,Autres pays d'Asie,export,2022,2,0,2024
LAOS,Autres pays d'Asie,export,2023,0,0,2024
LAOS,Autres pays d'Asie,export,2024,54,84,2024
MACAO,Autres pays d'Asie,export,2020,26,0,2024
MACAO,Autres pays d'Asie,export,2021,,,2024
MACAO,Autres pays d'Asie,export,2022,8,0,2024
MACAO,Autres pays d'Asie,export,2023,,,2024
MACAO,Autres pays d'Asie,export,2024,20,0,2024
MALAISIE,Autres pays d'Asie,export,2020,1883,4253,2024
MALAISIE,Autres pays d'Asie,export,2021,755,3104,2024
MALAISIE,Autres pays d'Asie,export,2022,1249,2370,2024
MALAISIE,Autres pays d'Asie,export,2023,2353,3688,2024
MALAISIE,Autres pays d'Asie,export,2024,3332,1977,2024
MALDIVES,Autres pays d'Asie,export,2020,11,0,2024
MALDIVES,Autres pays d'Asie,export,2021,,,2024
MALDIVES,Autres pays d'Asie,export,2022,,,2024
MALDIVES,Autres pays d'Asie,export,2023,,,2024
MALDIVES,Autres pays d'Asie,export,2024,,,2024
MONGOLIE,Autres pays d'Asie,export,2020,,,2024
MONGOLIE,Autres pays d'Asie,export,2021,,,2024
MONGOLIE,Autres pays d'Asie,export,2022,,,2024
MONGOLIE,Autres pays d'Asie,export,2023,2,1,2024
MONGOLIE,Autres pays d'Asie,export,2024,,,2024
NEPAL,Autres pays d'Asie,export,2020,,,2024
NEPAL,Autres pays d'Asie,export,2021,,,2024
NEPAL,Autres pays d'Asie,export,2022,8,2,2024
NEPAL,Autres pays d'Asie,export,2023,,,2024
NEPAL,Autres pays d'Asie,export,2024,,,2024
PAKISTAN,Autres pays d'Asie,export,2020,723,1779,2024
PAKISTAN,Autres pays d'Asie,export,2021,20,57,2024
PAKISTAN,Autres pays d'Asie,export,2022,93,239,2024
PAKISTAN,Autres pays d'Asie,export,2023,499,201,2024
PAKISTAN,Autres pays d'Asie,export,2024,8943,528,2024
PHILIPPINE,Autres pays d'Asie,export,2020,450,720,2024
PHILIPPINE,Autres pays d'Asie,export,2021,,,2024
PHILIPPINE,Autres pays d'Asie,export,2022,,,2024
PHILIPPINE,Autres pays d'Asie,export,2023,,,2024
PHILIPPINE,Autres pays d'Asie,export,2024,2157,35034,2024
REPUBLIQUE POPULAIRE DE CHINE,Autres pays d'Asie,export,2020,152146,425169,2024
REPUBLIQUE POPULAIRE DE CHINE,Autres pays d'Asie,export,2021,189768,489792,2024
REPUBLIQUE POPULAIRE DE CHINE,Autres pays d'Asie,export,2022,142372,348621,2024
REPUBLIQUE POPULAIRE DE CHINE,Autres pays d'Asie,export,2023,135694,332592,2024
REPUBLIQUE POPULAIRE DE CHINE,Autres pays d'Asie,export,2024,436471,1301097,2024
SINGAPOUR,Autres pays d'Asie,export,2020,1271,2370,2024
SINGAPOUR,Autres pays d'Asie,export,2021,1336,7025,2024
SINGAPOUR,Autres pays d'Asie,export,2022,3371,14615,2024
SINGAPOUR,Autres pays d'Asie,export,2023,1563,3176,2024
SINGAPOUR,Autres pays d'Asie,export,2024,6210,11292,2024
TAIWAN,Autres pays d'Asie,export,2020,955,844,2024
TAIWAN,Autres pays d'Asie,export,2021,498,403,2024
TAIWAN,Autres pays d'Asie,export,2022,1072,676,2024
TAIWAN,Autres pays d'Asie,export,2023,1670,1056,2024
TAIWAN,Autres pays d'Asie,export,2024,1870,1382,2024
THAILANDE,Autres pays d'Asie,export,2020,625,1083,2024
THAILANDE,Autres pays d'Asie,export,2021,233,71,2024
THAILANDE,Autres pays d'Asie,export,2022,965,1177,2024
THAILANDE,Autres pays d'Asie,export,2023,260,419,2024
THAILANDE,Autres pays d'Asie,export,2024,362,1362,2024
TIMOR PORTUGAIS,Autres pays d'Asie,export,2020,,,2024
TIMOR PORTUGAIS,Autres pays d'Asie,export,2021,,,2024
TIMOR PORTUGAIS,Autres pays d'Asie,export,2022,,,2024
TIMOR PORTUGAIS,Autres pays d'Asie,export,2023,,,2024
TIMOR PORTUGAIS,Autres pays d'Asie,export,2024,4,0,2024
UNION BIRMANE,Autres pays d'Asie,export,2020,,,2024
UNION BIRMANE,Autres pays d'Asie,export,2021,,,2024
UNION BIRMANE,Autres pays d'Asie,export,2022,,,2024
UNION BIRMANE,Autres pays d'Asie,export,2023,,,2024
UNION BIRMANE,Autres pays d'Asie,export,2024,9,0,2024
VIETNAM,Autres pays d'Asie,export,2020,11117,23051,2024
VIETNAM,Autres pays d'Asie,export,2021,21859,39145,2024
VIETNAM,Autres pays d'Asie,export,2022,21388,33792,2024
VIETNAM,Autres pays d'Asie,export,2023,42246,85898,2024
VIETNAM,Autres pays d'Asie,export,2024,16952,25966,2024
AUSTRALIE,Océanie,export,2020,123078,613,2024
AUSTRALIE,Océanie,export,2021,120370,2002,2024
AUSTRALIE,Océanie,export,2022,140279,2294,2024
AUSTRALIE,Océanie,export,2023,104072,1436,2024
AUSTRALIE,Océanie,export,2024,88438,2359,2024
ILES COOK,Océanie,export,2020,,,2024
ILES COOK,Océanie,export,2021,,,2024
ILES COOK,Océanie,export,2022,,,2024
ILES COOK,Océanie,export,2023,,,2024
ILES COOK,Océanie,export,2024,1,0,2024
NAURU,Océanie,export,2020,1,0,2024
NAURU,Océanie,export,2021,,,2024
NAURU,Océanie,export,2022,212,237,2024
NAURU,Océanie,export,2023,3639,19710,2024
NAURU,Océanie,export,2024,,,2024
NOUVELLE GUINEE ET PAPOUASIE,Océanie,export,2020,,,2024
NOUVELLE GUINEE ET PAPOUASIE,Océanie,export,2021,44,6,2024
NOUVELLE GUINEE ET PAPOUASIE,Océanie,export,2022,103,24,2024
NOUVELLE GUINEE ET PAPOUASIE,Océanie,export,2023,,,2024
NOUVELLE GUINEE ET PAPOUASIE,Océanie,export,2024,,,2024
NOUVELLE ZELANDE,Océanie,export,2020,1015,184,2024
NOUVELLE ZELANDE,Océanie,export,2021,1819,253,2024
NOUVELLE ZELANDE,Océanie,export,2022,1837,287,2024
NOUVELLE ZELANDE,Océanie,export,2023,728,93,2024
NOUVELLE ZELANDE,Océanie,export,2024,1595,222,2024
SAMOA OCCIDENTAL,Océanie,export,2020,5,0,2024
SAMOA OCCIDENTAL,Océanie,export,2021,,,2024
SAMOA OCCIDENTAL,Océanie,export,2022,543,353,2024
SAMOA OCCIDENTAL,Océanie,export,2023,669,550,2024
SAMOA OCCIDENTAL,Océanie,export,2024,49,60,2024
TONGA,Océanie,export,2020,,,2024
TONGA,Océanie,export,2021,115,32,2024
TONGA,Océanie,export,2022,,,2024
TONGA,Océanie,export,2023,3,0,2024
TONGA,Océanie,export,2024,28,2,2024
"DIVERS (PBE,PBF,OM,nda..; etc)",Divers,export,2020,87440,276152,2024
"DIVERS (PBE,PBF,OM,nda..; etc)",Divers,export,2021,86830,282722,2024
"DIVERS (PBE,PBF,OM,nda..; etc)",Divers,export,2022,133483,204812,2024
"DIVERS (PBE,PBF,OM,nda..; etc)",Divers,export,2023,162900,247747,2024
"DIVERS (PBE,PBF,OM,nda..; etc)",Divers,export,2024,229229,415984,2024
ALLEMAGNE,Union européenne,import,2020,85722,68811,2024
ALLEMAGNE,Union européenne,import,2021,96479,70584,2024
ALLEMAGNE,Union européenne,import,2022,166205,90404,2024
ALLEMAGNE,Union européenne,import,2023,158051,83448,2024
ALLEMAGNE,Union européenne,import,2024,118673,75872,2024
AUTRICHE,Union européenne,import,2020,2457,1417,2024
AUTRICHE,Union européenne,import,2021,3484,2921,2024
AUTRICHE,Union européenne,import,2022,4546,1960,2024
AUTRICHE,Union européenne,import,2023,5600,2727,2024
AUTRICHE,Union européenne,import,2024,4540,2854,2024
BELGIQUE,Union européenne,import,2020,267560,782082,2024
BELGIQUE,Union européenne,import,2021,254487,551390,2024
BELGIQUE,Union européenne,import,2022,473784,644418,2024
BELGIQUE,Union européenne,import,2023,417778,644739,2024
BELGIQUE,Union européenne,import,2024,397632,661874,2024
BULGARIE,Union européenne,import,2020,6730,3828,2024
BULGARIE,Union européenne,import,2021,5754,15111,2024
BULGARIE,Union européenne,import,2022,2771,1820,2024
BULGARIE,Union européenne,import,2023,35773,55952,2024
BULGARIE,Union européenne,import,2024,63769,121587,2024
CHYPRE,Union européenne,import,2020,5,0,2024
CHYPRE,Union européenne,import,2021,64,152,2024
CHYPRE,Union européenne,import,2022,117,265,2024
CHYPRE,Union européenne,import,2023,60,62,2024
CHYPRE,Union européenne,import,2024,213,96,2024
CROATIE,Union européenne,import,2020,457,934,2024
CROATIE,Union européenne,import,2021,488,842,2024
CROATIE,Union européenne,import,2022,1482,2590,2024
CROATIE,Union européenne,import,2023,1048,3275,2024
CROATIE,Union européenne,import,2024,145502,22500,2024
DANEMARK,Union européenne,import,2020,13186,6756,2024
DANEMARK,Union européenne,import,2021,14658,6842,2024
DANEMARK,Union européenne,import,2022,16344,9204,2024
DANEMARK,Union européenne,import,2023,48186,10364,2024
DANEMARK,Union européenne,import,2024,17347,13662,2024
ESPAGNE,Union européenne,import,2020,227596,819517,2024
ESPAGNE,Union européenne,import,2021,252985,806611,2024
ESPAGNE,Union européenne,import,2022,457499,971982,2024
ESPAGNE,Union européenne,import,2023,180846,479016,2024
ESPAGNE,Union européenne,import,2024,194886,407120,2024
FINLANDE,Union européenne,import,2020,41181,5929,2024
FINLANDE,Union européenne,import,2021,34671,47140,2024
FINLANDE,Union européenne,import,2022,12149,3864,2024
FINLANDE,Union européenne,import,2023,24591,6224,2024
FINLANDE,Union européenne,import,2024,11746,10007,2024
FRANCE,Union européenne,import,2020,703962,649409,2024
FRANCE,Union européenne,import,2021,632774,500814,2024
FRANCE,Union européenne,import,2022,691127,562205,2024
FRANCE,Union européenne,import,2023,868495,715755,2024
FRANCE,Union européenne,import,2024,725186,634935,2024
GRECE,Union européenne,import,2020,7884,32918,2024
GRECE,Union européenne,import,2021,8391,27612,2024
GRECE,Union européenne,import,2022,29378,60026,2024
GRECE,Union européenne,import,2023,19006,40757,2024
GRECE,Union européenne,import,2024,21748,45502,2024
HONGRIE,Union européenne,import,2020,4196,1096,2024
HONGRIE,Union européenne,import,2021,4786,2390,2024
HONGRIE,Union européenne,import,2022,3003,1278,2024
HONGRIE,Union européenne,import,2023,3329,1086,2024
HONGRIE,Union européenne,import,2024,1461,528,2024
IRLANDE,Union européenne,import,2020,18604,13907,2024
IRLANDE,Union européenne,import,2021,20217,15491,2024
IRLANDE,Union européenne,import,2022,26813,19888,2024
IRLANDE,Union européenne,import,2023,13870,9900,2024
IRLANDE,Union européenne,import,2024,21652,18409,2024
ITALIE,Union européenne,import,2020,84679,142363,2024
ITALIE,Union européenne,import,2021,112834,198530,2024
ITALIE,Union européenne,import,2022,121732,174728,2024
ITALIE,Union européenne,import,2023,112471,157908,2024
ITALIE,Union européenne,import,2024,118311,148374,2024
LUXEMBOURG,Union européenne,import,2020,,,2024
LUXEMBOURG,Union européenne,import,2021,,,2024
LUXEMBOURG,Union européenne,import,2022,,,2024
LUXEMBOURG,Union européenne,import,2023,2347,766,2024
LUXEMBOURG,Union européenne,import,2024,1911,938,2024
MALTE,Union européenne,import,2020,3272,5959,2024
MALTE,Union européenne,import,2021,1561,588,2024
MALTE,Union européenne,import,2022,13729,25824,2024
MALTE,Union européenne,import,2023,2478,580,2024
MALTE,Union européenne,import,2024,2445,881,2024
PAYS BAS,Union européenne,import,2020,277285,1218204,2024
PAYS BAS,Union européenne,import,2021,259995,896064,2024
PAYS BAS,Union européenne,import,2022,389292,883594,2024
PAYS BAS,Union européenne,import,2023,205054,487152,2024
PAYS BAS,Union européenne,import,2024,176482,473350,2024
POLOGNE,Union européenne,import,2020,52564,16033,2024
POLOGNE,Union européenne,import,2021,53866,28171,2024
POLOGNE,Union européenne,import,2022,73765,50525,2024
POLOGNE,Union européenne,import,2023,76747,93342,2024
POLOGNE,Union européenne,import,2024,91511,163917,2024
PORTUGAL,Union européenne,import,2020,16415,24743,2024
PORTUGAL,Union européenne,import,2021,23905,27847,2024
PORTUGAL,Union européenne,import,2022,28936,36967,2024
PORTUGAL,Union européenne,import,2023,27098,68415,2024
PORTUGAL,Union européenne,import,2024,27275,38759,2024
REPUBLIQUE D'ESTONIE,Union européenne,import,2020,65,14,2024
REPUBLIQUE D'ESTONIE,Union européenne,import,2021,92,71,2024
REPUBLIQUE D'ESTONIE,Union européenne,import,2022,68,12,2024
REPUBLIQUE D'ESTONIE,Union européenne,import,2023,2912,14013,2024
REPUBLIQUE D'ESTONIE,Union européenne,import,2024,7806,41730,2024
REPUBLIQUE DE LETTONIE,Union européenne,import,2020,118,283,2024
REPUBLIQUE DE LETTONIE,Union européenne,import,2021,17,50,2024
REPUBLIQUE DE LETTONIE,Union européenne,import,2022,3351,1883,2024
REPUBLIQUE DE LETTONIE,Union européenne,import,2023,9735,34802,2024
REPUBLIQUE DE LETTONIE,Union européenne,import,2024,2659,13989,2024
REPUBLIQUE DE LITUANIE,Union européenne,import,2020,4451,26667,2024
REPUBLIQUE DE LITUANIE,Union européenne,import,2021,6544,31696,2024
REPUBLIQUE DE LITUANIE,Union européenne,import,2022,25592,81013,2024
REPUBLIQUE DE LITUANIE,Union européenne,import,2023,32033,147153,2024
REPUBLIQUE DE LITUANIE,Union européenne,import,2024,20917,105886,2024
REPUBLIQUE DE SLOVAQUIE,Union européenne,import,2020,1966,1824,2024
REPUBLIQUE DE SLOVAQUIE,Union européenne,import,2021,2102,426,2024
REPUBLIQUE DE SLOVAQUIE,Union européenne,import,2022,2804,1015,2024
REPUBLIQUE DE SLOVAQUIE,Union européenne,import,2023,3255,1097,2024
REPUBLIQUE DE SLOVAQUIE,Union européenne,import,2024,4219,1735,2024
REPUBLIQUE TCHEQUE,Union européenne,import,2020,2612,2784,2024
REPUBLIQUE TCHEQUE,Union européenne,import,2021,9181,37748,2024
REPUBLIQUE TCHEQUE,Union européenne,import,2022,8420,2540,2024
REPUBLIQUE TCHEQUE,Union européenne,import,2023,9146,61020,2024
REPUBLIQUE TCHEQUE,Union européenne,import,2024,10567,2804,2024
ROUMANIE,Union européenne,import,2020,4529,8324,2024
ROUMANIE,Union européenne,import,2021,4670,4086,2024
ROUMANIE,Union européenne,import,2022,5376,3344,2024
ROUMANIE,Union européenne,import,2023,4950,4100,2024
ROUMANIE,Union européenne,import,2024,4321,3449,2024
ROYAUME UNI,Union européenne,import,2020,36058,48272,2024
ROYAUME UNI,Union européenne,import,2021,69035,118695,2024
ROYAUME UNI,Union européenne,import,2022,97455,75398,2024
ROYAUME UNI,Union européenne,import,2023,108231,99793,2024
ROYAUME UNI,Union européenne,import,2024,59556,48987,2024
SLOVENIE,Union européenne,import,2020,911,1291,2024
SLOVENIE,Union européenne,import,2021,877,2206,2024
SLOVENIE,Union européenne,import,2022,1190,3444,2024
SLOVENIE,Union européenne,import,2023,868,3317,2024
SLOVENIE,Union européenne,import,2024,1085,4013,2024
SUEDE,Union européenne,import,2020,16812,26565,2024
SUEDE,Union européenne,import,2021,27041,22447,2024
SUEDE,Union européenne,import,2022,26303,17983,2024
SUEDE,Union européenne,import,2023,23236,26217,2024
SUEDE,Union européenne,import,2024,25539,21280,2024
ALBANIE,Autres pays d'Europe,import,2020,4942,3944,2024
ALBANIE,Autres pays d'Europe,import,2021,10532,168431,2024
ALBANIE,Autres pays d'Europe,import,2022,5236,7843,2024
ALBANIE,Autres pays d'Europe,import,2023,9075,14425,2024
ALBANIE,Autres pays d'Europe,import,2024,9044,6540,2024
ANDORRE,Autres pays d'Europe,import,2020,8,4,2024
ANDORRE,Autres pays d'Europe,import,2021,7,19,2024
ANDORRE,Autres pays d'Europe,import,2022,5,3,2024
ANDORRE,Autres pays d'Europe,import,2023,2,14,2024
ANDORRE,Autres pays d'Europe,import,2024,11,7,2024
ARMENIE,Autres pays d'Europe,import,2020,36,45,2024
ARMENIE,Autres pays d'Europe,import,2021,16,14,2024
ARMENIE,Autres pays d'Europe,import,2022,22,0,2024
ARMENIE,Autres pays d'Europe,import,2023,31,9,2024
ARMENIE,Autres pays d'Europe,import,2024,129,95,2024
BOSNIE-HERZEGOVINE,Autres pays d'Europe,import,2020,25,158,2024
BOSNIE-HERZEGOVINE,Autres pays d'Europe,import,2021,23,12,2024
BOSNIE-HERZEGOVINE,Autres pays d'Europe,import,2022,1918,4073,2024
BOSNIE-HERZEGOVINE,Autres pays d'Europe,import,2023,11,1,2024
BOSNIE-HERZEGOVINE,Autres pays d'Europe,import,2024,29,2,2024
CITE DU VATICAN,Autres pays d'Europe,import,2020,,,2024
CITE DU VATICAN,Autres pays d'Europe,import,2021,2,1,2024
CITE DU VATICAN,Autres pays d'Europe,import,2022,25,124,2024
CITE DU VATICAN,Autres pays d'Europe,import,2023,43,47,2024
CITE DU VATICAN,Autres pays d'Europe,import,2024,5,3,2024
EX-YOUGOSLAVIE,Autres pays d'Europe,import,2020,277,53,2024
EX-YOUGOSLAVIE,Autres pays d'Europe,import,2021,61,73,2024
EX-YOUGOSLAVIE,Autres pays d'Europe,import,2022,67,308,2024
EX-YOUGOSLAVIE,Autres pays d'Europe,import,2023,47,268,2024
EX-YOUGOSLAVIE,Autres pays d'Europe,import,2024,104,160,2024
GIBRALTAR,Autres pays d'Europe,import,2020,,,2024
GIBRALTAR,Autres pays d'Europe,import,2021,,,2024
GIBRALTAR,Autres pays d'Europe,import,2022,15,41,2024
GIBRALTAR,Autres pays d'Europe,import,2023,23,74,2024
GIBRALTAR,Autres pays d'Europe,import,2024,17,86,2024
HELGOLAND,Autres pays d'Europe,import,2020,204,90,2024
HELGOLAND,Autres pays d'Europe,import,2021,231,124,2024
HELGOLAND,Autres pays d'Europe,import,2022,226,129,2024
HELGOLAND,Autres pays d'Europe,import,2023,245,263,2024
HELGOLAND,Autres pays d'Europe,import,2024,281,322,2024
ISLANDE,Autres pays d'Europe,import,2020,3361,781,2024
ISLANDE,Autres pays d'Europe,import,2021,8709,1172,2024
ISLANDE,Autres pays d'Europe,import,2022,9414,3015,2024
ISLANDE,Autres pays d'Europe,import,2023,9339,7493,2024
ISLANDE,Autres pays d'Europe,import,2024,8530,992,2024
MONTENEGRO,Autres pays d'Europe,import,2020,121,51,2024
MONTENEGRO,Autres pays d'Europe,import,2021,64,58,2024
MONTENEGRO,Autres pays d'Europe,import,2022,148,18,2024
MONTENEGRO,Autres pays d'Europe,import,2023,55,30,2024
MONTENEGRO,Autres pays d'Europe,import,2024,1001,277,2024
NORVEGE,Autres pays d'Europe,import,2020,12720,46188,2024
NORVEGE,Autres pays d'Europe,import,2021,29838,67639,2024
NORVEGE,Autres pays d'Europe,import,2022,54692,72840,2024
NORVEGE,Autres pays d'Europe,import,2023,46924,276195,2024
NORVEGE,Autres pays d'Europe,import,2024,35026,83489,2024
REPUBLIQUE D'AZERBADJAN,Autres pays d'Europe,import,2020,83,145,2024
REPUBLIQUE D'AZERBADJAN,Autres pays d'Europe,import,2021,576,553,2024
REPUBLIQUE D'AZERBADJAN,Autres pays d'Europe,import,2022,86,675,2024
REPUBLIQUE D'AZERBADJAN,Autres pays d'Europe,import,2023,736,957,2024
REPUBLIQUE D'AZERBADJAN,Autres pays d'Europe,import,2024,1381,324,2024
REPUBLIQUE D'UKRAINE,Autres pays d'Europe,import,2020,62117,222474,2024
REPUBLIQUE D'UKRAINE,Autres pays d'Europe,import,2021,72667,198648,2024
REPUBLIQUE D'UKRAINE,Autres pays d'Europe,import,2022,31451,73200,2024
REPUBLIQUE D'UKRAINE,Autres pays d'Europe,import,2023,10004,25714,2024
REPUBLIQUE D'UKRAINE,Autres pays d'Europe,import,2024,12131,71859,2024
REPUBLIQUE DE BIELORUSSIE,Autres pays d'Europe,import,2020,5845,35973,2024
REPUBLIQUE DE BIELORUSSIE,Autres pays d'Europe,import,2021,6106,27420,2024
REPUBLIQUE DE BIELORUSSIE,Autres pays d'Europe,import,2022,144,204,2024
REPUBLIQUE DE BIELORUSSIE,Autres pays d'Europe,import,2023,133,37,2024
REPUBLIQUE DE BIELORUSSIE,Autres pays d'Europe,import,2024,372,911,2024
REPUBLIQUE DE GEORGIE,Autres pays d'Europe,import,2020,223,172,2024
REPUBLIQUE DE GEORGIE,Autres pays d'Europe,import,2021,268,123,2024
REPUBLIQUE DE GEORGIE,Autres pays d'Europe,import,2022,329,873,2024
REPUBLIQUE DE GEORGIE,Autres pays d'Europe,import,2023,723,540,2024
REPUBLIQUE DE GEORGIE,Autres pays d'Europe,import,2024,1174,862,2024
REPUBLIQUE DE KAZAKSTAN,Autres pays d'Europe,import,2020,1524,34560,2024
REPUBLIQUE DE KAZAKSTAN,Autres pays d'Europe,import,2021,28598,273744,2024
REPUBLIQUE DE KAZAKSTAN,Autres pays d'Europe,import,2022,29318,82956,2024
REPUBLIQUE DE KAZAKSTAN,Autres pays d'Europe,import,2023,15833,238871,2024
REPUBLIQUE DE KAZAKSTAN,Autres pays d'Europe,import,2024,19521,83467,2024
RUSSIE,Autres pays d'Europe,import,2020,203229,1477914,2024
RUSSIE,Autres pays d'Europe,import,2021,307647,1519027,2024
RUSSIE,Autres pays d'Europe,import,2022,439903,1021834,2024
RUSSIE,Autres pays d'Europe,import,2023,502279,1688374,2024
RUSSIE,Autres pays d'Europe,import,2024,578966,1697373,2024
SUISSE,Autres pays d'Europe,import,2020,69432,122795,2024
SUISSE,Autres pays d'Europe,import,2021,40068,65611,2024
SUISSE,Autres pays d'Europe,import,2022,68469,123531,2024
SUISSE,Autres pays d'Europe,import,2023,43249,59907,2024
SUISSE,Autres pays d'Europe,import,2024,40590,42768,2024
TRIESTE,Autres pays d'Europe,import,2020,21,73,2024
TRIESTE,Autres pays d'Europe,import,2021,23,56,2024
TRIESTE,Autres pays d'Europe,import,2022,52,91,2024
TRIESTE,Autres pays d'Europe,import,2023,397,349,2024
TRIESTE,Autres pays d'Europe,import,2024,23,137,2024
TURQUIE,Autres pays d'Europe,import,2020,159993,627603,2024
TURQUIE,Autres pays d'Europe,import,2021,229431,430235,2024
TURQUIE,Autres pays d'Europe,import,2022,251834,500441,2024
TURQUIE,Autres pays d'Europe,import,2023,176062,287210,2024
TURQUIE,Autres pays d'Europe,import,2024,238935,336391,2024
BURUNDI,Afrique centrale,import,2020,,,2024
BURUNDI,Afrique centrale,import,2021,21,2,2024
BURUNDI,Afrique centrale,import,2022,,,2024
BURUNDI,Afrique centrale,import,2023,13,1,2024
BURUNDI,Afrique centrale,import,2024,25,2,2024
CAMEROUN,Afrique centrale,import,2020,11415,53791,2024
CAMEROUN,Afrique centrale,import,2021,14302,64484,2024
CAMEROUN,Afrique centrale,import,2022,14018,64612,2024
CAMEROUN,Afrique centrale,import,2023,15070,69182,2024
CAMEROUN,Afrique centrale,import,2024,13196,64615,2024
CENTRE AFRIQUE,Afrique centrale,import,2020,1467,296,2024
CENTRE AFRIQUE,Afrique centrale,import,2021,353,70,2024
CENTRE AFRIQUE,Afrique centrale,import,2022,36,127,2024
CENTRE AFRIQUE,Afrique centrale,import,2023,11,120,2024
CENTRE AFRIQUE,Afrique centrale,import,2024,0,0,2024
CONGO,Afrique centrale,import,2020,389,1422,2024
CONGO,Afrique centrale,import,2021,1219,3905,2024
CONGO,Afrique centrale,import,2022,2326,4021,2024
CONGO,Afrique centrale,import,2023,621,4145,2024
CONGO,Afrique centrale,import,2024,169,1060,2024
CONGO DEMOCRATIQUE,Afrique centrale,import,2020,685,6341,2024
CONGO DEMOCRATIQUE,Afrique centrale,import,2021,715,4219,2024
CONGO DEMOCRATIQUE,Afrique centrale,import,2022,850,7179,2024
CONGO DEMOCRATIQUE,Afrique centrale,import,2023,61,827,2024
CONGO DEMOCRATIQUE,Afrique centrale,import,2024,303,604,2024
GABON,Afrique centrale,import,2020,482,2625,2024
GABON,Afrique centrale,import,2021,2078,5376,2024
GABON,Afrique centrale,import,2022,2778,5708,2024
GABON,Afrique centrale,import,2023,3795,10821,2024
GABON,Afrique centrale,import,2024,4119,6880,2024
GUINEE EQUATORIALE,Afrique centrale,import,2020,,,2024
GUINEE EQUATORIALE,Afrique centrale,import,2021,2,20,2024
GUINEE EQUATORIALE,Afrique centrale,import,2022,,,2024
GUINEE EQUATORIALE,Afrique centrale,import,2023,26,224,2024
GUINEE EQUATORIALE,Afrique centrale,import,2024,2042,5988,2024
RWANDA,Afrique centrale,import,2020,4,0,2024
RWANDA,Afrique centrale,import,2021,130,20,2024
RWANDA,Afrique centrale,import,2022,,,2024
RWANDA,Afrique centrale,import,2023,4,2,2024
RWANDA,Afrique centrale,import,2024,,,2024
SAINT THOMAS ILE DU PRINCE,Afrique centrale,import,2020,,,2024
SAINT THOMAS ILE DU PRINCE,Afrique centrale,import,2021,588,113,2024
SAINT THOMAS ILE DU PRINCE,Afrique centrale,import,2022,11,29,2024
SAINT THOMAS ILE DU PRINCE,Afrique centrale,import,2023,,,2024
SAINT THOMAS ILE DU PRINCE,Afrique centrale,import,2024,,,2024
TCHAD,Afrique centrale,import,2020,86,2,2024
TCHAD,Afrique centrale,import,2021,2,0,2024
TCHAD,Afrique centrale,import,2022,1,5,2024
TCHAD,Afrique centrale,import,2023,,,2024
TCHAD,Afrique centrale,import,2024,3,2,2024
ALGERIE,Afrique du Nord,import,2020,15173,432861,2024
ALGERIE,Afrique du Nord,import,2021,21678,347548,2024
ALGERIE,Afrique du Nord,import,2022,36621,625545,2024
ALGERIE,Afrique du Nord,import,2023,41693,293852,2024
ALGERIE,Afrique du Nord,import,2024,8508,22393,2024
EGYPTE,Afrique du Nord,import,2020,20415,48419,2024
EGYPTE,Afrique du Nord,import,2021,36182,353600,2024
EGYPTE,Afrique du Nord,import,2022,52967,401323,2024
EGYPTE,Afrique du Nord,import,2023,74737,337280,2024
EGYPTE,Afrique du Nord,import,2024,62550,399244,2024
ILES CANARIES,Afrique du Nord,import,2020,,,2024
ILES CANARIES,Afrique du Nord,import,2021,3,28,2024
ILES CANARIES,Afrique du Nord,import,2022,,,2024
ILES CANARIES,Afrique du Nord,import,2023,,,2024
ILES CANARIES,Afrique du Nord,import,2024,,,2024
LIBYE,Afrique du Nord,import,2020,3,2,2024
LIBYE,Afrique du Nord,import,2021,181,662,2024
LIBYE,Afrique du Nord,import,2022,1581,2238,2024
LIBYE,Afrique du Nord,import,2023,19,44,2024
LIBYE,Afrique du Nord,import,2024,4,36,2024
MAROC,Afrique du Nord,import,2020,84614,138461,2024
MAROC,Afrique du Nord,import,2021,91500,166530,2024
MAROC,Afrique du Nord,import,2022,92360,208905,2024
MAROC,Afrique du Nord,import,2023,123362,247214,2024
MAROC,Afrique du Nord,import,2024,147040,283724,2024
SOUDAN,Afrique du Nord,import,2020,997,2217,2024
SOUDAN,Afrique du Nord,import,2021,6610,788,2024
SOUDAN,Afrique du Nord,import,2022,482,302,2024
SOUDAN,Afrique du Nord,import,2023,326,390,2024
SOUDAN,Afrique du Nord,import,2024,100,130,2024
TUNISIE,Afrique du Nord,import,2020,22771,112301,2024
TUNISIE,Afrique du Nord,import,2021,26989,123743,2024
TUNISIE,Afrique du Nord,import,2022,28385,130444,2024
TUNISIE,Afrique du Nord,import,2023,39222,126982,2024
TUNISIE,Afrique du Nord,import,2024,23358,68441,2024
BENIN,Afrique occidentale,import,2020,937,1152,2024
BENIN,Afrique occidentale,import,2021,1221,3775,2024
BENIN,Afrique occidentale,import,2022,384,369,2024
BENIN,Afrique occidentale,import,2023,1763,5087,2024
BENIN,Afrique occidentale,import,2024,1664,3773,2024
BURKINA FASO,Afrique occidentale,import,2020,316,247,2024
BURKINA FASO,Afrique occidentale,import,2021,387,581,2024
BURKINA FASO,Afrique occidentale,import,2022,884,69,2024
BURKINA FASO,Afrique occidentale,import,2023,340,152,2024
BURKINA FASO,Afrique occidentale,import,2024,476,585,2024
COTE D'IVOIRE,Afrique occidentale,import,2020,58708,138706,2024
COTE D'IVOIRE,Afrique occidentale,import,2021,58199,127975,2024
COTE D'IVOIRE,Afrique occidentale,import,2022,72860,114595,2024
COTE D'IVOIRE,Afrique occidentale,import,2023,54040,87867,2024
COTE D'IVOIRE,Afrique occidentale,import,2024,64412,95226,2024
GAMBIE,Afrique occidentale,import,2020,10441,21054,2024
GAMBIE,Afrique occidentale,import,2021,3882,6103,2024
GAMBIE,Afrique occidentale,import,2022,2219,3592,2024
GAMBIE,Afrique occidentale,import,2023,4562,7343,2024
GAMBIE,Afrique occidentale,import,2024,983,1370,2024
GHANA,Afrique occidentale,import,2020,62779,113965,2024
GHANA,Afrique occidentale,import,2021,41477,67257,2024
GHANA,Afrique occidentale,import,2022,43571,73357,2024
GHANA,Afrique occidentale,import,2023,20930,43242,2024
GHANA,Afrique occidentale,import,2024,33769,90932,2024
GUINEE BISSAU,Afrique occidentale,import,2020,23,8,2024
GUINEE BISSAU,Afrique occidentale,import,2021,212,397,2024
GUINEE BISSAU,Afrique occidentale,import,2022,139,261,2024
GUINEE BISSAU,Afrique occidentale,import,2023,132,308,2024
GUINEE BISSAU,Afrique occidentale,import,2024,57,433,2024
GUINEE REPUBLIQUE,Afrique occidentale,import,2020,1321,4865,2024
GUINEE REPUBLIQUE,Afrique occidentale,import,2021,1915,14179,2024
GUINEE REPUBLIQUE,Afrique occidentale,import,2022,7797,26164,2024
GUINEE REPUBLIQUE,Afrique occidentale,import,2023,6104,20625,2024
GUINEE REPUBLIQUE,Afrique occidentale,import,2024,1647,4350,2024
ILES DU CAP VERT,Afrique occidentale,import,2020,273,832,2024
ILES DU CAP VERT,Afrique occidentale,import,2021,1770,4275,2024
ILES DU CAP VERT,Afrique occidentale,import,2022,2592,3999,2024
ILES DU CAP VERT,Afrique occidentale,import,2023,9,10,2024
ILES DU CAP VERT,Afrique occidentale,import,2024,37,49,2024
LIBERIA,Afrique occidentale,import,2020,3277,7592,2024
LIBERIA,Afrique occidentale,import,2021,1598,5253,2024
LIBERIA,Afrique occidentale,import,2022,759,1430,2024
LIBERIA,Afrique occidentale,import,2023,207,203,2024
LIBERIA,Afrique occidentale,import,2024,,,2024
MALI,Afrique occidentale,import,2020,1573,1452,2024
MALI,Afrique occidentale,import,2021,2270,5369,2024
MALI,Afrique occidentale,import,2022,891,1057,2024
MALI,Afrique occidentale,import,2023,21606,6024,2024
MALI,Afrique occidentale,import,2024,4372,1483,2024
MAURITANIE,Afrique occidentale,import,2020,7961,22773,2024
MAURITANIE,Afrique occidentale,import,2021,2295,3548,2024
MAURITANIE,Afrique occidentale,import,2022,6611,12157,2024
MAURITANIE,Afrique occidentale,import,2023,17045,31351,2024
MAURITANIE,Afrique occidentale,import,2024,16668,83703,2024
NIGER,Afrique occidentale,import,2020,220,343,2024
NIGER,Afrique occidentale,import,2021,460,155,2024
NIGER,Afrique occidentale,import,2022,50,100,2024
NIGER,Afrique occidentale,import,2023,338,212,2024
NIGER,Afrique occidentale,import,2024,407,424,2024
NIGERIA,Afrique occidentale,import,2020,257198,1067905,2024
NIGERIA,Afrique occidentale,import,2021,287563,1040221,2024
NIGERIA,Afrique occidentale,import,2022,331199,655773,2024
NIGERIA,Afrique occidentale,import,2023,617385,1457901,2024
NIGERIA,Afrique occidentale,import,2024,314782,802376,2024
SIERRA LEONE,Afrique occidentale,import,2020,2514,4903,2024
SIERRA LEONE,Afrique occidentale,import,2021,9496,18522,2024
SIERRA LEONE,Afrique occidentale,import,2022,9801,16358,2024
SIERRA LEONE,Afrique occidentale,import,2023,2910,4514,2024
SIERRA LEONE,Afrique occidentale,import,2024,3084,4746,2024
TOGO,Afrique occidentale,import,2020,22541,60367,2024
TOGO,Afrique occidentale,import,2021,17419,43796,2024
TOGO,Afrique occidentale,import,2022,8997,8971,2024
TOGO,Afrique occidentale,import,2023,9342,16121,2024
TOGO,Afrique occidentale,import,2024,6470,20092,2024
AFRIQUE DU SUD,Afrique orientale et du Sud,import,2020,49153,318437,2024
AFRIQUE DU SUD,Afrique orientale et du Sud,import,2021,77200,368282,2024
AFRIQUE DU SUD,Afrique orientale et du Sud,import,2022,111772,479473,2024
AFRIQUE DU SUD,Afrique orientale et du Sud,import,2023,119219,600906,2024
AFRIQUE DU SUD,Afrique orientale et du Sud,import,2024,108901,689082,2024
ANGOLA,Afrique orientale et du Sud,import,2020,3046,14712,2024
ANGOLA,Afrique orientale et du Sud,import,2021,2471,10028,2024
ANGOLA,Afrique orientale et du Sud,import,2022,2466,9417,2024
ANGOLA,Afrique orientale et du Sud,import,2023,3758,13028,2024
ANGOLA,Afrique orientale et du Sud,import,2024,30,326,2024
BOTSWANA,Afrique orientale et du Sud,import,2020,,,2024
BOTSWANA,Afrique orientale et du Sud,import,2021,,,2024
BOTSWANA,Afrique orientale et du Sud,import,2022,,,2024
BOTSWANA,Afrique orientale et du Sud,import,2023,0,1,2024
BOTSWANA,Afrique orientale et du Sud,import,2024,,,2024
DJIBOUTI,Afrique orientale et du Sud,import,2020,20,30,2024
DJIBOUTI,Afrique orientale et du Sud,import,2021,22,29,2024
DJIBOUTI,Afrique orientale et du Sud,import,2022,5,4,2024
DJIBOUTI,Afrique orientale et du Sud,import,2023,8,2,2024
DJIBOUTI,Afrique orientale et du Sud,import,2024,6,60,2024
ETHIOPIE,Afrique orientale et du Sud,import,2020,92,6,2024
ETHIOPIE,Afrique orientale et du Sud,import,2021,59,14,2024
ETHIOPIE,Afrique orientale et du Sud,import,2022,46,17,2024
ETHIOPIE,Afrique orientale et du Sud,import,2023,787,4005,2024
ETHIOPIE,Afrique orientale et du Sud,import,2024,22,5,2024
ILE STE HELENE,Afrique orientale et du Sud,import,2020,21,94,2024
ILE STE HELENE,Afrique orientale et du Sud,import,2021,2,1,2024
ILE STE HELENE,Afrique orientale et du Sud,import,2022,652,4869,2024
ILE STE HELENE,Afrique orientale et du Sud,import,2023,1865,5261,2024
ILE STE HELENE,Afrique orientale et du Sud,import,2024,17,18,2024
ILES MAURICE,Afrique orientale et du Sud,import,2020,714,128,2024
ILES MAURICE,Afrique orientale et du Sud,import,2021,721,598,2024
ILES MAURICE,Afrique orientale et du Sud,import,2022,650,187,2024
ILES MAURICE,Afrique orientale et du Sud,import,2023,4588,485,2024
ILES MAURICE,Afrique orientale et du Sud,import,2024,14289,1406,2024
KENYA,Afrique orientale et du Sud,import,2020,632,714,2024
KENYA,Afrique orientale et du Sud,import,2021,2117,516,2024
KENYA,Afrique orientale et du Sud,import,2022,334,341,2024
KENYA,Afrique orientale et du Sud,import,2023,488,761,2024
KENYA,Afrique orientale et du Sud,import,2024,526,766,2024
MADAGASCAR,Afrique orientale et du Sud,import,2020,60,8,2024
MADAGASCAR,Afrique orientale et du Sud,import,2021,74,13,2024
MADAGASCAR,Afrique orientale et du Sud,import,2022,32,153,2024
MADAGASCAR,Afrique orientale et du Sud,import,2023,27,134,2024
MADAGASCAR,Afrique orientale et du Sud,import,2024,35,217,2024
MALAWI,Afrique orientale et du Sud,import,2020,131,159,2024
MALAWI,Afrique orientale et du Sud,import,2021,182,306,2024
MALAWI,Afrique orientale et du Sud,import,2022,177,174,2024
MALAWI,Afrique orientale et du Sud,import,2023,315,198,2024
MALAWI,Afrique orientale et du Sud,import,2024,291,220,2024
MOZAMBIQUE,Afrique orientale et du Sud,import,2020,3029,80796,2024
MOZAMBIQUE,Afrique orientale et du Sud,import,2021,4310,80189,2024
MOZAMBIQUE,Afrique orientale et du Sud,import,2022,26249,205554,2024
MOZAMBIQUE,Afrique orientale et du Sud,import,2023,23201,247734,2024
MOZAMBIQUE,Afrique orientale et du Sud,import,2024,15106,233203,2024
NAMIBIE,Afrique orientale et du Sud,import,2020,,,2024
NAMIBIE,Afrique orientale et du Sud,import,2021,,,2024
NAMIBIE,Afrique orientale et du Sud,import,2022,15811,19170,2024
NAMIBIE,Afrique orientale et du Sud,import,2023,32,248,2024
NAMIBIE,Afrique orientale et du Sud,import,2024,45,23,2024
OUGANDA,Afrique orientale et du Sud,import,2020,187,164,2024
OUGANDA,Afrique orientale et du Sud,import,2021,143,198,2024
OUGANDA,Afrique orientale et du Sud,import,2022,369,230,2024
OUGANDA,Afrique orientale et du Sud,import,2023,81,57,2024
OUGANDA,Afrique orientale et du Sud,import,2024,279,286,2024
REPUBLIQUE DE SOMALIE,Afrique orientale et du Sud,import,2020,1764,1542,2024
REPUBLIQUE DE SOMALIE,Afrique orientale et du Sud,import,2021,2105,2318,2024
REPUBLIQUE DE SOMALIE,Afrique orientale et du Sud,import,2022,2014,2120,2024
REPUBLIQUE DE SOMALIE,Afrique orientale et du Sud,import,2023,1284,1372,2024
REPUBLIQUE DE SOMALIE,Afrique orientale et du Sud,import,2024,1027,1172,2024
REUNION,Afrique orientale et du Sud,import,2020,70,48,2024
REUNION,Afrique orientale et du Sud,import,2021,81,58,2024
REUNION,Afrique orientale et du Sud,import,2022,16,2,2024
REUNION,Afrique orientale et du Sud,import,2023,3,8,2024
REUNION,Afrique orientale et du Sud,import,2024,13,14,2024
SEYCHELLES,Afrique orientale et du Sud,import,2020,,,2024
SEYCHELLES,Afrique orientale et du Sud,import,2021,237,13,2024
SEYCHELLES,Afrique orientale et du Sud,import,2022,896,51,2024
SEYCHELLES,Afrique orientale et du Sud,import,2023,479,3,2024
SEYCHELLES,Afrique orientale et du Sud,import,2024,15,59,2024
SWAZILAND,Afrique orientale et du Sud,import,2020,24,21,2024
SWAZILAND,Afrique orientale et du Sud,import,2021,106,67,2024
SWAZILAND,Afrique orientale et du Sud,import,2022,456,483,2024
SWAZILAND,Afrique orientale et du Sud,import,2023,2428,5139,2024
SWAZILAND,Afrique orientale et du Sud,import,2024,7540,87301,2024
TANZANIE,Afrique orientale et du Sud,import,2020,118,175,2024
TANZANIE,Afrique orientale et du Sud,import,2021,167,155,2024
TANZANIE,Afrique orientale et du Sud,import,2022,12658,84226,2024
TANZANIE,Afrique orientale et du Sud,import,2023,156,268,2024
TANZANIE,Afrique orientale et du Sud,import,2024,513,810,2024
ZAMBIE,Afrique orientale et du Sud,import,2020,48,55,2024
ZAMBIE,Afrique orientale et du Sud,import,2021,,,2024
ZAMBIE,Afrique orientale et du Sud,import,2022,84,26,2024
ZAMBIE,Afrique orientale et du Sud,import,2023,8,2,2024
ZAMBIE,Afrique orientale et du Sud,import,2024,96,37,2024
ZIMBABWE,Afrique orientale et du Sud,import,2020,,,2024
ZIMBABWE,Afrique orientale et du Sud,import,2021,,,2024
ZIMBABWE,Afrique orientale et du Sud,import,2022,6,3,2024
ZIMBABWE,Afrique orientale et du Sud,import,2023,0,0,2024
ZIMBABWE,Afrique orientale et du Sud,import,2024,10,16,2024
CANADA,Amérique du Nord,import,2020,23312,40469,2024
CANADA,Amérique du Nord,import,2021,27818,42202,2024
CANADA,Amérique du Nord,import,2022,20753,25162,2024
CANADA,Amérique du Nord,import,2023,24812,39262,2024
CANADA,Amérique du Nord,import,2024,25357,19947,2024
ETATS UNIS D'AMERIQUE,Amérique du Nord,import,2020,117554,227337,2024
ETATS UNIS D'AMERIQUE,Amérique du Nord,import,2021,150365,225576,2024
ETATS UNIS D'AMERIQUE,Amérique du Nord,import,2022,206447,274653,2024
ETATS UNIS D'AMERIQUE,Amérique du Nord,import,2023,173828,189287,2024
ETATS UNIS D'AMERIQUE,Amérique du Nord,import,2024,198243,367768,2024
GROENLAND,Amérique du Nord,import,2020,,,2024
GROENLAND,Amérique du Nord,import,2021,,,2024
GROENLAND,Amérique du Nord,import,2022,,,2024
GROENLAND,Amérique du Nord,import,2023,9,13,2024
GROENLAND,Amérique du Nord,import,2024,8,26,2024
SAINT PIERRE ET MIQUELON,Amérique du Nord,import,2020,,,2024
SAINT PIERRE ET MIQUELON,Amérique du Nord,import,2021,,,2024
SAINT PIERRE ET MIQUELON,Amérique du Nord,import,2022,3,1,2024
SAINT PIERRE ET MIQUELON,Amérique du Nord,import,2023,,,2024
SAINT PIERRE ET MIQUELON,Amérique du Nord,import,2024,,,2024
ANTIGUA-BARBUDA,Amérique centrale et du Sud,import,2020,1532,5946,2024
ANTIGUA-BARBUDA,Amérique centrale et du Sud,import,2021,2187,5923,2024
ANTIGUA-BARBUDA,Amérique centrale et du Sud,import,2022,415,2145,2024
ANTIGUA-BARBUDA,Amérique centrale et du Sud,import,2023,3309,10089,2024
ANTIGUA-BARBUDA,Amérique centrale et du Sud,import,2024,1000,5254,2024
ARGENTINE,Amérique centrale et du Sud,import,2020,57466,385136,2024
ARGENTINE,Amérique centrale et du Sud,import,2021,102790,542237,2024
ARGENTINE,Amérique centrale et du Sud,import,2022,189434,698606,2024
ARGENTINE,Amérique centrale et du Sud,import,2023,101465,432374,2024
ARGENTINE,Amérique centrale et du Sud,import,2024,130524,699638,2024
BOLIVIE,Amérique centrale et du Sud,import,2020,265,1005,2024
BOLIVIE,Amérique centrale et du Sud,import,2021,,,2024
BOLIVIE,Amérique centrale et du Sud,import,2022,6,0,2024
BOLIVIE,Amérique centrale et du Sud,import,2023,2033,6325,2024
BOLIVIE,Amérique centrale et du Sud,import,2024,75,205,2024
BRESIL,Amérique centrale et du Sud,import,2020,98360,384993,2024
BRESIL,Amérique centrale et du Sud,import,2021,88817,243319,2024
BRESIL,Amérique centrale et du Sud,import,2022,114178,330594,2024
BRESIL,Amérique centrale et du Sud,import,2023,122285,443410,2024
BRESIL,Amérique centrale et du Sud,import,2024,133228,488029,2024
CHILI,Amérique centrale et du Sud,import,2020,431,594,2024
CHILI,Amérique centrale et du Sud,import,2021,398,503,2024
CHILI,Amérique centrale et du Sud,import,2022,346,237,2024
CHILI,Amérique centrale et du Sud,import,2023,1183,407,2024
CHILI,Amérique centrale et du Sud,import,2024,1051,2071,2024
COLOMBIE,Amérique centrale et du Sud,import,2020,2287,5352,2024
COLOMBIE,Amérique centrale et du Sud,import,2021,3457,531,2024
COLOMBIE,Amérique centrale et du Sud,import,2022,5472,879,2024
COLOMBIE,Amérique centrale et du Sud,import,2023,8001,1388,2024
COLOMBIE,Amérique centrale et du Sud,import,2024,8839,40944,2024
COSTA RICA,Amérique centrale et du Sud,import,2020,229,498,2024
COSTA RICA,Amérique centrale et du Sud,import,2021,249,217,2024
COSTA RICA,Amérique centrale et du Sud,import,2022,1213,1318,2024
COSTA RICA,Amérique centrale et du Sud,import,2023,1486,1581,2024
COSTA RICA,Amérique centrale et du Sud,import,2024,1245,1012,2024
CUBA,Amérique centrale et du Sud,import,2020,23,0,2024
CUBA,Amérique centrale et du Sud,import,2021,80,1,2024
CUBA,Amérique centrale et du Sud,import,2022,37,0,2024
CUBA,Amérique centrale et du Sud,import,2023,10,0,2024
CUBA,Amérique centrale et du Sud,import,2024,11,0,2024
CURUCAO,Amérique centrale et du Sud,import,2020,,,2024
CURUCAO,Amérique centrale et du Sud,import,2021,,,2024
CURUCAO,Amérique centrale et du Sud,import,2022,,,2024
CURUCAO,Amérique centrale et du Sud,import,2023,3,17,2024
CURUCAO,Amérique centrale et du Sud,import,2024,,,2024
EQUATEUR,Amérique centrale et du Sud,import,2020,61,103,2024
EQUATEUR,Amérique centrale et du Sud,import,2021,,,2024
EQUATEUR,Amérique centrale et du Sud,import,2022,550,335,2024
EQUATEUR,Amérique centrale et du Sud,import,2023,15,23,2024
EQUATEUR,Amérique centrale et du Sud,import,2024,130,102,2024
GUADELOUPE,Amérique centrale et du Sud,import,2020,7,20,2024
GUADELOUPE,Amérique centrale et du Sud,import,2021,1,0,2024
GUADELOUPE,Amérique centrale et du Sud,import,2022,7,0,2024
GUADELOUPE,Amérique centrale et du Sud,import,2023,6,3,2024
GUADELOUPE,Amérique centrale et du Sud,import,2024,1,0,2024
GUATEMALA,Amérique centrale et du Sud,import,2020,3382,10230,2024
GUATEMALA,Amérique centrale et du Sud,import,2021,4,0,2024
GUATEMALA,Amérique centrale et du Sud,import,2022,3,0,2024
GUATEMALA,Amérique centrale et du Sud,import,2023,4,0,2024
GUATEMALA,Amérique centrale et du Sud,import,2024,5,0,2024
GUYANA,Amérique centrale et du Sud,import,2020,,,2024
GUYANA,Amérique centrale et du Sud,import,2021,0,0,2024
GUYANA,Amérique centrale et du Sud,import,2022,,,2024
GUYANA,Amérique centrale et du Sud,import,2023,15,24,2024
GUYANA,Amérique centrale et du Sud,import,2024,,,2024
GUYANE FRANCAISE,Amérique centrale et du Sud,import,2020,,,2024
GUYANE FRANCAISE,Amérique centrale et du Sud,import,2021,21,36,2024
GUYANE FRANCAISE,Amérique centrale et du Sud,import,2022,,,2024
GUYANE FRANCAISE,Amérique centrale et du Sud,import,2023,,,2024
GUYANE FRANCAISE,Amérique centrale et du Sud,import,2024,,,2024
HAITI,Amérique centrale et du Sud,import,2020,12,27,2024
HAITI,Amérique centrale et du Sud,import,2021,17,51,2024
HAITI,Amérique centrale et du Sud,import,2022,14,51,2024
HAITI,Amérique centrale et du Sud,import,2023,9,1,2024
HAITI,Amérique centrale et du Sud,import,2024,,,2024
HONDURAS,Amérique centrale et du Sud,import,2020,19,32,2024
HONDURAS,Amérique centrale et du Sud,import,2021,25,94,2024
HONDURAS,Amérique centrale et du Sud,import,2022,164,90,2024
HONDURAS,Amérique centrale et du Sud,import,2023,33,209,2024
HONDURAS,Amérique centrale et du Sud,import,2024,69,241,2024
HONDURAS BRITANIQUE,Amérique centrale et du Sud,import,2020,39,191,2024
HONDURAS BRITANIQUE,Amérique centrale et du Sud,import,2021,461,1287,2024
HONDURAS BRITANIQUE,Amérique centrale et du Sud,import,2022,45,104,2024
HONDURAS BRITANIQUE,Amérique centrale et du Sud,import,2023,1871,6320,2024
HONDURAS BRITANIQUE,Amérique centrale et du Sud,import,2024,3251,9701,2024
ILES BRAHAMAS,Amérique centrale et du Sud,import,2020,2044,276,2024
ILES BRAHAMAS,Amérique centrale et du Sud,import,2021,1,2,2024
ILES BRAHAMAS,Amérique centrale et du Sud,import,2022,10,0,2024
ILES BRAHAMAS,Amérique centrale et du Sud,import,2023,423,245,2024
ILES BRAHAMAS,Amérique centrale et du Sud,import,2024,22,6,2024
ILES CALQUES,Amérique centrale et du Sud,import,2020,7,4,2024
ILES CALQUES,Amérique centrale et du Sud,import,2021,32,18,2024
ILES CALQUES,Amérique centrale et du Sud,import,2022,20,7,2024
ILES CALQUES,Amérique centrale et du Sud,import,2023,97,84,2024
ILES CALQUES,Amérique centrale et du Sud,import,2024,71,172,2024
ILES FALKLAND (ILES MALVINAS),Amérique centrale et du Sud,import,2020,,,2024
ILES FALKLAND (ILES MALVINAS),Amérique centrale et du Sud,import,2021,922,435,2024
ILES FALKLAND (ILES MALVINAS),Amérique centrale et du Sud,import,2022,1454,596,2024
ILES FALKLAND (ILES MALVINAS),Amérique centrale et du Sud,import,2023,1295,516,2024
ILES FALKLAND (ILES MALVINAS),Amérique centrale et du Sud,import,2024,439,216,2024
ILES VIERGES DES USA,Amérique centrale et du Sud,import,2020,4032,15451,2024
ILES VIERGES DES USA,Amérique centrale et du Sud,import,2021,1927,6716,2024
ILES VIERGES DES USA,Amérique centrale et du Sud,import,2022,257,550,2024
ILES VIERGES DES USA,Amérique centrale et du Sud,import,2023,453,940,2024
ILES VIERGES DES USA,Amérique centrale et du Sud,import,2024,198,381,2024
JAMAIQUE,Amérique centrale et du Sud,import,2020,,,2024
JAMAIQUE,Amérique centrale et du Sud,import,2021,,,2024
JAMAIQUE,Amérique centrale et du Sud,import,2022,,,2024
JAMAIQUE,Amérique centrale et du Sud,import,2023,,,2024
JAMAIQUE,Amérique centrale et du Sud,import,2024,29,680,2024
MEXIQUE,Amérique centrale et du Sud,import,2020,2892,913,2024
MEXIQUE,Amérique centrale et du Sud,import,2021,3141,1265,2024
MEXIQUE,Amérique centrale et du Sud,import,2022,8156,6621,2024
MEXIQUE,Amérique centrale et du Sud,import,2023,3908,701,2024
MEXIQUE,Amérique centrale et du Sud,import,2024,4151,743,2024
NICARAGUA,Amérique centrale et du Sud,import,2020,16,0,2024
NICARAGUA,Amérique centrale et du Sud,import,2021,114,425,2024
NICARAGUA,Amérique centrale et du Sud,import,2022,,,2024
NICARAGUA,Amérique centrale et du Sud,import,2023,2223,9070,2024
NICARAGUA,Amérique centrale et du Sud,import,2024,229696,558469,2024
PANAMA,Amérique centrale et du Sud,import,2020,922,43,2024
PANAMA,Amérique centrale et du Sud,import,2021,219,383,2024
PANAMA,Amérique centrale et du Sud,import,2022,38,140,2024
PANAMA,Amérique centrale et du Sud,import,2023,169,438,2024
PANAMA,Amérique centrale et du Sud,import,2024,710,1052,2024
PARAGUAY,Amérique centrale et du Sud,import,2020,1606,6533,2024
PARAGUAY,Amérique centrale et du Sud,import,2021,5780,32787,2024
PARAGUAY,Amérique centrale et du Sud,import,2022,2341,10064,2024
PARAGUAY,Amérique centrale et du Sud,import,2023,1553,7368,2024
PARAGUAY,Amérique centrale et du Sud,import,2024,609,2545,2024
PEROU,Amérique centrale et du Sud,import,2020,184,147,2024
PEROU,Amérique centrale et du Sud,import,2021,79,119,2024
PEROU,Amérique centrale et du Sud,import,2022,89,166,2024
PEROU,Amérique centrale et du Sud,import,2023,149,109,2024
PEROU,Amérique centrale et du Sud,import,2024,22,1,2024
SAINT DOMINGUE,Amérique centrale et du Sud,import,2020,1507,233,2024
SAINT DOMINGUE,Amérique centrale et du Sud,import,2021,86,7,2024
SAINT DOMINGUE,Amérique centrale et du Sud,import,2022,1196,140,2024
SAINT DOMINGUE,Amérique centrale et du Sud,import,2023,43,31,2024
SAINT DOMINGUE,Amérique centrale et du Sud,import,2024,341,269,2024
ST VINCENT-ILES GRENADINES,Amérique centrale et du Sud,import,2020,,,2024
ST VINCENT-ILES GRENADINES,Amérique centrale et du Sud,import,2021,,,2024
ST VINCENT-ILES GRENADINES,Amérique centrale et du Sud,import,2022,,,2024
ST VINCENT-ILES GRENADINES,Amérique centrale et du Sud,import,2023,,,2024
ST VINCENT-ILES GRENADINES,Amérique centrale et du Sud,import,2024,10,11,2024
SURINAM,Amérique centrale et du Sud,import,2020,6,15,2024
SURINAM,Amérique centrale et du Sud,import,2021,26,4,2024
SURINAM,Amérique centrale et du Sud,import,2022,62,135,2024
SURINAM,Amérique centrale et du Sud,import,2023,357,312,2024
SURINAM,Amérique centrale et du Sud,import,2024,35,50,2024
TRINIDAD ET TOBAGO,Amérique centrale et du Sud,import,2020,3255,12084,2024
TRINIDAD ET TOBAGO,Amérique centrale et du Sud,import,2021,2761,10293,2024
TRINIDAD ET TOBAGO,Amérique centrale et du Sud,import,2022,6483,12325,2024
TRINIDAD ET TOBAGO,Amérique centrale et du Sud,import,2023,1343,5001,2024
TRINIDAD ET TOBAGO,Amérique centrale et du Sud,import,2024,1950,4950,2024
URUGUAY,Amérique centrale et du Sud,import,2020,7251,31749,2024
URUGUAY,Amérique centrale et du Sud,import,2021,6473,24353,2024
URUGUAY,Amérique centrale et du Sud,import,2022,850,631,2024
URUGUAY,Amérique centrale et du Sud,import,2023,5022,23105,2024
URUGUAY,Amérique centrale et du Sud,import,2024,3847,15170,2024
VENEZUELA,Amérique centrale et du Sud,import,2020,98,18,2024
VENEZUELA,Amérique centrale et du Sud,import,2021,1329,61,2024
VENEZUELA,Amérique centrale et du Sud,import,2022,591,79,2024
VENEZUELA,Amérique centrale et du Sud,import,2023,97,145,2024
VENEZUELA,Amérique centrale et du Sud,import,2024,3194,53025,2024
ARABIE SEOUDITE,Asie occidentale,import,2020,14397,23849,2024
ARABIE SEOUDITE,Asie occidentale,import,2021,34446,142019,2024
ARABIE SEOUDITE,Asie occidentale,import,2022,59519,127458,2024
ARABIE SEOUDITE,Asie occidentale,import,2023,24981,47481,2024
ARABIE SEOUDITE,Asie occidentale,import,2024,55215,158361,2024
BAHREIN,Asie occidentale,import,2020,1405,1236,2024
BAHREIN,Asie occidentale,import,2021,1641,1040,2024
BAHREIN,Asie occidentale,import,2022,7280,10783,2024
BAHREIN,Asie occidentale,import,2023,2575,1035,2024
BAHREIN,Asie occidentale,import,2024,6086,3316,2024
EMIRATS ARABES UNIS,Asie occidentale,import,2020,125636,602311,2024
EMIRATS ARABES UNIS,Asie occidentale,import,2021,213597,954546,2024
EMIRATS ARABES UNIS,Asie occidentale,import,2022,363737,998530,2024
EMIRATS ARABES UNIS,Asie occidentale,import,2023,373252,1192902,2024
EMIRATS ARABES UNIS,Asie occidentale,import,2024,408962,1367548,2024
IRAK,Asie occidentale,import,2020,26,99,2024
IRAK,Asie occidentale,import,2021,84,546,2024
IRAK,Asie occidentale,import,2022,290,1744,2024
IRAK,Asie occidentale,import,2023,68,383,2024
IRAK,Asie occidentale,import,2024,1431,3930,2024
IRAN,Asie occidentale,import,2020,10200,14175,2024
IRAN,Asie occidentale,import,2021,9813,9892,2024
IRAN,Asie occidentale,import,2022,11685,9379,2024
IRAN,Asie occidentale,import,2023,9923,9935,2024
IRAN,Asie occidentale,import,2024,16016,8672,2024
ISRAEL,Asie occidentale,import,2020,4856,638,2024
ISRAEL,Asie occidentale,import,2021,5820,8748,2024
ISRAEL,Asie occidentale,import,2022,4084,1920,2024
ISRAEL,Asie occidentale,import,2023,16818,2988,2024
ISRAEL,Asie occidentale,import,2024,6233,955,2024
JORDANIE,Asie occidentale,import,2020,532,570,2024
JORDANIE,Asie occidentale,import,2021,568,390,2024
JORDANIE,Asie occidentale,import,2022,1501,1427,2024
JORDANIE,Asie occidentale,import,2023,6275,15445,2024
JORDANIE,Asie occidentale,import,2024,1551,1567,2024
KOWEIT,Asie occidentale,import,2020,744,1315,2024
KOWEIT,Asie occidentale,import,2021,8125,23442,2024
KOWEIT,Asie occidentale,import,2022,15406,18194,2024
KOWEIT,Asie occidentale,import,2023,1449,2403,2024
KOWEIT,Asie occidentale,import,2024,11371,23469,2024
LIBAN,Asie occidentale,import,2020,6047,46170,2024
LIBAN,Asie occidentale,import,2021,8621,4405,2024
LIBAN,Asie occidentale,import,2022,4922,4192,2024
LIBAN,Asie occidentale,import,2023,9527,21184,2024
LIBAN,Asie occidentale,import,2024,6616,6250,2024
OMAN,Asie occidentale,import,2020,2297,4471,2024
OMAN,Asie occidentale,import,2021,3092,43175,2024
OMAN,Asie occidentale,import,2022,1691,2936,2024
OMAN,Asie occidentale,import,2023,4114,6884,2024
OMAN,Asie occidentale,import,2024,3473,5905,2024
QATAR,Asie occidentale,import,2020,6476,9753,2024
QATAR,Asie occidentale,import,2021,7242,8594,2024
QATAR,Asie occidentale,import,2022,28596,79899,2024
QATAR,Asie occidentale,import,2023,7888,10364,2024
QATAR,Asie occidentale,import,2024,8042,14547,2024
SYRIE,Asie occidentale,import,2020,24,95,2024
SYRIE,Asie occidentale,import,2021,15,115,2024
SYRIE,Asie occidentale,import,2022,23,94,2024
SYRIE,Asie occidentale,import,2023,113,433,2024
SYRIE,Asie occidentale,import,2024,95,641,2024
YEMEN,Asie occidentale,import,2020,8,23,2024
YEMEN,Asie occidentale,import,2021,53,21,2024
YEMEN,Asie occidentale,import,2022,,,2024
YEMEN,Asie occidentale,import,2023,132,218,2024
YEMEN,Asie occidentale,import,2024,13,52,2024
AFGANISTAN,Autres pays d'Asie,import,2020,272,741,2024
AFGANISTAN,Autres pays d'Asie,import,2021,890,634,2024
AFGANISTAN,Autres pays d'Asie,import,2022,916,827,2024
AFGANISTAN,Autres pays d'Asie,import,2023,3195,10119,2024
AFGANISTAN,Autres pays d'Asie,import,2024,511,385,2024
BENGLADESH,Autres pays d'Asie,import,2020,68,22,2024
BENGLADESH,Autres pays d'Asie,import,2021,281,109,2024
BENGLADESH,Autres pays d'Asie,import,2022,333,86,2024
BENGLADESH,Autres pays d'Asie,import,2023,442,169,2024
BENGLADESH,Autres pays d'Asie,import,2024,426,252,2024
BRUNEI,Autres pays d'Asie,import,2020,10,13,2024
BRUNEI,Autres pays d'Asie,import,2021,12,26,2024
BRUNEI,Autres pays d'Asie,import,2022,63,192,2024
BRUNEI,Autres pays d'Asie,import,2023,401,372,2024
BRUNEI,Autres pays d'Asie,import,2024,164,206,2024
CAMBODGE,Autres pays d'Asie,import,2020,555,1033,2024
CAMBODGE,Autres pays d'Asie,import,2021,469,288,2024
CAMBODGE,Autres pays d'Asie,import,2022,561,526,2024
CAMBODGE,Autres pays d'Asie,import,2023,65,8,2024
CAMBODGE,Autres pays d'Asie,import,2024,125,84,2024
COREE DU NORD,Autres pays d'Asie,import,2020,396,352,2024
COREE DU NORD,Autres pays d'Asie,import,2021,22965,62675,2024
COREE DU NORD,Autres pays d'Asie,import,2022,19030,24846,2024
COREE DU NORD,Autres pays d'Asie,import,2023,6233,8860,2024
COREE DU NORD,Autres pays d'Asie,import,2024,1048,340,2024
COREE DU SUD,Autres pays d'Asie,import,2020,36693,40881,2024
COREE DU SUD,Autres pays d'Asie,import,2021,47753,45516,2024
COREE DU SUD,Autres pays d'Asie,import,2022,54376,32059,2024
COREE DU SUD,Autres pays d'Asie,import,2023,50849,47698,2024
COREE DU SUD,Autres pays d'Asie,import,2024,82541,34942,2024
HONG-KONG,Autres pays d'Asie,import,2020,16397,1885,2024
HONG-KONG,Autres pays d'Asie,import,2021,18638,2086,2024
HONG-KONG,Autres pays d'Asie,import,2022,21274,1709,2024
HONG-KONG,Autres pays d'Asie,import,2023,26653,45867,2024
HONG-KONG,Autres pays d'Asie,import,2024,19015,2452,2024
INDE,Autres pays d'Asie,import,2020,192429,573870,2024
INDE,Autres pays d'Asie,import,2021,383729,1223945,2024
INDE,Autres pays d'Asie,import,2022,568176,1219875,2024
INDE,Autres pays d'Asie,import,2023,483697,1239281,2024
INDE,Autres pays d'Asie,import,2024,329816,703559,2024
INDONESIE,Autres pays d'Asie,import,2020,18159,30363,2024
INDONESIE,Autres pays d'Asie,import,2021,17404,33051,2024
INDONESIE,Autres pays d'Asie,import,2022,110915,56457,2024
INDONESIE,Autres pays d'Asie,import,2023,90213,76580,2024
INDONESIE,Autres pays d'Asie,import,2024,36807,84108,2024
JAPON,Autres pays d'Asie,import,2020,62937,20261,2024
JAPON,Autres pays d'Asie,import,2021,91646,29109,2024
JAPON,Autres pays d'Asie,import,2022,108781,29429,2024
JAPON,Autres pays d'Asie,import,2023,83635,27667,2024
JAPON,Autres pays d'Asie,import,2024,84187,24140,2024
LAOS,Autres pays d'Asie,import,2020,,,2024
LAOS,Autres pays d'Asie,import,2021,3,2,2024
LAOS,Autres pays d'Asie,import,2022,782,867,2024
LAOS,Autres pays d'Asie,import,2023,,,2024
LAOS,Autres pays d'Asie,import,2024,,,2024
MACAO,Autres pays d'Asie,import,2020,32,15,2024
MACAO,Autres pays d'Asie,import,2021,51,49,2024
MACAO,Autres pays d'Asie,import,2022,8961,695,2024
MACAO,Autres pays d'Asie,import,2023,273,211,2024
MACAO,Autres pays d'Asie,import,2024,464,258,2024
MALAISIE,Autres pays d'Asie,import,2020,47860,137430,2024
MALAISIE,Autres pays d'Asie,import,2021,90391,155110,2024
MALAISIE,Autres pays d'Asie,import,2022,93894,83609,2024
MALAISIE,Autres pays d'Asie,import,2023,73570,115030,2024
MALAISIE,Autres pays d'Asie,import,2024,76415,175328,2024
MALDIVES,Autres pays d'Asie,import,2020,,,2024
MALDIVES,Autres pays d'Asie,import,2021,1,0,2024
MALDIVES,Autres pays d'Asie,import,2022,,,2024
MALDIVES,Autres pays d'Asie,import,2023,196,82,2024
MALDIVES,Autres pays d'Asie,import,2024,0,0,2024
MONGOLIE,Autres pays d'Asie,import,2020,233,1003,2024
MONGOLIE,Autres pays d'Asie,import,2021,,,2024
MONGOLIE,Autres pays d'Asie,import,2022,1,0,2024
MONGOLIE,Autres pays d'Asie,import,2023,0,0,2024
MONGOLIE,Autres pays d'Asie,import,2024,19,23,2024
PAKISTAN,Autres pays d'Asie,import,2020,27583,127484,2024
PAKISTAN,Autres pays d'Asie,import,2021,12809,44274,2024
PAKISTAN,Autres pays d'Asie,import,2022,41098,170599,2024
PAKISTAN,Autres pays d'Asie,import,2023,18706,63993,2024
PAKISTAN,Autres pays d'Asie,import,2024,62836,325057,2024
PHILIPPINE,Autres pays d'Asie,import,2020,136,26,2024
PHILIPPINE,Autres pays d'Asie,import,2021,311,147,2024
PHILIPPINE,Autres pays d'Asie,import,2022,145,22,2024
PHILIPPINE,Autres pays d'Asie,import,2023,256,102,2024
PHILIPPINE,Autres pays d'Asie,import,2024,600,118,2024
REPUBLIQUE POPULAIRE DE CHINE,Autres pays d'Asie,import,2020,413905,733405,2024
REPUBLIQUE POPULAIRE DE CHINE,Autres pays d'Asie,import,2021,520384,840898,2024
REPUBLIQUE POPULAIRE DE CHINE,Autres pays d'Asie,import,2022,756959,1027998,2024
REPUBLIQUE POPULAIRE DE CHINE,Autres pays d'Asie,import,2023,783267,1180389,2024
REPUBLIQUE POPULAIRE DE CHINE,Autres pays d'Asie,import,2024,848242,1372876,2024
SINGAPOUR,Autres pays d'Asie,import,2020,11105,35598,2024
SINGAPOUR,Autres pays d'Asie,import,2021,24008,29025,2024
SINGAPOUR,Autres pays d'Asie,import,2022,52897,35505,2024
SINGAPOUR,Autres pays d'Asie,import,2023,19229,21415,2024
SINGAPOUR,Autres pays d'Asie,import,2024,7580,3047,2024
SRI-LANKA,Autres pays d'Asie,import,2020,105,137,2024
SRI-LANKA,Autres pays d'Asie,import,2021,209,268,2024
SRI-LANKA,Autres pays d'Asie,import,2022,408,152,2024
SRI-LANKA,Autres pays d'Asie,import,2023,156,128,2024
SRI-LANKA,Autres pays d'Asie,import,2024,1159,375,2024
TAIWAN,Autres pays d'Asie,import,2020,1379,1242,2024
TAIWAN,Autres pays d'Asie,import,2021,2618,1496,2024
TAIWAN,Autres pays d'Asie,import,2022,5598,2498,2024
TAIWAN,Autres pays d'Asie,import,2023,3275,1392,2024
TAIWAN,Autres pays d'Asie,import,2024,4412,1793,2024
THAILANDE,Autres pays d'Asie,import,2020,42735,114810,2024
THAILANDE,Autres pays d'Asie,import,2021,46714,123554,2024
THAILANDE,Autres pays d'Asie,import,2022,87843,230175,2024
THAILANDE,Autres pays d'Asie,import,2023,89866,213661,2024
THAILANDE,Autres pays d'Asie,import,2024,133490,410619,2024
TIMOR PORTUGAIS,Autres pays d'Asie,import,2020,140,287,2024
TIMOR PORTUGAIS,Autres pays d'Asie,import,2021,163,154,2024
TIMOR PORTUGAIS,Autres pays d'Asie,import,2022,129,192,2024
TIMOR PORTUGAIS,Autres pays d'Asie,import,2023,298,1493,2024
TIMOR PORTUGAIS,Autres pays d'Asie,import,2024,535,2048,2024
UNION BIRMANE,Autres pays d'Asie,import,2020,12462,56566,2024
UNION BIRMANE,Autres pays d'Asie,import,2021,41,576,2024
UNION BIRMANE,Autres pays d'Asie,import,2022,0,0,2024
UNION BIRMANE,Autres pays d'Asie,import,2023,,,2024
UNION BIRMANE,Autres pays d'Asie,import,2024,9519,44424,2024
VIETNAM,Autres pays d'Asie,import,2020,25471,88244,2024
VIETNAM,Autres pays d'Asie,import,2021,6938,6822,2024
VIETNAM,Autres pays d'Asie,import,2022,8470,6841,2024
VIETNAM,Autres pays d'Asie,import,2023,5460,15188,2024
VIETNAM,Autres pays d'Asie,import,2024,3238,4973,2024
AUSTRALIE,Océanie,import,2020,7474,2026,2024
AUSTRALIE,Océanie,import,2021,16347,11797,2024
AUSTRALIE,Océanie,import,2022,14746,5380,2024
AUSTRALIE,Océanie,import,2023,25609,6156,2024
AUSTRALIE,Océanie,import,2024,22280,3381,2024
ILES COOK,Océanie,import,2020,,,2024
ILES COOK,Océanie,import,2021,,,2024
ILES COOK,Océanie,import,2022,,,2024
ILES COOK,Océanie,import,2023,2,2,2024
ILES COOK,Océanie,import,2024,,,2024
NAURU,Océanie,import,2020,35,7,2024
NAURU,Océanie,import,2021,1,0,2024
NAURU,Océanie,import,2022,74,28,2024
NAURU,Océanie,import,2023,3,0,2024
NAURU,Océanie,import,2024,5805,32155,2024
NOUVELLE CALEDONIE,Océanie,import,2020,,,2024
NOUVELLE CALEDONIE,Océanie,import,2021,,,2024
NOUVELLE CALEDONIE,Océanie,import,2022,4,24,2024
NOUVELLE CALEDONIE,Océanie,import,2023,0,1,2024
NOUVELLE CALEDONIE,Océanie,import,2024,13,12,2024
NOUVELLE GUINEE ET PAPOUASIE,Océanie,import,2020,18,82,2024
NOUVELLE GUINEE ET PAPOUASIE,Océanie,import,2021,34,71,2024
NOUVELLE GUINEE ET PAPOUASIE,Océanie,import,2022,74,47,2024
NOUVELLE GUINEE ET PAPOUASIE,Océanie,import,2023,537,2891,2024
NOUVELLE GUINEE ET PAPOUASIE,Océanie,import,2024,181,567,2024
NOUVELLE ZELANDE,Océanie,import,2020,650,350,2024
NOUVELLE ZELANDE,Océanie,import,2021,793,215,2024
NOUVELLE ZELANDE,Océanie,import,2022,3161,2051,2024
NOUVELLE ZELANDE,Océanie,import,2023,2932,1505,2024
NOUVELLE ZELANDE,Océanie,import,2024,2099,1534,2024
POLYNESIE FRANCAISE,Océanie,import,2020,,,2024
POLYNESIE FRANCAISE,Océanie,import,2021,,,2024
POLYNESIE FRANCAISE,Océanie,import,2022,,,2024
POLYNESIE FRANCAISE,Océanie,import,2023,5,3,2024
POLYNESIE FRANCAISE,Océanie,import,2024,10,5,2024
SAMOA OCCIDENTAL,Océanie,import,2020,11040,1211,2024
SAMOA OCCIDENTAL,Océanie,import,2021,311,474,2024
SAMOA OCCIDENTAL,Océanie,import,2022,652,835,2024
SAMOA OCCIDENTAL,Océanie,import,2023,696,1247,2024
SAMOA OCCIDENTAL,Océanie,import,2024,3344,3761,2024
TONGA,Océanie,import,2020,2,26,2024
TONGA,Océanie,import,2021,,,2024
TONGA,Océanie,import,2022,6,0,2024
TONGA,Océanie,import,2023,3,0,2024
TONGA,Océanie,import,2024,,,2024
"DIVERS (PBE,PBF,OM,nda..; etc)",Divers,import,2020,9552,40345,2024
"DIVERS (PBE,PBF,OM,nda..; etc)",Divers,import,2021,21345,72019,2024
"DIVERS (PBE,PBF,OM,nda..; etc)",Divers,import,2022,57223,146002,2024
"DIVERS (PBE,PBF,OM,nda..; etc)",Divers,import,2023,96654,92995,2024
"DIVERS (PBE,PBF,OM,nda..; etc)",Divers,import,2024,65812,49532,2024
