pays,region,sens,annee,valeur,poids,edition
ALLEMAGNE,Union européenne,export,2018,3149,3472,2022
ALLEMAGNE,Union européenne,export,2019,3354,3005,2022
ALLEMAGNE,Union européenne,export,2020,4226,2818,2022
ALLEMAGNE,Union européenne,export,2021,1978,1989,2022
ALLEMAGNE,Union européenne,export,2022,2143,2663,2022
AUTRICHE,Union européenne,export,2018,109,22,2022
AUTRICHE,Union européenne,export,2019,134,38,2022
AUTRICHE,Union européenne,export,2020,140,65,2022
AUTRICHE,Union européenne,export,2021,104,37,2022
AUTRICHE,Union européenne,export,2022,117,31,2022
BELGIQUE-LUXEMBOURG,Union européenne,export,2018,15407,75566,2022
BELGIQUE-LUXEMBOURG,Union européenne,export,2019,28287,105812,2022
BELGIQUE-LUXEMBOURG,Union européenne,export,2020,27888,35169,2022
BELGIQUE-LUXEMBOURG,Union européenne,export,2021,12055,30298,2022
BELGIQUE-LUXEMBOURG,Union européenne,export,2022,31490,57998,2022
BULGARIE,Union européenne,export,2018,494,4700,2022
BULGARIE,Union européenne,export,2019,520,772,2022
BULGARIE,Union européenne,export,2020,236,271,2022
BULGARIE,Union européenne,export,2021,418,254,2022
BULGARIE,Union européenne,export,2022,382,284,2022
CHYPRE,Union européenne,export,2018,744,101,2022
CHYPRE,Union européenne,export,2019,661,89,2022
CHYPRE,Union européenne,export,2020,153,19,2022
CHYPRE,Union européenne,export,2021,154,19,2022
CHYPRE,Union européenne,export,2022,2694,48,2022
CROATIE,Union européenne,export,2018,0,,2022
CROATIE,Union européenne,export,2019,29,21,2022
CROATIE,Union européenne,export,2020,0,,2022
CROATIE,Union européenne,export,2021,21,7,2022
CROATIE,Union européenne,export,2022,38,19,2022
DANEMARK,Union européenne,export,2018,402,497,2022
DANEMARK,Union européenne,export,2019,213,171,2022
DANEMARK,Union européenne,export,2020,1044,975,2022
DANEMARK,Union européenne,export,2021,206,105,2022
DANEMARK,Union européenne,export,2022,434,373,2022
ESPAGNE,Union européenne,export,2018,77161,73812,2022
ESPAGNE,Union européenne,export,2019,89184,118470,2022
ESPAGNE,Union européenne,export,2020,71743,91304,2022
ESPAGNE,Union européenne,export,2021,108600,157690,2022
ESPAGNE,Union européenne,export,2022,126676,108345,2022
FINLANDE,Union européenne,export,2018,12,14,2022
FINLANDE,Union européenne,export,2019,2844,33005,2022
FINLANDE,Union européenne,export,2020,10,1,2022
FINLANDE,Union européenne,export,2021,12,11,2022
FINLANDE,Union européenne,export,2022,12,10,2022
FRANCE,Union européenne,export,2018,46953,40026,2022
FRANCE,Union européenne,export,2019,51211,32832,2022
FRANCE,Union européenne,export,2020,44224,66772,2022
FRANCE,Union européenne,export,2021,49565,99683,2022
FRANCE,Union européenne,export,2022,47854,115236,2022
GRECE,Union européenne,export,2018,3101,434,2022
GRECE,Union européenne,export,2019,4598,738,2022
GRECE,Union européenne,export,2020,3969,913,2022
GRECE,Union européenne,export,2021,7832,1312,2022
GRECE,Union européenne,export,2022,13438,1164,2022
HONGRIE,Union européenne,export,2018,39,4,2022
HONGRIE,Union européenne,export,2019,89,110,2022
HONGRIE,Union européenne,export,2020,18,3,2022
HONGRIE,Union européenne,export,2021,8980,15,2022
HONGRIE,Union européenne,export,2022,1,1,2022
IRLANDE,Union européenne,export,2018,140,134,2022
IRLANDE,Union européenne,export,2019,20,200,2022
IRLANDE,Union européenne,export,2020,302,283,2022
IRLANDE,Union européenne,export,2021,0,,2022
IRLANDE,Union européenne,export,2022,0,0,2022
ITALIE,Union européenne,export,2018,60941,40558,2022
ITALIE,Union européenne,export,2019,59636,39958,2022
ITALIE,Union européenne,export,2020,31077,20761,2022
ITALIE,Union européenne,export,2021,60659,26905,2022
ITALIE,Union européenne,export,2022,62840,24519,2022
MALTE,Union européenne,export,2018,347,61,2022
MALTE,Union européenne,export,2019,230,41,2022
MALTE,Union européenne,export,2020,99,57,2022
MALTE,Union européenne,export,2021,77,35,2022
MALTE,Union européenne,export,2022,80,77,2022
PAYS BAS,Union européenne,export,2018,51453,194654,2022
PAYS BAS,Union européenne,export,2019,32145,79291,2022
PAYS BAS,Union européenne,export,2020,39549,133599,2022
PAYS BAS,Union européenne,export,2021,66199,209845,2022
PAYS BAS,Union européenne,export,2022,40907,72569,2022
POLOGNE,Union européenne,export,2018,1732,41957,2022
POLOGNE,Union européenne,export,2019,5585,81669,2022
POLOGNE,Union européenne,export,2020,998,23707,2022
POLOGNE,Union européenne,export,2021,775,23841,2022
POLOGNE,Union européenne,export,2022,15864,166196,2022
PORTUGAL,Union européenne,export,2018,5567,2641,2022
PORTUGAL,Union européenne,export,2019,5438,3690,2022
PORTUGAL,Union européenne,export,2020,2492,1419,2022
PORTUGAL,Union européenne,export,2021,4561,1706,2022
PORTUGAL,Union européenne,export,2022,8989,2729,2022
REPUBLIQUE D'ESTONIE,Union européenne,export,2018,23,52,2022
REPUBLIQUE D'ESTONIE,Union européenne,export,2019,3,2,2022
REPUBLIQUE D'ESTONIE,Union européenne,export,2020,0,,2022
REPUBLIQUE D'ESTONIE,Union européenne,export,2021,0,,2022
REPUBLIQUE D'ESTONIE,Union européenne,export,2022,0,,2022
REPUBLIQUE DE LETTONIE,Union européenne,export,2018,46,168,2022
REPUBLIQUE DE LETTONIE,Union européenne,export,2019,0,,2022
REPUBLIQUE DE LETTONIE,Union européenne,export,2020,22,63,2022
REPUBLIQUE DE LETTONIE,Union européenne,export,2021,0,,2022
REPUBLIQUE DE LETTONIE,Union européenne,export,2022,8,0,2022
REPUBLIQUE DE LITUANIE,Union européenne,export,2018,8,4,2022
REPUBLIQUE DE LITUANIE,Union européenne,export,2019,0,,2022
REPUBLIQUE DE LITUANIE,Union européenne,export,2020,57,85,2022
REPUBLIQUE DE LITUANIE,Union européenne,export,2021,85,180,2022
REPUBLIQUE DE LITUANIE,Union européenne,export,2022,197,146,2022
REPUBLIQUE DE SLOVAQUIE,Union européenne,export,2018,1,0,2022
REPUBLIQUE DE SLOVAQUIE,Union européenne,export,2019,0,,2022
REPUBLIQUE DE SLOVAQUIE,Union européenne,export,2020,129,51,2022
REPUBLIQUE DE SLOVAQUIE,Union européenne,export,2021,0,,2022
REPUBLIQUE DE SLOVAQUIE,Union européenne,export,2022,7,1,2022
REPUBLIQUE TCHEQUE,Union européenne,export,2018,0,,2022
REPUBLIQUE TCHEQUE,Union européenne,export,2019,4,1,2022
REPUBLIQUE TCHEQUE,Union européenne,export,2020,14,28,2022
REPUBLIQUE TCHEQUE,Union européenne,export,2021,9,2,2022
REPUBLIQUE TCHEQUE,Union européenne,export,2022,25,5,2022
ROUMANIE,Union européenne,export,2018,6,4,2022
ROUMANIE,Union européenne,export,2019,16,2,2022
ROUMANIE,Union européenne,export,2020,3,2,2022
ROUMANIE,Union européenne,export,2021,32,41,2022
ROUMANIE,Union européenne,export,2022,105,95,2022
ROYAUME UNI,Union européenne,export,2018,33310,81536,2022
ROYAUME UNI,Union européenne,export,2019,36608,104815,2022
ROYAUME UNI,Union européenne,export,2020,36181,81428,2022
ROYAUME UNI,Union européenne,export,2021,40863,108991,2022
ROYAUME UNI,Union européenne,export,2022,45762,128514,2022
SLOVENIE,Union européenne,export,2018,189,152,2022
SLOVENIE,Union européenne,export,2019,23,25,2022
SLOVENIE,Union européenne,export,2020,21,0,2022
SLOVENIE,Union européenne,export,2021,0,,2022
SLOVENIE,Union européenne,export,2022,39,57,2022
SUEDE,Union européenne,export,2018,1453,17231,2022
SUEDE,Union européenne,export,2019,3387,36348,2022
SUEDE,Union européenne,export,2020,45,35,2022
SUEDE,Union européenne,export,2021,4744,18,2022
SUEDE,Union européenne,export,2022,201,205,2022
ALBANIE,Autres pays d'Europe,export,2018,158,148,2022
ALBANIE,Autres pays d'Europe,export,2019,190,166,2022
ALBANIE,Autres pays d'Europe,export,2020,807,307,2022
ALBANIE,Autres pays d'Europe,export,2021,202,183,2022
ALBANIE,Autres pays d'Europe,export,2022,34,26,2022
ANDORRE,Autres pays d'Europe,export,2018,0,,2022
ANDORRE,Autres pays d'Europe,export,2019,0,,2022
ANDORRE,Autres pays d'Europe,export,2020,0,,2022
ANDORRE,Autres pays d'Europe,export,2021,0,,2022
ANDORRE,Autres pays d'Europe,export,2022,17,20,2022
ARMENIE,Autres pays d'Europe,export,2018,0,0,2022
ARMENIE,Autres pays d'Europe,export,2019,0,1,2022
ARMENIE,Autres pays d'Europe,export,2020,0,,2022
ARMENIE,Autres pays d'Europe,export,2021,0,,2022
ARMENIE,Autres pays d'Europe,export,2022,374,1955,2022
BOSNIE-HERZEGOVINE,Autres pays d'Europe,export,2018,4,2,2022
BOSNIE-HERZEGOVINE,Autres pays d'Europe,export,2019,0,,2022
BOSNIE-HERZEGOVINE,Autres pays d'Europe,export,2020,0,,2022
BOSNIE-HERZEGOVINE,Autres pays d'Europe,export,2021,0,,2022
BOSNIE-HERZEGOVINE,Autres pays d'Europe,export,2022,0,,2022
CITE DU VATICAN,Autres pays d'Europe,export,2018,0,,2022
CITE DU VATICAN,Autres pays d'Europe,export,2019,0,,2022
CITE DU VATICAN,Autres pays d'Europe,export,2020,0,,2022
CITE DU VATICAN,Autres pays d'Europe,export,2021,0,,2022
CITE DU VATICAN,Autres pays d'Europe,export,2022,0,,2022
EX-YOUGOSLAVIE,Autres pays d'Europe,export,2018,0,,2022
EX-YOUGOSLAVIE,Autres pays d'Europe,export,2019,0,,2022
EX-YOUGOSLAVIE,Autres pays d'Europe,export,2020,0,,2022
EX-YOUGOSLAVIE,Autres pays d'Europe,export,2021,0,,2022
EX-YOUGOSLAVIE,Autres pays d'Europe,export,2022,0,,2022
GIBRALTAR,Autres pays d'Europe,export,2018,0,,2022
GIBRALTAR,Autres pays d'Europe,export,2019,0,,2022
GIBRALTAR,Autres pays d'Europe,export,2020,23,27,2022
GIBRALTAR,Autres pays d'Europe,export,2021,0,,2022
GIBRALTAR,Autres pays d'Europe,export,2022,0,,2022
HELGOLAND,Autres pays d'Europe,export,2018,196,49,2022
HELGOLAND,Autres pays d'Europe,export,2019,18,25,2022
HELGOLAND,Autres pays d'Europe,export,2020,2,3,2022
HELGOLAND,Autres pays d'Europe,export,2021,0,,2022
HELGOLAND,Autres pays d'Europe,export,2022,15,0,2022
ISLANDE,Autres pays d'Europe,export,2018,323,51,2022
ISLANDE,Autres pays d'Europe,export,2019,67,9,2022
ISLANDE,Autres pays d'Europe,export,2020,480,294,2022
ISLANDE,Autres pays d'Europe,export,2021,531,80,2022
ISLANDE,Autres pays d'Europe,export,2022,503,70,2022
MONTENEGRO,Autres pays d'Europe,export,2018,5591,23109,2022
MONTENEGRO,Autres pays d'Europe,export,2019,869,979,2022
MONTENEGRO,Autres pays d'Europe,export,2020,0,,2022
MONTENEGRO,Autres pays d'Europe,export,2021,42,108,2022
MONTENEGRO,Autres pays d'Europe,export,2022,383,310,2022
NORVEGE,Autres pays d'Europe,export,2018,2396,30028,2022
NORVEGE,Autres pays d'Europe,export,2019,11821,137104,2022
NORVEGE,Autres pays d'Europe,export,2020,31781,303586,2022
NORVEGE,Autres pays d'Europe,export,2021,42127,344141,2022
NORVEGE,Autres pays d'Europe,export,2022,61213,297922,2022
REPUBLIQUE D'AZERBADJAN,Autres pays d'Europe,export,2018,15,1,2022
REPUBLIQUE D'AZERBADJAN,Autres pays d'Europe,export,2019,62,5,2022
REPUBLIQUE D'AZERBADJAN,Autres pays d'Europe,export,2020,24,41,2022
REPUBLIQUE D'AZERBADJAN,Autres pays d'Europe,export,2021,0,,2022
REPUBLIQUE D'AZERBADJAN,Autres pays d'Europe,export,2022,46,4,2022
REPUBLIQUE D'UKRAINE,Autres pays d'Europe,export,2018,2221,17600,2022
REPUBLIQUE D'UKRAINE,Autres pays d'Europe,export,2019,512,2258,2022
REPUBLIQUE D'UKRAINE,Autres pays d'Europe,export,2020,1101,2565,2022
REPUBLIQUE D'UKRAINE,Autres pays d'Europe,export,2021,2784,6304,2022
REPUBLIQUE D'UKRAINE,Autres pays d'Europe,export,2022,3960,14219,2022
REPUBLIQUE DE BIELORUSSIE,Autres pays d'Europe,export,2018,12,2,2022
REPUBLIQUE DE BIELORUSSIE,Autres pays d'Europe,export,2019,0,,2022
REPUBLIQUE DE BIELORUSSIE,Autres pays d'Europe,export,2020,0,,2022
REPUBLIQUE DE BIELORUSSIE,Autres pays d'Europe,export,2021,0,,2022
REPUBLIQUE DE BIELORUSSIE,Autres pays d'Europe,export,2022,0,,2022
REPUBLIQUE DE GEORGIE,Autres pays d'Europe,export,2018,57,34,2022
REPUBLIQUE DE GEORGIE,Autres pays d'Europe,export,2019,184,245,2022
REPUBLIQUE DE GEORGIE,Autres pays d'Europe,export,2020,118,98,2022
REPUBLIQUE DE GEORGIE,Autres pays d'Europe,export,2021,262,116,2022
REPUBLIQUE DE GEORGIE,Autres pays d'Europe,export,2022,321,76,2022
REPUBLIQUE DE KAZAKSTAN,Autres pays d'Europe,export,2018,0,,2022
REPUBLIQUE DE KAZAKSTAN,Autres pays d'Europe,export,2019,0,,2022
REPUBLIQUE DE KAZAKSTAN,Autres pays d'Europe,export,2020,0,,2022
REPUBLIQUE DE KAZAKSTAN,Autres pays d'Europe,export,2021,0,0,2022
REPUBLIQUE DE KAZAKSTAN,Autres pays d'Europe,export,2022,0,,2022
RUSSIE,Autres pays d'Europe,export,2018,46,108,2022
RUSSIE,Autres pays d'Europe,export,2019,3619,24236,2022
RUSSIE,Autres pays d'Europe,export,2020,78,260,2022
RUSSIE,Autres pays d'Europe,export,2021,269,616,2022
RUSSIE,Autres pays d'Europe,export,2022,1,0,2022
SUISSE,Autres pays d'Europe,export,2018,301515,134534,2022
SUISSE,Autres pays d'Europe,export,2019,359241,99059,2022
SUISSE,Autres pays d'Europe,export,2020,279599,58075,2022
SUISSE,Autres pays d'Europe,export,2021,414789,164586,2022
SUISSE,Autres pays d'Europe,export,2022,414439,18684,2022
TRIESTE,Autres pays d'Europe,export,2018,1,1,2022
TRIESTE,Autres pays d'Europe,export,2019,11,7,2022
TRIESTE,Autres pays d'Europe,export,2020,0,0,2022
TRIESTE,Autres pays d'Europe,export,2021,127,206,2022
TRIESTE,Autres pays d'Europe,export,2022,570,541,2022
TURQUIE,Autres pays d'Europe,export,2018,2409,5195,2022
TURQUIE,Autres pays d'Europe,export,2019,4236,5080,2022
TURQUIE,Autres pays d'Europe,export,2020,5242,6794,2022
TURQUIE,Autres pays d'Europe,export,2021,2835,5309,2022
TURQUIE,Autres pays d'Europe,export,2022,9233,10063,2022
BURUNDI,Afrique centrale,export,2018,35,25,2022
BURUNDI,Afrique centrale,export,2019,78,74,2022
BURUNDI,Afrique centrale,export,2020,51,46,2022
BURUNDI,Afrique centrale,export,2021,148,138,2022
BURUNDI,Afrique centrale,export,2022,93,156,2022
CAMEROUN,Afrique centrale,export,2018,16554,26477,2022
CAMEROUN,Afrique centrale,export,2019,17680,27922,2022
CAMEROUN,Afrique centrale,export,2020,17297,29557,2022
CAMEROUN,Afrique centrale,export,2021,15049,22723,2022
CAMEROUN,Afrique centrale,export,2022,18793,21773,2022
CENTRE AFRIQUE,Afrique centrale,export,2018,4998,1443,2022
CENTRE AFRIQUE,Afrique centrale,export,2019,3979,1137,2022
CENTRE AFRIQUE,Afrique centrale,export,2020,4497,1868,2022
CENTRE AFRIQUE,Afrique centrale,export,2021,2269,795,2022
CENTRE AFRIQUE,Afrique centrale,export,2022,1088,762,2022
CONGO,Afrique centrale,export,2018,21713,11131,2022
CONGO,Afrique centrale,export,2019,22503,10795,2022
CONGO,Afrique centrale,export,2020,15745,11580,2022
CONGO,Afrique centrale,export,2021,20733,11523,2022
CONGO,Afrique centrale,export,2022,10780,11122,2022
CONGO DEMOCRATIQUE,Afrique centrale,export,2018,3889,1417,2022
CONGO DEMOCRATIQUE,Afrique centrale,export,2019,1443,1354,2022
CONGO DEMOCRATIQUE,Afrique centrale,export,2020,1992,1441,2022
CONGO DEMOCRATIQUE,Afrique centrale,export,2021,1704,950,2022
CONGO DEMOCRATIQUE,Afrique centrale,export,2022,2139,3754,2022
GABON,Afrique centrale,export,2018,3505,5343,2022
GABON,Afrique centrale,export,2019,5965,6058,2022
GABON,Afrique centrale,export,2020,3513,3823,2022
GABON,Afrique centrale,export,2021,8932,6753,2022
GABON,Afrique centrale,export,2022,9950,6688,2022
GUINEE EQUATORIALE,Afrique centrale,export,2018,2729,1065,2022
GUINEE EQUATORIALE,Afrique centrale,export,2019,2699,901,2022
GUINEE EQUATORIALE,Afrique centrale,export,2020,2403,800,2022
GUINEE EQUATORIALE,Afrique centrale,export,2021,2501,933,2022
GUINEE EQUATORIALE,Afrique centrale,export,2022,2424,1126,2022
RWANDA,Afrique centrale,export,2018,9,3,2022
RWANDA,Afrique centrale,export,2019,2,0,2022
RWANDA,Afrique centrale,export,2020,37,6,2022
RWANDA,Afrique centrale,export,2021,6,2,2022
RWANDA,Afrique centrale,export,2022,171,61,2022
SAINT THOMAS ILE DU PRINCE,Afrique centrale,export,2018,2,1,2022
SAINT THOMAS ILE DU PRINCE,Afrique centrale,export,2019,0,,2022
SAINT THOMAS ILE DU PRINCE,Afrique centrale,export,2020,0,,2022
SAINT THOMAS ILE DU PRINCE,Afrique centrale,export,2021,0,,2022
SAINT THOMAS ILE DU PRINCE,Afrique centrale,export,2022,21,3,2022
TCHAD,Afrique centrale,export,2018,14734,3591,2022
TCHAD,Afrique centrale,export,2019,8187,2730,2022
TCHAD,Afrique centrale,export,2020,4100,2626,2022
TCHAD,Afrique centrale,export,2021,4794,3274,2022
TCHAD,Afrique centrale,export,2022,1803,1290,2022
ALGERIE,Afrique du Nord,export,2018,246,220,2022
ALGERIE,Afrique du Nord,export,2019,151,94,2022
ALGERIE,Afrique du Nord,export,2020,400,506,2022
ALGERIE,Afrique du Nord,export,2021,403,112,2022
ALGERIE,Afrique du Nord,export,2022,362,454,2022
EGYPTE,Afrique du Nord,export,2018,260,348,2022
EGYPTE,Afrique du Nord,export,2019,253,788,2022
EGYPTE,Afrique du Nord,export,2020,474,1893,2022
EGYPTE,Afrique du Nord,export,2021,847,1208,2022
EGYPTE,Afrique du Nord,export,2022,617,2603,2022
ILES CANARIES,Afrique du Nord,export,2018,10,27,2022
ILES CANARIES,Afrique du Nord,export,2019,0,,2022
ILES CANARIES,Afrique du Nord,export,2020,0,,2022
ILES CANARIES,Afrique du Nord,export,2021,0,,2022
ILES CANARIES,Afrique du Nord,export,2022,0,,2022
LIBYE,Afrique du Nord,export,2018,4,4,2022
LIBYE,Afrique du Nord,export,2019,36,60,2022
LIBYE,Afrique du Nord,export,2020,3,12,2022
LIBYE,Afrique du Nord,export,2021,0,,2022
LIBYE,Afrique du Nord,export,2022,0,,2022
MAROC,Afrique du Nord,export,2018,5084,4426,2022
MAROC,Afrique du Nord,export,2019,7262,4798,2022
MAROC,Afrique du Nord,export,2020,6262,3848,2022
MAROC,Afrique du Nord,export,2021,6814,5029,2022
MAROC,Afrique du Nord,export,2022,11300,9500,2022
SOUDAN,Afrique du Nord,export,2018,1045,384,2022
SOUDAN,Afrique du Nord,export,2019,436,371,2022
SOUDAN,Afrique du Nord,export,2020,688,593,2022
SOUDAN,Afrique du Nord,export,2021,523,548,2022
SOUDAN,Afrique du Nord,export,2022,563,430,2022
TUNISIE,Afrique du Nord,export,2018,535,648,2022
TUNISIE,Afrique du Nord,export,2019,2360,3444,2022
TUNISIE,Afrique du Nord,export,2020,1292,1977,2022
TUNISIE,Afrique du Nord,export,2021,1588,2710,2022
TUNISIE,Afrique du Nord,export,2022,6849,6841,2022
BENIN,Afrique occidentale,export,2018,10216,25412,2022
BENIN,Afrique occidentale,export,2019,12050,33743,2022
BENIN,Afrique occidentale,export,2020,9905,44176,2022
BENIN,Afrique occidentale,export,2021,14981,28004,2022
BENIN,Afrique occidentale,export,2022,16944,47033,2022
BURKINA FASO,Afrique occidentale,export,2018,38471,80141,2022
BURKINA FASO,Afrique occidentale,export,2019,38039,85251,2022
BURKINA FASO,Afrique occidentale,export,2020,29978,85511,2022
BURKINA FASO,Afrique occidentale,export,2021,36813,94370,2022
BURKINA FASO,Afrique occidentale,export,2022,35338,104062,2022
COTE D'IVOIRE,Afrique occidentale,export,2018,72911,213152,2022
COTE D'IVOIRE,Afrique occidentale,export,2019,91948,287310,2022
COTE D'IVOIRE,Afrique occidentale,export,2020,110319,310871,2022
COTE D'IVOIRE,Afrique occidentale,export,2021,120570,317948,2022
COTE D'IVOIRE,Afrique occidentale,export,2022,114383,292657,2022
GAMBIE,Afrique occidentale,export,2018,54237,394203,2022
GAMBIE,Afrique occidentale,export,2019,45418,403456,2022
GAMBIE,Afrique occidentale,export,2020,64554,446548,2022
GAMBIE,Afrique occidentale,export,2021,88257,893419,2022
GAMBIE,Afrique occidentale,export,2022,110719,967383,2022
GHANA,Afrique occidentale,export,2018,13298,15216,2022
GHANA,Afrique occidentale,export,2019,6248,9893,2022
GHANA,Afrique occidentale,export,2020,8830,10370,2022
GHANA,Afrique occidentale,export,2021,14098,14727,2022
GHANA,Afrique occidentale,export,2022,21275,18781,2022
GUINEE BISSAU,Afrique occidentale,export,2018,38028,105185,2022
GUINEE BISSAU,Afrique occidentale,export,2019,38374,87853,2022
GUINEE BISSAU,Afrique occidentale,export,2020,32876,71812,2022
GUINEE BISSAU,Afrique occidentale,export,2021,41356,95056,2022
GUINEE BISSAU,Afrique occidentale,export,2022,55201,108257,2022
GUINEE REPUBLIQUE,Afrique occidentale,export,2018,70800,107142,2022
GUINEE REPUBLIQUE,Afrique occidentale,export,2019,78817,134366,2022
GUINEE REPUBLIQUE,Afrique occidentale,export,2020,85381,163055,2022
GUINEE REPUBLIQUE,Afrique occidentale,export,2021,80474,139127,2022
GUINEE REPUBLIQUE,Afrique occidentale,export,2022,113782,210469,2022
ILES DU CAP VERT,Afrique occidentale,export,2018,2320,3306,2022
ILES DU CAP VERT,Afrique occidentale,export,2019,1656,817,2022
ILES DU CAP VERT,Afrique occidentale,export,2020,1061,508,2022
ILES DU CAP VERT,Afrique occidentale,export,2021,1237,768,2022
ILES DU CAP VERT,Afrique occidentale,export,2022,2508,1647,2022
LIBERIA,Afrique occidentale,export,2018,4163,4335,2022
LIBERIA,Afrique occidentale,export,2019,1699,2017,2022
LIBERIA,Afrique occidentale,export,2020,1782,2450,2022
LIBERIA,Afrique occidentale,export,2021,2302,2222,2022
LIBERIA,Afrique occidentale,export,2022,1675,1270,2022
MALI,Afrique occidentale,export,2018,388682,2721598,2022
MALI,Afrique occidentale,export,2019,562138,2984417,2022
MALI,Afrique occidentale,export,2020,474811,2946232,2022
MALI,Afrique occidentale,export,2021,582550,3047680,2022
MALI,Afrique occidentale,export,2022,708794,2200547,2022
MAURITANIE,Afrique occidentale,export,2018,41913,51840,2022
MAURITANIE,Afrique occidentale,export,2019,39741,65005,2022
MAURITANIE,Afrique occidentale,export,2020,40810,62845,2022
MAURITANIE,Afrique occidentale,export,2021,51482,83581,2022
MAURITANIE,Afrique occidentale,export,2022,59286,114922,2022
NIGER,Afrique occidentale,export,2018,15886,86328,2022
NIGER,Afrique occidentale,export,2019,8967,104364,2022
NIGER,Afrique occidentale,export,2020,11761,27193,2022
NIGER,Afrique occidentale,export,2021,12968,15137,2022
NIGER,Afrique occidentale,export,2022,13602,16512,2022
NIGERIA,Afrique occidentale,export,2018,16547,12368,2022
NIGERIA,Afrique occidentale,export,2019,14995,17250,2022
NIGERIA,Afrique occidentale,export,2020,13722,15794,2022
NIGERIA,Afrique occidentale,export,2021,12211,13597,2022
NIGERIA,Afrique occidentale,export,2022,16396,20692,2022
SIERRA LEONE,Afrique occidentale,export,2018,9072,13632,2022
SIERRA LEONE,Afrique occidentale,export,2019,8385,15789,2022
SIERRA LEONE,Afrique occidentale,export,2020,6986,13554,2022
SIERRA LEONE,Afrique occidentale,export,2021,4459,10025,2022
SIERRA LEONE,Afrique occidentale,export,2022,7884,17706,2022
TOGO,Afrique occidentale,export,2018,11720,13124,2022
TOGO,Afrique occidentale,export,2019,16747,40193,2022
TOGO,Afrique occidentale,export,2020,11032,10547,2022
TOGO,Afrique occidentale,export,2021,14821,12509,2022
TOGO,Afrique occidentale,export,2022,52358,16056,2022
AFRIQUE DU SUD,Afrique orientale et du Sud,export,2018,298,314,2022
AFRIQUE DU SUD,Afrique orientale et du Sud,export,2019,1088,1052,2022
AFRIQUE DU SUD,Afrique orientale et du Sud,export,2020,92,71,2022
AFRIQUE DU SUD,Afrique orientale et du Sud,export,2021,504,635,2022
AFRIQUE DU SUD,Afrique orientale et du Sud,export,2022,324,344,2022
ANGOLA,Afrique orientale et du Sud,export,2018,199,267,2022
ANGOLA,Afrique orientale et du Sud,export,2019,432,548,2022
ANGOLA,Afrique orientale et du Sud,export,2020,713,798,2022
ANGOLA,Afrique orientale et du Sud,export,2021,467,428,2022
ANGOLA,Afrique orientale et du Sud,export,2022,1232,576,2022
BOTSWANA,Afrique orientale et du Sud,export,2018,27,84,2022
BOTSWANA,Afrique orientale et du Sud,export,2019,208,343,2022
BOTSWANA,Afrique orientale et du Sud,export,2020,0,0,2022
BOTSWANA,Afrique orientale et du Sud,export,2021,153,307,2022
BOTSWANA,Afrique orientale et du Sud,export,2022,127,234,2022
COMORES ILE,Afrique orientale et du Sud,export,2018,64,114,2022
COMORES ILE,Afrique orientale et du Sud,export,2019,14,2,2022
COMORES ILE,Afrique orientale et du Sud,export,2020,10,24,2022
COMORES ILE,Afrique orientale et du Sud,export,2021,7,1,2022
COMORES ILE,Afrique orientale et du Sud,export,2022,1,0,2022
DJIBOUTI,Afrique orientale et du Sud,export,2018,26,5,2022
DJIBOUTI,Afrique orientale et du Sud,export,2019,4,0,2022
DJIBOUTI,Afrique orientale et du Sud,export,2020,1,0,2022
DJIBOUTI,Afrique orientale et du Sud,export,2021,21,58,2022
DJIBOUTI,Afrique orientale et du Sud,export,2022,1,1,2022
ETHIOPIE,Afrique orientale et du Sud,export,2018,48,35,2022
ETHIOPIE,Afrique orientale et du Sud,export,2019,995,1035,2022
ETHIOPIE,Afrique orientale et du Sud,export,2020,17,12,2022
ETHIOPIE,Afrique orientale et du Sud,export,2021,84,96,2022
ETHIOPIE,Afrique orientale et du Sud,export,2022,57,41,2022
ILE STE HELENE,Afrique orientale et du Sud,export,2018,0,0,2022
ILE STE HELENE,Afrique orientale et du Sud,export,2019,94,53,2022
ILE STE HELENE,Afrique orientale et du Sud,export,2020,0,0,2022
ILE STE HELENE,Afrique orientale et du Sud,export,2021,0,,2022
ILE STE HELENE,Afrique orientale et du Sud,export,2022,0,,2022
ILES MAURICE,Afrique orientale et du Sud,export,2018,4,1,2022
ILES MAURICE,Afrique orientale et du Sud,export,2019,86,29,2022
ILES MAURICE,Afrique orientale et du Sud,export,2020,1018,833,2022
ILES MAURICE,Afrique orientale et du Sud,export,2021,163,593,2022
ILES MAURICE,Afrique orientale et du Sud,export,2022,923,499,2022
KENYA,Afrique orientale et du Sud,export,2018,166,50,2022
KENYA,Afrique orientale et du Sud,export,2019,836,3027,2022
KENYA,Afrique orientale et du Sud,export,2020,12,2,2022
KENYA,Afrique orientale et du Sud,export,2021,12,3,2022
KENYA,Afrique orientale et du Sud,export,2022,22,41,2022
MADAGASCAR,Afrique orientale et du Sud,export,2018,64,11,2022
MADAGASCAR,Afrique orientale et du Sud,export,2019,39,26,2022
MADAGASCAR,Afrique orientale et du Sud,export,2020,242,168,2022
MADAGASCAR,Afrique orientale et du Sud,export,2021,302,414,2022
MADAGASCAR,Afrique orientale et du Sud,export,2022,33,4,2022
MALAWI,Afrique orientale et du Sud,export,2018,0,,2022
MALAWI,Afrique orientale et du Sud,export,2019,360,5,2022
MALAWI,Afrique orientale et du Sud,export,2020,0,,2022
MALAWI,Afrique orientale et du Sud,export,2021,0,,2022
MALAWI,Afrique orientale et du Sud,export,2022,1,0,2022
MOZAMBIQUE,Afrique orientale et du Sud,export,2018,74,49,2022
MOZAMBIQUE,Afrique orientale et du Sud,export,2019,265,499,2022
MOZAMBIQUE,Afrique orientale et du Sud,export,2020,219,106,2022
MOZAMBIQUE,Afrique orientale et du Sud,export,2021,490,236,2022
MOZAMBIQUE,Afrique orientale et du Sud,export,2022,533,393,2022
NAMIBIE,Afrique orientale et du Sud,export,2018,12,27,2022
NAMIBIE,Afrique orientale et du Sud,export,2019,100,32,2022
NAMIBIE,Afrique orientale et du Sud,export,2020,0,,2022
NAMIBIE,Afrique orientale et du Sud,export,2021,44,6,2022
NAMIBIE,Afrique orientale et du Sud,export,2022,332,16,2022
OUGANDA,Afrique orientale et du Sud,export,2018,219,137,2022
OUGANDA,Afrique orientale et du Sud,export,2019,476,305,2022
OUGANDA,Afrique orientale et du Sud,export,2020,411,314,2022
OUGANDA,Afrique orientale et du Sud,export,2021,687,355,2022
OUGANDA,Afrique orientale et du Sud,export,2022,737,399,2022
REPUBLIQUE DE SOMALIE,Afrique orientale et du Sud,export,2018,0,,2022
REPUBLIQUE DE SOMALIE,Afrique orientale et du Sud,export,2019,77,2,2022
REPUBLIQUE DE SOMALIE,Afrique orientale et du Sud,export,2020,20,14,2022
REPUBLIQUE DE SOMALIE,Afrique orientale et du Sud,export,2021,0,,2022
REPUBLIQUE DE SOMALIE,Afrique orientale et du Sud,export,2022,0,,2022
REUNION,Afrique orientale et du Sud,export,2018,0,0,2022
REUNION,Afrique orientale et du Sud,export,2019,0,,2022
REUNION,Afrique orientale et du Sud,export,2020,0,,2022
REUNION,Afrique orientale et du Sud,export,2021,0,,2022
REUNION,Afrique orientale et du Sud,export,2022,0,,2022
SEYCHELLES,Afrique orientale et du Sud,export,2018,0,,2022
SEYCHELLES,Afrique orientale et du Sud,export,2019,2,96,2022
SEYCHELLES,Afrique orientale et du Sud,export,2020,20,432,2022
SEYCHELLES,Afrique orientale et du Sud,export,2021,71,1488,2022
SEYCHELLES,Afrique orientale et du Sud,export,2022,33,265,2022
SWAZILAND,Afrique orientale et du Sud,export,2018,2952,87020,2022
SWAZILAND,Afrique orientale et du Sud,export,2019,8947,225802,2022
SWAZILAND,Afrique orientale et du Sud,export,2020,3696,93051,2022
SWAZILAND,Afrique orientale et du Sud,export,2021,1990,58386,2022
SWAZILAND,Afrique orientale et du Sud,export,2022,216,158,2022
TANZANIE,Afrique orientale et du Sud,export,2018,289,248,2022
TANZANIE,Afrique orientale et du Sud,export,2019,518,384,2022
TANZANIE,Afrique orientale et du Sud,export,2020,988,712,2022
TANZANIE,Afrique orientale et du Sud,export,2021,1189,692,2022
TANZANIE,Afrique orientale et du Sud,export,2022,494,414,2022
ZAMBIE,Afrique orientale et du Sud,export,2018,627,235,2022
ZAMBIE,Afrique orientale et du Sud,export,2019,1067,497,2022
ZAMBIE,Afrique orientale et du Sud,export,2020,736,386,2022
ZAMBIE,Afrique orientale et du Sud,export,2021,1048,461,2022
ZAMBIE,Afrique orientale et du Sud,export,2022,2283,785,2022
ZIMBABWE,Afrique orientale et du Sud,export,2018,0,0,2022
ZIMBABWE,Afrique orientale et du Sud,export,2019,73,25,2022
ZIMBABWE,Afrique orientale et du Sud,export,2020,0,,2022
ZIMBABWE,Afrique orientale et du Sud,export,2021,0,,2022
ZIMBABWE,Afrique orientale et du Sud,export,2022,5,17,2022
CANADA,Amérique du Nord,export,2018,874,1399,2022
CANADA,Amérique du Nord,export,2019,972,2076,2022
CANADA,Amérique du Nord,export,2020,965,1972,2022
CANADA,Amérique du Nord,export,2021,1302,983,2022
CANADA,Amérique du Nord,export,2022,2177,1855,2022
ETATS UNIS D'AMERIQUE,Amérique du Nord,export,2018,62901,102865,2022
ETATS UNIS D'AMERIQUE,Amérique du Nord,export,2019,77518,154944,2022
ETATS UNIS D'AMERIQUE,Amérique du Nord,export,2020,67534,61822,2022
ETATS UNIS D'AMERIQUE,Amérique du Nord,export,2021,69439,144673,2022
ETATS UNIS D'AMERIQUE,Amérique du Nord,export,2022,102667,106676,2022
GROENLAND,Amérique du Nord,export,2018,145,42,2022
GROENLAND,Amérique du Nord,export,2019,0,,2022
GROENLAND,Amérique du Nord,export,2020,0,,2022
GROENLAND,Amérique du Nord,export,2021,0,,2022
GROENLAND,Amérique du Nord,export,2022,0,,2022
SAINT PIERRE ET MIQUELON,Amérique du Nord,export,2018,0,,2022
SAINT PIERRE ET MIQUELON,Amérique du Nord,export,2019,0,,2022
SAINT PIERRE ET MIQUELON,Amérique du Nord,export,2020,9,5,2022
SAINT PIERRE ET MIQUELON,Amérique du Nord,export,2021,0,,2022
SAINT PIERRE ET MIQUELON,Amérique du Nord,export,2022,0,,2022
ANTIGUA-BARBUDA,Amérique centrale et du Sud,export,2018,11,2,2022
ANTIGUA-BARBUDA,Amérique centrale et du Sud,export,2019,53,19,2022
ANTIGUA-BARBUDA,Amérique centrale et du Sud,export,2020,0,0,2022
ANTIGUA-BARBUDA,Amérique centrale et du Sud,export,2021,417,20,2022
ANTIGUA-BARBUDA,Amérique centrale et du Sud,export,2022,795,472,2022
ARGENTINE,Amérique centrale et du Sud,export,2018,0,0,2022
ARGENTINE,Amérique centrale et du Sud,export,2019,0,,2022
ARGENTINE,Amérique centrale et du Sud,export,2020,48,11,2022
ARGENTINE,Amérique centrale et du Sud,export,2021,0,,2022
ARGENTINE,Amérique centrale et du Sud,export,2022,15,4,2022
BOLIVIE,Amérique centrale et du Sud,export,2018,0,,2022
BOLIVIE,Amérique centrale et du Sud,export,2019,0,,2022
BOLIVIE,Amérique centrale et du Sud,export,2020,0,,2022
BOLIVIE,Amérique centrale et du Sud,export,2021,0,,2022
BOLIVIE,Amérique centrale et du Sud,export,2022,0,,2022
BRESIL,Amérique centrale et du Sud,export,2018,1819,2033,2022
BRESIL,Amérique centrale et du Sud,export,2019,446,504,2022
BRESIL,Amérique centrale et du Sud,export,2020,410,748,2022
BRESIL,Amérique centrale et du Sud,export,2021,7047,21204,2022
BRESIL,Amérique centrale et du Sud,export,2022,959,779,2022
CHILI,Amérique centrale et du Sud,export,2018,63,174,2022
CHILI,Amérique centrale et du Sud,export,2019,3885,5670,2022
CHILI,Amérique centrale et du Sud,export,2020,85,133,2022
CHILI,Amérique centrale et du Sud,export,2021,285,435,2022
CHILI,Amérique centrale et du Sud,export,2022,329,392,2022
COLOMBIE,Amérique centrale et du Sud,export,2018,2019,2539,2022
COLOMBIE,Amérique centrale et du Sud,export,2019,693,929,2022
COLOMBIE,Amérique centrale et du Sud,export,2020,2339,2620,2022
COLOMBIE,Amérique centrale et du Sud,export,2021,309,457,2022
COLOMBIE,Amérique centrale et du Sud,export,2022,195,227,2022
COSTA RICA,Amérique centrale et du Sud,export,2018,471,878,2022
COSTA RICA,Amérique centrale et du Sud,export,2019,577,930,2022
COSTA RICA,Amérique centrale et du Sud,export,2020,59,120,2022
COSTA RICA,Amérique centrale et du Sud,export,2021,100,13,2022
COSTA RICA,Amérique centrale et du Sud,export,2022,4,21,2022
CUBA,Amérique centrale et du Sud,export,2018,0,,2022
CUBA,Amérique centrale et du Sud,export,2019,1,0,2022
CUBA,Amérique centrale et du Sud,export,2020,7,1,2022
CUBA,Amérique centrale et du Sud,export,2021,0,,2022
CUBA,Amérique centrale et du Sud,export,2022,0,,2022
CURUCAO,Amérique centrale et du Sud,export,2018,0,0,2022
CURUCAO,Amérique centrale et du Sud,export,2019,1,1,2022
CURUCAO,Amérique centrale et du Sud,export,2020,0,,2022
CURUCAO,Amérique centrale et du Sud,export,2021,0,,2022
CURUCAO,Amérique centrale et du Sud,export,2022,1,0,2022
EQUATEUR,Amérique centrale et du Sud,export,2018,146,204,2022
EQUATEUR,Amérique centrale et du Sud,export,2019,717,961,2022
EQUATEUR,Amérique centrale et du Sud,export,2020,1398,1807,2022
EQUATEUR,Amérique centrale et du Sud,export,2021,1663,2053,2022
EQUATEUR,Amérique centrale et du Sud,export,2022,283,347,2022
GUADELOUPE,Amérique centrale et du Sud,export,2018,22,17,2022
GUADELOUPE,Amérique centrale et du Sud,export,2019,18,16,2022
GUADELOUPE,Amérique centrale et du Sud,export,2020,13,4,2022
GUADELOUPE,Amérique centrale et du Sud,export,2021,14,10,2022
GUADELOUPE,Amérique centrale et du Sud,export,2022,19,9,2022
GUATEMALA,Amérique centrale et du Sud,export,2018,79,96,2022
GUATEMALA,Amérique centrale et du Sud,export,2019,333,341,2022
GUATEMALA,Amérique centrale et du Sud,export,2020,70,57,2022
GUATEMALA,Amérique centrale et du Sud,export,2021,0,,2022
GUATEMALA,Amérique centrale et du Sud,export,2022,7,1,2022
GUYANA,Amérique centrale et du Sud,export,2018,0,,2022
GUYANA,Amérique centrale et du Sud,export,2019,2,0,2022
GUYANA,Amérique centrale et du Sud,export,2020,0,,2022
GUYANA,Amérique centrale et du Sud,export,2021,0,,2022
GUYANA,Amérique centrale et du Sud,export,2022,0,,2022
GUYANE FRANCAISE,Amérique centrale et du Sud,export,2018,5,1,2022
GUYANE FRANCAISE,Amérique centrale et du Sud,export,2019,5,1,2022
GUYANE FRANCAISE,Amérique centrale et du Sud,export,2020,3,0,2022
GUYANE FRANCAISE,Amérique centrale et du Sud,export,2021,2,1,2022
GUYANE FRANCAISE,Amérique centrale et du Sud,export,2022,0,,2022
HAITI,Amérique centrale et du Sud,export,2018,165,91,2022
HAITI,Amérique centrale et du Sud,export,2019,81,54,2022
HAITI,Amérique centrale et du Sud,export,2020,874,639,2022
HAITI,Amérique centrale et du Sud,export,2021,1958,1419,2022
HAITI,Amérique centrale et du Sud,export,2022,2073,1237,2022
HONDURAS,Amérique centrale et du Sud,export,2018,0,,2022
HONDURAS,Amérique centrale et du Sud,export,2019,0,,2022
HONDURAS,Amérique centrale et du Sud,export,2020,0,,2022
HONDURAS,Amérique centrale et du Sud,export,2021,0,,2022
HONDURAS,Amérique centrale et du Sud,export,2022,9,12,2022
ILES BERMUDES,Amérique centrale et du Sud,export,2018,15,12,2022
ILES BERMUDES,Amérique centrale et du Sud,export,2019,1,1,2022
ILES BERMUDES,Amérique centrale et du Sud,export,2020,0,,2022
ILES BERMUDES,Amérique centrale et du Sud,export,2021,0,,2022
ILES BERMUDES,Amérique centrale et du Sud,export,2022,0,,2022
ILES BRAHAMAS,Amérique centrale et du Sud,export,2018,0,,2022
ILES BRAHAMAS,Amérique centrale et du Sud,export,2019,0,,2022
ILES BRAHAMAS,Amérique centrale et du Sud,export,2020,0,,2022
ILES BRAHAMAS,Amérique centrale et du Sud,export,2021,0,,2022
ILES BRAHAMAS,Amérique centrale et du Sud,export,2022,0,,2022
ILES CALQUES,Amérique centrale et du Sud,export,2018,11,2,2022
ILES CALQUES,Amérique centrale et du Sud,export,2019,4,0,2022
ILES CALQUES,Amérique centrale et du Sud,export,2020,0,,2022
ILES CALQUES,Amérique centrale et du Sud,export,2021,0,,2022
ILES CALQUES,Amérique centrale et du Sud,export,2022,0,,2022
ILES VIERGES DES USA,Amérique centrale et du Sud,export,2018,101,111,2022
ILES VIERGES DES USA,Amérique centrale et du Sud,export,2019,78,60,2022
ILES VIERGES DES USA,Amérique centrale et du Sud,export,2020,9,90,2022
ILES VIERGES DES USA,Amérique centrale et du Sud,export,2021,0,,2022
ILES VIERGES DES USA,Amérique centrale et du Sud,export,2022,202,104,2022
LA BARBADE,Amérique centrale et du Sud,export,2018,0,,2022
LA BARBADE,Amérique centrale et du Sud,export,2019,84,22,2022
LA BARBADE,Amérique centrale et du Sud,export,2020,0,,2022
LA BARBADE,Amérique centrale et du Sud,export,2021,0,,2022
LA BARBADE,Amérique centrale et du Sud,export,2022,0,,2022
MARTINIQUE,Amérique centrale et du Sud,export,2018,3,1,2022
MARTINIQUE,Amérique centrale et du Sud,export,2019,13,10,2022
MARTINIQUE,Amérique centrale et du Sud,export,2020,5,4,2022
MARTINIQUE,Amérique centrale et du Sud,export,2021,1,0,2022
MARTINIQUE,Amérique centrale et du Sud,export,2022,1,0,2022
MEXIQUE,Amérique centrale et du Sud,export,2018,6574,27494,2022
MEXIQUE,Amérique centrale et du Sud,export,2019,3035,12811,2022
MEXIQUE,Amérique centrale et du Sud,export,2020,13934,101798,2022
MEXIQUE,Amérique centrale et du Sud,export,2021,30486,76409,2022
MEXIQUE,Amérique centrale et du Sud,export,2022,14114,55285,2022
NICARAGUA,Amérique centrale et du Sud,export,2018,36,53,2022
NICARAGUA,Amérique centrale et du Sud,export,2019,51,18,2022
NICARAGUA,Amérique centrale et du Sud,export,2020,0,0,2022
NICARAGUA,Amérique centrale et du Sud,export,2021,0,,2022
NICARAGUA,Amérique centrale et du Sud,export,2022,0,,2022
PANAMA,Amérique centrale et du Sud,export,2018,0,,2022
PANAMA,Amérique centrale et du Sud,export,2019,0,,2022
PANAMA,Amérique centrale et du Sud,export,2020,39,26,2022
PANAMA,Amérique centrale et du Sud,export,2021,601,417,2022
PANAMA,Amérique centrale et du Sud,export,2022,483,293,2022
PARAGUAY,Amérique centrale et du Sud,export,2018,0,,2022
PARAGUAY,Amérique centrale et du Sud,export,2019,13,3,2022
PARAGUAY,Amérique centrale et du Sud,export,2020,0,,2022
PARAGUAY,Amérique centrale et du Sud,export,2021,0,,2022
PARAGUAY,Amérique centrale et du Sud,export,2022,0,,2022
PEROU,Amérique centrale et du Sud,export,2018,253,362,2022
PEROU,Amérique centrale et du Sud,export,2019,891,1426,2022
PEROU,Amérique centrale et du Sud,export,2020,549,742,2022
PEROU,Amérique centrale et du Sud,export,2021,411,609,2022
PEROU,Amérique centrale et du Sud,export,2022,0,,2022
SAINT DOMINGUE,Amérique centrale et du Sud,export,2018,0,,2022
SAINT DOMINGUE,Amérique centrale et du Sud,export,2019,38,20,2022
SAINT DOMINGUE,Amérique centrale et du Sud,export,2020,0,,2022
SAINT DOMINGUE,Amérique centrale et du Sud,export,2021,8,17,2022
SAINT DOMINGUE,Amérique centrale et du Sud,export,2022,10,15,2022
SALVADOR,Amérique centrale et du Sud,export,2018,0,,2022
SALVADOR,Amérique centrale et du Sud,export,2019,0,,2022
SALVADOR,Amérique centrale et du Sud,export,2020,0,,2022
SALVADOR,Amérique centrale et du Sud,export,2021,0,,2022
SALVADOR,Amérique centrale et du Sud,export,2022,0,,2022
ST VINCENT-ILES GRENADINES,Amérique centrale et du Sud,export,2018,0,,2022
ST VINCENT-ILES GRENADINES,Amérique centrale et du Sud,export,2019,2,0,2022
ST VINCENT-ILES GRENADINES,Amérique centrale et du Sud,export,2020,0,,2022
ST VINCENT-ILES GRENADINES,Amérique centrale et du Sud,export,2021,0,,2022
ST VINCENT-ILES GRENADINES,Amérique centrale et du Sud,export,2022,0,,2022
SURINAM,Amérique centrale et du Sud,export,2018,6,2,2022
SURINAM,Amérique centrale et du Sud,export,2019,107,64,2022
SURINAM,Amérique centrale et du Sud,export,2020,10,2,2022
SURINAM,Amérique centrale et du Sud,export,2021,0,,2022
SURINAM,Amérique centrale et du Sud,export,2022,6,100,2022
TRINIDAD ET TOBAGO,Amérique centrale et du Sud,export,2018,81,21,2022
TRINIDAD ET TOBAGO,Amérique centrale et du Sud,export,2019,167,43,2022
TRINIDAD ET TOBAGO,Amérique centrale et du Sud,export,2020,0,,2022
TRINIDAD ET TOBAGO,Amérique centrale et du Sud,export,2021,0,,2022
TRINIDAD ET TOBAGO,Amérique centrale et du Sud,export,2022,0,,2022
URUGUAY,Amérique centrale et du Sud,export,2018,1,2,2022
URUGUAY,Amérique centrale et du Sud,export,2019,6,4,2022
URUGUAY,Amérique centrale et du Sud,export,2020,0,,2022
URUGUAY,Amérique centrale et du Sud,export,2021,0,,2022
URUGUAY,Amérique centrale et du Sud,export,2022,0,,2022
VENEZUELA,Amérique centrale et du Sud,export,2018,25,25,2022
VENEZUELA,Amérique centrale et du Sud,export,2019,191,223,2022
VENEZUELA,Amérique centrale et du Sud,export,2020,128,125,2022
VENEZUELA,Amérique centrale et du Sud,export,2021,110,117,2022
VENEZUELA,Amérique centrale et du Sud,export,2022,86,91,2022
ARABIE SEOUDITE,Asie occidentale,export,2018,1071,951,2022
ARABIE SEOUDITE,Asie occidentale,export,2019,510,423,2022
ARABIE SEOUDITE,Asie occidentale,export,2020,265,55,2022
ARABIE SEOUDITE,Asie occidentale,export,2021,548,131,2022
ARABIE SEOUDITE,Asie occidentale,export,2022,581,339,2022
BAHREIN,Asie occidentale,export,2018,0,,2022
BAHREIN,Asie occidentale,export,2019,0,,2022
BAHREIN,Asie occidentale,export,2020,0,,2022
BAHREIN,Asie occidentale,export,2021,0,,2022
BAHREIN,Asie occidentale,export,2022,34,42,2022
EMIRATS ARABES UNIS,Asie occidentale,export,2018,36866,25977,2022
EMIRATS ARABES UNIS,Asie occidentale,export,2019,34101,6324,2022
EMIRATS ARABES UNIS,Asie occidentale,export,2020,25435,5639,2022
EMIRATS ARABES UNIS,Asie occidentale,export,2021,34390,7214,2022
EMIRATS ARABES UNIS,Asie occidentale,export,2022,44129,5635,2022
IRAK,Asie occidentale,export,2018,9,0,2022
IRAK,Asie occidentale,export,2019,136,546,2022
IRAK,Asie occidentale,export,2020,26,9,2022
IRAK,Asie occidentale,export,2021,7,0,2022
IRAK,Asie occidentale,export,2022,14,0,2022
IRAN,Asie occidentale,export,2018,1648,1401,2022
IRAN,Asie occidentale,export,2019,0,,2022
IRAN,Asie occidentale,export,2020,185,201,2022
IRAN,Asie occidentale,export,2021,126,25,2022
IRAN,Asie occidentale,export,2022,42,69,2022
ISRAEL,Asie occidentale,export,2018,1921,277,2022
ISRAEL,Asie occidentale,export,2019,1316,176,2022
ISRAEL,Asie occidentale,export,2020,954,179,2022
ISRAEL,Asie occidentale,export,2021,820,120,2022
ISRAEL,Asie occidentale,export,2022,1980,302,2022
JORDANIE,Asie occidentale,export,2018,31,61,2022
JORDANIE,Asie occidentale,export,2019,0,1,2022
JORDANIE,Asie occidentale,export,2020,58,70,2022
JORDANIE,Asie occidentale,export,2021,5,3,2022
JORDANIE,Asie occidentale,export,2022,2,5,2022
KOWEIT,Asie occidentale,export,2018,13,0,2022
KOWEIT,Asie occidentale,export,2019,3,0,2022
KOWEIT,Asie occidentale,export,2020,11,1,2022
KOWEIT,Asie occidentale,export,2021,1,0,2022
KOWEIT,Asie occidentale,export,2022,1,0,2022
LIBAN,Asie occidentale,export,2018,8154,211373,2022
LIBAN,Asie occidentale,export,2019,9276,207117,2022
LIBAN,Asie occidentale,export,2020,4796,111900,2022
LIBAN,Asie occidentale,export,2021,7678,178668,2022
LIBAN,Asie occidentale,export,2022,21628,183155,2022
OMAN,Asie occidentale,export,2018,6,0,2022
OMAN,Asie occidentale,export,2019,0,,2022
OMAN,Asie occidentale,export,2020,37,94,2022
OMAN,Asie occidentale,export,2021,2,0,2022
OMAN,Asie occidentale,export,2022,0,,2022
QATAR,Asie occidentale,export,2018,0,0,2022
QATAR,Asie occidentale,export,2019,0,0,2022
QATAR,Asie occidentale,export,2020,10,10,2022
QATAR,Asie occidentale,export,2021,14,0,2022
QATAR,Asie occidentale,export,2022,95,4,2022
SYRIE,Asie occidentale,export,2018,151,256,2022
SYRIE,Asie occidentale,export,2019,11,240,2022
SYRIE,Asie occidentale,export,2020,91,576,2022
SYRIE,Asie occidentale,export,2021,0,,2022
SYRIE,Asie occidentale,export,2022,0,,2022
YEMEN DEMOCRATIQUE,Asie occidentale,export,2018,13,36,2022
YEMEN DEMOCRATIQUE,Asie occidentale,export,2019,0,,2022
YEMEN DEMOCRATIQUE,Asie occidentale,export,2020,0,,2022
YEMEN DEMOCRATIQUE,Asie occidentale,export,2021,0,,2022
YEMEN DEMOCRATIQUE,Asie occidentale,export,2022,0,,2022
AFGANISTAN,Autres pays d'Asie,export,2018,2,0,2022
AFGANISTAN,Autres pays d'Asie,export,2019,31,63,2022
AFGANISTAN,Autres pays d'Asie,export,2020,8,2,2022
AFGANISTAN,Autres pays d'Asie,export,2021,1,1,2022
AFGANISTAN,Autres pays d'Asie,export,2022,0,,2022
BENGLADESH,Autres pays d'Asie,export,2018,5578,6937,2022
BENGLADESH,Autres pays d'Asie,export,2019,4077,4175,2022
BENGLADESH,Autres pays d'Asie,export,2020,4855,5341,2022
BENGLADESH,Autres pays d'Asie,export,2021,8287,8297,2022
BENGLADESH,Autres pays d'Asie,export,2022,9837,6872,2022
BHOUTAN,Autres pays d'Asie,export,2018,0,,2022
BHOUTAN,Autres pays d'Asie,export,2019,1,1,2022
BHOUTAN,Autres pays d'Asie,export,2020,0,,2022
BHOUTAN,Autres pays d'Asie,export,2021,0,,2022
BHOUTAN,Autres pays d'Asie,export,2022,0,,2022
BRUNEI,Autres pays d'Asie,export,2018,1832,1459,2022
BRUNEI,Autres pays d'Asie,export,2019,1524,2236,2022
BRUNEI,Autres pays d'Asie,export,2020,2353,2864,2022
BRUNEI,Autres pays d'Asie,export,2021,807,1574,2022
BRUNEI,Autres pays d'Asie,export,2022,724,849,2022
CAMBODGE,Autres pays d'Asie,export,2018,0,,2022
CAMBODGE,Autres pays d'Asie,export,2019,0,,2022
CAMBODGE,Autres pays d'Asie,export,2020,0,,2022
CAMBODGE,Autres pays d'Asie,export,2021,2,1,2022
CAMBODGE,Autres pays d'Asie,export,2022,0,,2022
COREE DU NORD,Autres pays d'Asie,export,2018,852,482,2022
COREE DU NORD,Autres pays d'Asie,export,2019,600,469,2022
COREE DU NORD,Autres pays d'Asie,export,2020,103,54,2022
COREE DU NORD,Autres pays d'Asie,export,2021,180,40166,2022
COREE DU NORD,Autres pays d'Asie,export,2022,71,291,2022
COREE DU SUD,Autres pays d'Asie,export,2018,14796,8126,2022
COREE DU SUD,Autres pays d'Asie,export,2019,23144,25434,2022
COREE DU SUD,Autres pays d'Asie,export,2020,18365,10570,2022
COREE DU SUD,Autres pays d'Asie,export,2021,17515,12753,2022
COREE DU SUD,Autres pays d'Asie,export,2022,65528,12923,2022
HONG-KONG,Autres pays d'Asie,export,2018,1594,508,2022
HONG-KONG,Autres pays d'Asie,export,2019,1249,1278,2022
HONG-KONG,Autres pays d'Asie,export,2020,368,213,2022
HONG-KONG,Autres pays d'Asie,export,2021,476,310,2022
HONG-KONG,Autres pays d'Asie,export,2022,1163,868,2022
INDE,Autres pays d'Asie,export,2018,168341,508872,2022
INDE,Autres pays d'Asie,export,2019,211915,547595,2022
INDE,Autres pays d'Asie,export,2020,171975,535830,2022
INDE,Autres pays d'Asie,export,2021,282398,633713,2022
INDE,Autres pays d'Asie,export,2022,540086,739272,2022
INDONESIE,Autres pays d'Asie,export,2018,791,1102,2022
INDONESIE,Autres pays d'Asie,export,2019,49,91,2022
INDONESIE,Autres pays d'Asie,export,2020,1399,832,2022
INDONESIE,Autres pays d'Asie,export,2021,480,962,2022
INDONESIE,Autres pays d'Asie,export,2022,576,1070,2022
JAPON,Autres pays d'Asie,export,2018,6840,4149,2022
JAPON,Autres pays d'Asie,export,2019,9563,17155,2022
JAPON,Autres pays d'Asie,export,2020,6169,6605,2022
JAPON,Autres pays d'Asie,export,2021,9245,7280,2022
JAPON,Autres pays d'Asie,export,2022,9582,6930,2022
LAOS,Autres pays d'Asie,export,2018,0,,2022
LAOS,Autres pays d'Asie,export,2019,2,1,2022
LAOS,Autres pays d'Asie,export,2020,0,,2022
LAOS,Autres pays d'Asie,export,2021,0,,2022
LAOS,Autres pays d'Asie,export,2022,2,0,2022
MACAO,Autres pays d'Asie,export,2018,0,,2022
MACAO,Autres pays d'Asie,export,2019,5,1,2022
MACAO,Autres pays d'Asie,export,2020,26,0,2022
MACAO,Autres pays d'Asie,export,2021,0,,2022
MACAO,Autres pays d'Asie,export,2022,8,0,2022
MALAISIE,Autres pays d'Asie,export,2018,1252,15764,2022
MALAISIE,Autres pays d'Asie,export,2019,2447,4167,2022
MALAISIE,Autres pays d'Asie,export,2020,1883,4253,2022
MALAISIE,Autres pays d'Asie,export,2021,755,3104,2022
MALAISIE,Autres pays d'Asie,export,2022,1249,2370,2022
MALDIVES,Autres pays d'Asie,export,2018,1,0,2022
MALDIVES,Autres pays d'Asie,export,2019,2,0,2022
MALDIVES,Autres pays d'Asie,export,2020,11,0,2022
MALDIVES,Autres pays d'Asie,export,2021,0,,2022
MALDIVES,Autres pays d'Asie,export,2022,0,,2022
MONGOLIE,Autres pays d'Asie,export,2018,79,5,2022
MONGOLIE,Autres pays d'Asie,export,2019,31,800,2022
MONGOLIE,Autres pays d'Asie,export,2020,0,,2022
MONGOLIE,Autres pays d'Asie,export,2021,0,,2022
MONGOLIE,Autres pays d'Asie,export,2022,0,,2022
NEPAL,Autres pays d'Asie,export,2018,0,,2022
NEPAL,Autres pays d'Asie,export,2019,12,13,2022
NEPAL,Autres pays d'Asie,export,2020,0,,2022
NEPAL,Autres pays d'Asie,export,2021,0,,2022
NEPAL,Autres pays d'Asie,export,2022,8,2,2022
PAKISTAN,Autres pays d'Asie,export,2018,634,854,2022
PAKISTAN,Autres pays d'Asie,export,2019,75,325,2022
PAKISTAN,Autres pays d'Asie,export,2020,723,1779,2022
PAKISTAN,Autres pays d'Asie,export,2021,20,57,2022
PAKISTAN,Autres pays d'Asie,export,2022,93,239,2022
PHILIPPINE,Autres pays d'Asie,export,2018,36,81,2022
PHILIPPINE,Autres pays d'Asie,export,2019,0,,2022
PHILIPPINE,Autres pays d'Asie,export,2020,450,720,2022
PHILIPPINE,Autres pays d'Asie,export,2021,0,,2022
PHILIPPINE,Autres pays d'Asie,export,2022,0,,2022
REPUBLIQUE POPULAIRE DE CHINE,Autres pays d'Asie,export,2018,64162,173053,2022
REPUBLIQUE POPULAIRE DE CHINE,Autres pays d'Asie,export,2019,161895,458229,2022
REPUBLIQUE POPULAIRE DE CHINE,Autres pays d'Asie,export,2020,152146,425169,2022
REPUBLIQUE POPULAIRE DE CHINE,Autres pays d'Asie,export,2021,189768,489792,2022
REPUBLIQUE POPULAIRE DE CHINE,Autres pays d'Asie,export,2022,142372,348621,2022
SINGAPOUR,Autres pays d'Asie,export,2018,5667,26010,2022
SINGAPOUR,Autres pays d'Asie,export,2019,4361,9600,2022
SINGAPOUR,Autres pays d'Asie,export,2020,1271,2370,2022
SINGAPOUR,Autres pays d'Asie,export,2021,1336,7025,2022
SINGAPOUR,Autres pays d'Asie,export,2022,3371,14615,2022
TAIWAN,Autres pays d'Asie,export,2018,1364,923,2022
TAIWAN,Autres pays d'Asie,export,2019,998,677,2022
TAIWAN,Autres pays d'Asie,export,2020,955,844,2022
TAIWAN,Autres pays d'Asie,export,2021,498,403,2022
TAIWAN,Autres pays d'Asie,export,2022,1072,676,2022
THAILANDE,Autres pays d'Asie,export,2018,2931,3480,2022
THAILANDE,Autres pays d'Asie,export,2019,801,948,2022
THAILANDE,Autres pays d'Asie,export,2020,625,1083,2022
THAILANDE,Autres pays d'Asie,export,2021,233,71,2022
THAILANDE,Autres pays d'Asie,export,2022,965,1177,2022
UNION BIRMANE,Autres pays d'Asie,export,2018,0,,2022
UNION BIRMANE,Autres pays d'Asie,export,2019,76,119,2022
UNION BIRMANE,Autres pays d'Asie,export,2020,0,,2022
UNION BIRMANE,Autres pays d'Asie,export,2021,0,,2022
UNION BIRMANE,Autres pays d'Asie,export,2022,0,,2022
VIETNAM,Autres pays d'Asie,export,2018,9180,12913,2022
VIETNAM,Autres pays d'Asie,export,2019,14203,29653,2022
VIETNAM,Autres pays d'Asie,export,2020,11117,23051,2022
VIETNAM,Autres pays d'Asie,export,2021,21859,39145,2022
VIETNAM,Autres pays d'Asie,export,2022,21388,33792,2022
AUSTRALIE,Océanie,export,2018,787,901,2022
AUSTRALIE,Océanie,export,2019,1579,1517,2022
AUSTRALIE,Océanie,export,2020,123078,613,2022
AUSTRALIE,Océanie,export,2021,120370,2002,2022
AUSTRALIE,Océanie,export,2022,140279,2294,2022
NAURU,Océanie,export,2018,4132,49591,2022
NAURU,Océanie,export,2019,0,,2022
NAURU,Océanie,export,2020,1,0,2022
NAURU,Océanie,export,2021,0,,2022
NAURU,Océanie,export,2022,212,237,2022
NOUVELLE CALEDONIE,Océanie,export,2018,0,,2022
NOUVELLE CALEDONIE,Océanie,export,2019,1,0,2022
NOUVELLE CALEDONIE,Océanie,export,2020,0,,2022
NOUVELLE CALEDONIE,Océanie,export,2021,0,,2022
NOUVELLE CALEDONIE,Océanie,export,2022,0,,2022
NOUVELLE GUINEE ET PAPOUASIE,Océanie,export,2018,6,1,2022
NOUVELLE GUINEE ET PAPOUASIE,Océanie,export,2019,199,81,2022
NOUVELLE GUINEE ET PAPOUASIE,Océanie,export,2020,0,,2022
NOUVELLE GUINEE ET PAPOUASIE,Océanie,export,2021,44,6,2022
NOUVELLE GUINEE ET PAPOUASIE,Océanie,export,2022,103,24,2022
NOUVELLE ZELANDE,Océanie,export,2018,622,221,2022
NOUVELLE ZELANDE,Océanie,export,2019,1414,223,2022
NOUVELLE ZELANDE,Océanie,export,2020,1015,184,2022
NOUVELLE ZELANDE,Océanie,export,2021,1819,253,2022
NOUVELLE ZELANDE,Océanie,export,2022,1837,287,2022
SAMOA OCCIDENTAL,Océanie,export,2018,0,,2022
SAMOA OCCIDENTAL,Océanie,export,2019,0,,2022
SAMOA OCCIDENTAL,Océanie,export,2020,5,0,2022
SAMOA OCCIDENTAL,Océanie,export,2021,0,,2022
SAMOA OCCIDENTAL,Océanie,export,2022,543,353,2022
TONGA,Océanie,export,2018,0,,2022
TONGA,Océanie,export,2019,0,,2022
TONGA,Océanie,export,2020,0,,2022
TONGA,Océanie,export,2021,115,32,2022
TONGA,Océanie,export,2022,0,,2022
DIVERS,Divers,export,2018,112076,316572,2022
DIVERS,Divers,export,2019,112090,281047,2022
DIVERS,Divers,export,2020,87441,276153,2022
DIVERS,Divers,export,2021,86830,282723,2022
DIVERS,Divers,export,2022,133485,204812,2022
ALLEMAGNE,Union européenne,import,2018,104068,189185,2022
ALLEMAGNE,Union européenne,import,2019,93111,100101,2022
ALLEMAGNE,Union européenne,import,2020,85722,68811,2022
ALLEMAGNE,Union européenne,import,2021,96479,70584,2022
ALLEMAGNE,Union européenne,import,2022,166205,90404,2022
AUTRICHE,Union européenne,import,2018,3609,1944,2022
AUTRICHE,Union européenne,import,2019,4798,2811,2022
AUTRICHE,Union européenne,import,2020,2457,1417,2022
AUTRICHE,Union européenne,import,2021,3484,2921,2022
AUTRICHE,Union européenne,import,2022,4546,1960,2022
BELGIQUE-LUXEMBOURG,Union européenne,import,2018,269665,582812,2022
BELGIQUE-LUXEMBOURG,Union européenne,import,2019,330118,809211,2022
BELGIQUE-LUXEMBOURG,Union européenne,import,2020,267560,782082,2022
BELGIQUE-LUXEMBOURG,Union européenne,import,2021,254487,551390,2022
BELGIQUE-LUXEMBOURG,Union européenne,import,2022,473784,644418,2022
BULGARIE,Union européenne,import,2018,4469,7420,2022
BULGARIE,Union européenne,import,2019,3383,1192,2022
BULGARIE,Union européenne,import,2020,6730,3828,2022
BULGARIE,Union européenne,import,2021,5754,15111,2022
BULGARIE,Union européenne,import,2022,2771,1820,2022
CHYPRE,Union européenne,import,2018,15,20,2022
CHYPRE,Union européenne,import,2019,,,2022
CHYPRE,Union européenne,import,2020,5,0,2022
CHYPRE,Union européenne,import,2021,64,152,2022
CHYPRE,Union européenne,import,2022,117,265,2022
CITE DU VATICAN,Union européenne,import,2018,,,2022
CITE DU VATICAN,Union européenne,import,2019,,,2022
CITE DU VATICAN,Union européenne,import,2020,,,2022
CITE DU VATICAN,Union européenne,import,2021,2,1,2022
CITE DU VATICAN,Union européenne,import,2022,25,124,2022
DANEMARK,Union européenne,import,2018,14688,5322,2022
DANEMARK,Union européenne,import,2019,90253,22741,2022
DANEMARK,Union européenne,import,2020,13186,6756,2022
DANEMARK,Union européenne,import,2021,14658,6842,2022
DANEMARK,Union européenne,import,2022,16344,9204,2022
ESPAGNE,Union européenne,import,2018,176175,627646,2022
ESPAGNE,Union européenne,import,2019,194946,589597,2022
ESPAGNE,Union européenne,import,2020,227596,819517,2022
ESPAGNE,Union européenne,import,2021,252985,806611,2022
ESPAGNE,Union européenne,import,2022,457499,971982,2022
FINLANDE,Union européenne,import,2018,11814,2213,2022
FINLANDE,Union européenne,import,2019,12056,7747,2022
FINLANDE,Union européenne,import,2020,41181,5929,2022
FINLANDE,Union européenne,import,2021,34671,47140,2022
FINLANDE,Union européenne,import,2022,12149,3864,2022
FRANCE,Union européenne,import,2018,569284,427223,2022
FRANCE,Union européenne,import,2019,801137,667452,2022
FRANCE,Union européenne,import,2020,703962,649409,2022
FRANCE,Union européenne,import,2021,632774,500814,2022
FRANCE,Union européenne,import,2022,691126,562205,2022
GIBRALTAR,Union européenne,import,2018,,,2022
GIBRALTAR,Union européenne,import,2019,55,233,2022
GIBRALTAR,Union européenne,import,2020,,,2022
GIBRALTAR,Union européenne,import,2021,,,2022
GIBRALTAR,Union européenne,import,2022,15,41,2022
GRECE,Union européenne,import,2018,4305,50331,2022
GRECE,Union européenne,import,2019,13313,37981,2022
GRECE,Union européenne,import,2020,7884,32918,2022
GRECE,Union européenne,import,2021,8391,27612,2022
GRECE,Union européenne,import,2022,29378,60026,2022
HONGRIE,Union européenne,import,2018,7050,2536,2022
HONGRIE,Union européenne,import,2019,4986,1402,2022
HONGRIE,Union européenne,import,2020,4196,1096,2022
HONGRIE,Union européenne,import,2021,4786,2390,2022
HONGRIE,Union européenne,import,2022,3003,1278,2022
IRLANDE,Union européenne,import,2018,17609,18068,2022
IRLANDE,Union européenne,import,2019,21526,18405,2022
IRLANDE,Union européenne,import,2020,18604,13907,2022
IRLANDE,Union européenne,import,2021,20217,15491,2022
IRLANDE,Union européenne,import,2022,26813,19888,2022
ITALIE,Union européenne,import,2018,111625,199464,2022
ITALIE,Union européenne,import,2019,79053,133288,2022
ITALIE,Union européenne,import,2020,84679,142363,2022
ITALIE,Union européenne,import,2021,112834,198530,2022
ITALIE,Union européenne,import,2022,121732,174728,2022
MALTE,Union européenne,import,2018,979,414,2022
MALTE,Union européenne,import,2019,3592,42901,2022
MALTE,Union européenne,import,2020,3272,5959,2022
MALTE,Union européenne,import,2021,1561,588,2022
MALTE,Union européenne,import,2022,13729,25824,2022
PAYS BAS,Union européenne,import,2018,293114,927754,2022
PAYS BAS,Union européenne,import,2019,322808,1139118,2022
PAYS BAS,Union européenne,import,2020,277285,1218204,2022
PAYS BAS,Union européenne,import,2021,259995,896064,2022
PAYS BAS,Union européenne,import,2022,389292,883594,2022
POLOGNE,Union européenne,import,2018,33936,37646,2022
POLOGNE,Union européenne,import,2019,47648,35736,2022
POLOGNE,Union européenne,import,2020,52564,16033,2022
POLOGNE,Union européenne,import,2021,53866,28171,2022
POLOGNE,Union européenne,import,2022,73765,50525,2022
PORTUGAL,Union européenne,import,2018,24903,79839,2022
PORTUGAL,Union européenne,import,2019,22282,45322,2022
PORTUGAL,Union européenne,import,2020,16415,24743,2022
PORTUGAL,Union européenne,import,2021,23905,27847,2022
PORTUGAL,Union européenne,import,2022,28936,36967,2022
REPUBLIQUE D'ESTONIE,Union européenne,import,2018,32,123,2022
REPUBLIQUE D'ESTONIE,Union européenne,import,2019,97,153,2022
REPUBLIQUE D'ESTONIE,Union européenne,import,2020,65,14,2022
REPUBLIQUE D'ESTONIE,Union européenne,import,2021,92,71,2022
REPUBLIQUE D'ESTONIE,Union européenne,import,2022,68,12,2022
REPUBLIQUE DE LETTONIE,Union européenne,import,2018,193,385,2022
REPUBLIQUE DE LETTONIE,Union européenne,import,2019,21,57,2022
REPUBLIQUE DE LETTONIE,Union européenne,import,2020,118,283,2022
REPUBLIQUE DE LETTONIE,Union européenne,import,2021,17,50,2022
REPUBLIQUE DE LETTONIE,Union européenne,import,2022,3351,1883,2022
REPUBLIQUE DE LITUANIE,Union européenne,import,2018,1086,3562,2022
REPUBLIQUE DE LITUANIE,Union européenne,import,2019,1564,1720,2022
REPUBLIQUE DE LITUANIE,Union européenne,import,2020,4451,26667,2022
REPUBLIQUE DE LITUANIE,Union européenne,import,2021,6544,31696,2022
REPUBLIQUE DE LITUANIE,Union européenne,import,2022,25592,81013,2022
REPUBLIQUE DE SLOVAQUIE,Union européenne,import,2018,1949,525,2022
REPUBLIQUE DE SLOVAQUIE,Union européenne,import,2019,2928,2325,2022
REPUBLIQUE DE SLOVAQUIE,Union européenne,import,2020,1966,1824,2022
REPUBLIQUE DE SLOVAQUIE,Union européenne,import,2021,2102,426,2022
REPUBLIQUE DE SLOVAQUIE,Union européenne,import,2022,2804,1015,2022
REPUBLIQUE TCHEQUE,Union européenne,import,2018,2186,3109,2022
REPUBLIQUE TCHEQUE,Union européenne,import,2019,2290,3017,2022
REPUBLIQUE TCHEQUE,Union européenne,import,2020,2612,2784,2022
REPUBLIQUE TCHEQUE,Union européenne,import,2021,9181,37748,2022
REPUBLIQUE TCHEQUE,Union européenne,import,2022,8420,2540,2022
ROUMANIE,Union européenne,import,2018,8094,39236,2022
ROUMANIE,Union européenne,import,2019,3992,4148,2022
ROUMANIE,Union européenne,import,2020,4529,8324,2022
ROUMANIE,Union européenne,import,2021,4670,4086,2022
ROUMANIE,Union européenne,import,2022,5376,3344,2022
ROYAUME UNI,Union européenne,import,2018,38395,62830,2022
ROYAUME UNI,Union européenne,import,2019,36311,59456,2022
ROYAUME UNI,Union européenne,import,2020,36058,48272,2022
ROYAUME UNI,Union européenne,import,2021,69035,118695,2022
ROYAUME UNI,Union européenne,import,2022,97455,75398,2022
SLOVENIE,Union européenne,import,2018,1327,491,2022
SLOVENIE,Union européenne,import,2019,611,477,2022
SLOVENIE,Union européenne,import,2020,911,1291,2022
SLOVENIE,Union européenne,import,2021,877,2206,2022
SLOVENIE,Union européenne,import,2022,1190,3444,2022
SUEDE,Union européenne,import,2018,12433,14151,2022
SUEDE,Union européenne,import,2019,15114,16361,2022
SUEDE,Union européenne,import,2020,16812,26565,2022
SUEDE,Union européenne,import,2021,27041,22447,2022
SUEDE,Union européenne,import,2022,26303,17983,2022
ALBANIE,Autres pays d'Europe,import,2018,3208,3116,2022
ALBANIE,Autres pays d'Europe,import,2019,2908,3333,2022
ALBANIE,Autres pays d'Europe,import,2020,4942,3944,2022
ALBANIE,Autres pays d'Europe,import,2021,10532,168431,2022
ALBANIE,Autres pays d'Europe,import,2022,5236,7843,2022
ANDORRE,Autres pays d'Europe,import,2018,21,90,2022
ANDORRE,Autres pays d'Europe,import,2019,28,60,2022
ANDORRE,Autres pays d'Europe,import,2020,8,4,2022
ANDORRE,Autres pays d'Europe,import,2021,7,19,2022
ANDORRE,Autres pays d'Europe,import,2022,5,3,2022
ARMENIE,Autres pays d'Europe,import,2018,25,14,2022
ARMENIE,Autres pays d'Europe,import,2019,152,122,2022
ARMENIE,Autres pays d'Europe,import,2020,36,45,2022
ARMENIE,Autres pays d'Europe,import,2021,16,14,2022
ARMENIE,Autres pays d'Europe,import,2022,22,0,2022
BOSNIE-HERZEGOVINE,Autres pays d'Europe,import,2018,37,140,2022
BOSNIE-HERZEGOVINE,Autres pays d'Europe,import,2019,5,18,2022
BOSNIE-HERZEGOVINE,Autres pays d'Europe,import,2020,25,158,2022
BOSNIE-HERZEGOVINE,Autres pays d'Europe,import,2021,23,12,2022
BOSNIE-HERZEGOVINE,Autres pays d'Europe,import,2022,1918,4073,2022
CROATIE,Autres pays d'Europe,import,2018,,,2022
CROATIE,Autres pays d'Europe,import,2019,580,1846,2022
CROATIE,Autres pays d'Europe,import,2020,457,934,2022
CROATIE,Autres pays d'Europe,import,2021,488,842,2022
CROATIE,Autres pays d'Europe,import,2022,1482,2590,2022
EX-YOUGOSLAVIE,Autres pays d'Europe,import,2018,11,29,2022
EX-YOUGOSLAVIE,Autres pays d'Europe,import,2019,242,547,2022
EX-YOUGOSLAVIE,Autres pays d'Europe,import,2020,277,53,2022
EX-YOUGOSLAVIE,Autres pays d'Europe,import,2021,61,73,2022
EX-YOUGOSLAVIE,Autres pays d'Europe,import,2022,67,308,2022
HELGOLAND,Autres pays d'Europe,import,2018,786,2735,2022
HELGOLAND,Autres pays d'Europe,import,2019,415,198,2022
HELGOLAND,Autres pays d'Europe,import,2020,204,90,2022
HELGOLAND,Autres pays d'Europe,import,2021,231,124,2022
HELGOLAND,Autres pays d'Europe,import,2022,226,129,2022
ISLANDE,Autres pays d'Europe,import,2018,2213,627,2022
ISLANDE,Autres pays d'Europe,import,2019,2360,490,2022
ISLANDE,Autres pays d'Europe,import,2020,3361,781,2022
ISLANDE,Autres pays d'Europe,import,2021,8709,1172,2022
ISLANDE,Autres pays d'Europe,import,2022,9414,3015,2022
MONTENEGRO,Autres pays d'Europe,import,2018,491,350,2022
MONTENEGRO,Autres pays d'Europe,import,2019,34,73,2022
MONTENEGRO,Autres pays d'Europe,import,2020,121,51,2022
MONTENEGRO,Autres pays d'Europe,import,2021,64,58,2022
MONTENEGRO,Autres pays d'Europe,import,2022,148,18,2022
NORVEGE,Autres pays d'Europe,import,2018,2064,5245,2022
NORVEGE,Autres pays d'Europe,import,2019,4909,13911,2022
NORVEGE,Autres pays d'Europe,import,2020,12720,46188,2022
NORVEGE,Autres pays d'Europe,import,2021,29838,67639,2022
NORVEGE,Autres pays d'Europe,import,2022,54692,72840,2022
REPUBLIQUE D'AZERBADJAN,Autres pays d'Europe,import,2018,765,124,2022
REPUBLIQUE D'AZERBADJAN,Autres pays d'Europe,import,2019,733,178,2022
REPUBLIQUE D'AZERBADJAN,Autres pays d'Europe,import,2020,83,145,2022
REPUBLIQUE D'AZERBADJAN,Autres pays d'Europe,import,2021,576,553,2022
REPUBLIQUE D'AZERBADJAN,Autres pays d'Europe,import,2022,86,675,2022
REPUBLIQUE D'UKRAINE,Autres pays d'Europe,import,2018,108187,418588,2022
REPUBLIQUE D'UKRAINE,Autres pays d'Europe,import,2019,84660,298352,2022
REPUBLIQUE D'UKRAINE,Autres pays d'Europe,import,2020,62117,222474,2022
REPUBLIQUE D'UKRAINE,Autres pays d'Europe,import,2021,72667,198648,2022
REPUBLIQUE D'UKRAINE,Autres pays d'Europe,import,2022,31451,73200,2022
REPUBLIQUE DE BIELORUSSIE,Autres pays d'Europe,import,2018,2336,8213,2022
REPUBLIQUE DE BIELORUSSIE,Autres pays d'Europe,import,2019,7183,32599,2022
REPUBLIQUE DE BIELORUSSIE,Autres pays d'Europe,import,2020,5845,35973,2022
REPUBLIQUE DE BIELORUSSIE,Autres pays d'Europe,import,2021,6106,27420,2022
REPUBLIQUE DE BIELORUSSIE,Autres pays d'Europe,import,2022,144,204,2022
REPUBLIQUE DE GEORGIE,Autres pays d'Europe,import,2018,2585,27241,2022
REPUBLIQUE DE GEORGIE,Autres pays d'Europe,import,2019,208,208,2022
REPUBLIQUE DE GEORGIE,Autres pays d'Europe,import,2020,223,172,2022
REPUBLIQUE DE GEORGIE,Autres pays d'Europe,import,2021,268,123,2022
REPUBLIQUE DE GEORGIE,Autres pays d'Europe,import,2022,329,873,2022
REPUBLIQUE DE KAZAKSTAN,Autres pays d'Europe,import,2018,,,2022
REPUBLIQUE DE KAZAKSTAN,Autres pays d'Europe,import,2019,7003,101702,2022
REPUBLIQUE DE KAZAKSTAN,Autres pays d'Europe,import,2020,1524,34560,2022
REPUBLIQUE DE KAZAKSTAN,Autres pays d'Europe,import,2021,28598,273744,2022
REPUBLIQUE DE KAZAKSTAN,Autres pays d'Europe,import,2022,29318,82956,2022
RUSSIE,Autres pays d'Europe,import,2018,133028,929581,2022
RUSSIE,Autres pays d'Europe,import,2019,213287,1125837,2022
RUSSIE,Autres pays d'Europe,import,2020,203229,1477914,2022
RUSSIE,Autres pays d'Europe,import,2021,307647,1519027,2022
RUSSIE,Autres pays d'Europe,import,2022,439903,1021834,2022
SUISSE,Autres pays d'Europe,import,2018,31680,65548,2022
SUISSE,Autres pays d'Europe,import,2019,52387,68520,2022
SUISSE,Autres pays d'Europe,import,2020,69432,122795,2022
SUISSE,Autres pays d'Europe,import,2021,40068,65611,2022
SUISSE,Autres pays d'Europe,import,2022,68469,123531,2022
TRIESTE,Autres pays d'Europe,import,2018,42,98,2022
TRIESTE,Autres pays d'Europe,import,2019,27,79,2022
TRIESTE,Autres pays d'Europe,import,2020,21,73,2022
TRIESTE,Autres pays d'Europe,import,2021,23,56,2022
TRIESTE,Autres pays d'Europe,import,2022,52,91,2022
TURQUIE,Autres pays d'Europe,import,2018,210399,862045,2022
TURQUIE,Autres pays d'Europe,import,2019,177750,806420,2022
TURQUIE,Autres pays d'Europe,import,2020,159993,627603,2022
TURQUIE,Autres pays d'Europe,import,2021,229431,430235,2022
TURQUIE,Autres pays d'Europe,import,2022,251834,500441,2022
CAMEROUN,Afrique centrale,import,2018,13655,53855,2022
CAMEROUN,Afrique centrale,import,2019,18863,67304,2022
CAMEROUN,Afrique centrale,import,2020,11415,53791,2022
CAMEROUN,Afrique centrale,import,2021,14302,64484,2022
CAMEROUN,Afrique centrale,import,2022,14018,64612,2022
CENTRE AFRIQUE,Afrique centrale,import,2018,0,0,2022
CENTRE AFRIQUE,Afrique centrale,import,2019,8,1,2022
CENTRE AFRIQUE,Afrique centrale,import,2020,1467,296,2022
CENTRE AFRIQUE,Afrique centrale,import,2021,353,70,2022
CENTRE AFRIQUE,Afrique centrale,import,2022,36,127,2022
CONGO,Afrique centrale,import,2018,1117,4967,2022
CONGO,Afrique centrale,import,2019,433,542,2022
CONGO,Afrique centrale,import,2020,389,1422,2022
CONGO,Afrique centrale,import,2021,1219,3905,2022
CONGO,Afrique centrale,import,2022,2326,4021,2022
CONGO DEMOCRATIQUE,Afrique centrale,import,2018,91,198,2022
CONGO DEMOCRATIQUE,Afrique centrale,import,2019,572,5634,2022
CONGO DEMOCRATIQUE,Afrique centrale,import,2020,685,6341,2022
CONGO DEMOCRATIQUE,Afrique centrale,import,2021,715,4219,2022
CONGO DEMOCRATIQUE,Afrique centrale,import,2022,850,7179,2022
GABON,Afrique centrale,import,2018,176,487,2022
GABON,Afrique centrale,import,2019,396,2155,2022
GABON,Afrique centrale,import,2020,482,2625,2022
GABON,Afrique centrale,import,2021,2078,5376,2022
GABON,Afrique centrale,import,2022,2778,5708,2022
GUINEE EQUATORIALE,Afrique centrale,import,2018,59,225,2022
GUINEE EQUATORIALE,Afrique centrale,import,2019,2386,8327,2022
GUINEE EQUATORIALE,Afrique centrale,import,2020,,,2022
GUINEE EQUATORIALE,Afrique centrale,import,2021,2,20,2022
GUINEE EQUATORIALE,Afrique centrale,import,2022,,,2022
RWANDA,Afrique centrale,import,2018,,,2022
RWANDA,Afrique centrale,import,2019,413,213,2022
RWANDA,Afrique centrale,import,2020,4,0,2022
RWANDA,Afrique centrale,import,2021,130,20,2022
RWANDA,Afrique centrale,import,2022,,,2022
SAINT THOMAS ILE DU PRINCE,Afrique centrale,import,2018,,,2022
SAINT THOMAS ILE DU PRINCE,Afrique centrale,import,2019,,,2022
SAINT THOMAS ILE DU PRINCE,Afrique centrale,import,2020,,,2022
SAINT THOMAS ILE DU PRINCE,Afrique centrale,import,2021,588,113,2022
SAINT THOMAS ILE DU PRINCE,Afrique centrale,import,2022,11,29,2022
ALGERIE,Afrique du Nord,import,2018,4451,50372,2022
ALGERIE,Afrique du Nord,import,2019,3661,90248,2022
ALGERIE,Afrique du Nord,import,2020,15173,432861,2022
ALGERIE,Afrique du Nord,import,2021,21678,347548,2022
ALGERIE,Afrique du Nord,import,2022,36621,625545,2022
EGYPTE,Afrique du Nord,import,2018,12817,30451,2022
EGYPTE,Afrique du Nord,import,2019,20874,51164,2022
EGYPTE,Afrique du Nord,import,2020,20415,48419,2022
EGYPTE,Afrique du Nord,import,2021,36182,353600,2022
EGYPTE,Afrique du Nord,import,2022,52967,401323,2022
ILES CANARIES,Afrique du Nord,import,2018,,,2022
ILES CANARIES,Afrique du Nord,import,2019,0,0,2022
ILES CANARIES,Afrique du Nord,import,2020,,,2022
ILES CANARIES,Afrique du Nord,import,2021,3,28,2022
ILES CANARIES,Afrique du Nord,import,2022,,,2022
LIBYE,Afrique du Nord,import,2018,2775,17864,2022
LIBYE,Afrique du Nord,import,2019,20,10,2022
LIBYE,Afrique du Nord,import,2020,3,2,2022
LIBYE,Afrique du Nord,import,2021,181,662,2022
LIBYE,Afrique du Nord,import,2022,1581,2238,2022
MAROC,Afrique du Nord,import,2018,65612,105336,2022
MAROC,Afrique du Nord,import,2019,74829,151039,2022
MAROC,Afrique du Nord,import,2020,84614,138461,2022
MAROC,Afrique du Nord,import,2021,91500,166530,2022
MAROC,Afrique du Nord,import,2022,92360,208905,2022
SOUDAN,Afrique du Nord,import,2018,259,242,2022
SOUDAN,Afrique du Nord,import,2019,6230,2069,2022
SOUDAN,Afrique du Nord,import,2020,997,2217,2022
SOUDAN,Afrique du Nord,import,2021,6610,788,2022
SOUDAN,Afrique du Nord,import,2022,482,302,2022
TUNISIE,Afrique du Nord,import,2018,24812,92110,2022
TUNISIE,Afrique du Nord,import,2019,27239,96524,2022
TUNISIE,Afrique du Nord,import,2020,22771,112301,2022
TUNISIE,Afrique du Nord,import,2021,26989,123743,2022
TUNISIE,Afrique du Nord,import,2022,28385,130444,2022
BENIN,Afrique occidentale,import,2018,480,1712,2022
BENIN,Afrique occidentale,import,2019,459,905,2022
BENIN,Afrique occidentale,import,2020,937,1152,2022
BENIN,Afrique occidentale,import,2021,1221,3775,2022
BENIN,Afrique occidentale,import,2022,384,369,2022
BURKINA FASO,Afrique occidentale,import,2018,8,3,2022
BURKINA FASO,Afrique occidentale,import,2019,245,1067,2022
BURKINA FASO,Afrique occidentale,import,2020,316,247,2022
BURKINA FASO,Afrique occidentale,import,2021,387,581,2022
BURKINA FASO,Afrique occidentale,import,2022,884,69,2022
COTE D'IVOIRE,Afrique occidentale,import,2018,49777,125637,2022
COTE D'IVOIRE,Afrique occidentale,import,2019,55198,140726,2022
COTE D'IVOIRE,Afrique occidentale,import,2020,58708,138706,2022
COTE D'IVOIRE,Afrique occidentale,import,2021,58199,127975,2022
COTE D'IVOIRE,Afrique occidentale,import,2022,72860,114595,2022
GAMBIE,Afrique occidentale,import,2018,4569,9995,2022
GAMBIE,Afrique occidentale,import,2019,1792,1946,2022
GAMBIE,Afrique occidentale,import,2020,10441,21054,2022
GAMBIE,Afrique occidentale,import,2021,3882,6103,2022
GAMBIE,Afrique occidentale,import,2022,2219,3592,2022
GHANA,Afrique occidentale,import,2018,23436,49322,2022
GHANA,Afrique occidentale,import,2019,42970,83342,2022
GHANA,Afrique occidentale,import,2020,62779,113965,2022
GHANA,Afrique occidentale,import,2021,41477,67257,2022
GHANA,Afrique occidentale,import,2022,43571,73357,2022
GUINEE BISSAU,Afrique occidentale,import,2018,5,3,2022
GUINEE BISSAU,Afrique occidentale,import,2019,10,44,2022
GUINEE BISSAU,Afrique occidentale,import,2020,23,8,2022
GUINEE BISSAU,Afrique occidentale,import,2021,212,397,2022
GUINEE BISSAU,Afrique occidentale,import,2022,139,261,2022
GUINEE REPUBLIQUE,Afrique occidentale,import,2018,5739,15378,2022
GUINEE REPUBLIQUE,Afrique occidentale,import,2019,1068,2399,2022
GUINEE REPUBLIQUE,Afrique occidentale,import,2020,1321,4865,2022
GUINEE REPUBLIQUE,Afrique occidentale,import,2021,1915,14179,2022
GUINEE REPUBLIQUE,Afrique occidentale,import,2022,7797,26164,2022
ILES DU CAP VERT,Afrique occidentale,import,2018,6,19,2022
ILES DU CAP VERT,Afrique occidentale,import,2019,402,867,2022
ILES DU CAP VERT,Afrique occidentale,import,2020,273,832,2022
ILES DU CAP VERT,Afrique occidentale,import,2021,1770,4275,2022
ILES DU CAP VERT,Afrique occidentale,import,2022,2592,3999,2022
LIBERIA,Afrique occidentale,import,2018,10,33,2022
LIBERIA,Afrique occidentale,import,2019,8,22,2022
LIBERIA,Afrique occidentale,import,2020,3277,7592,2022
LIBERIA,Afrique occidentale,import,2021,1598,5253,2022
LIBERIA,Afrique occidentale,import,2022,759,1430,2022
MALI,Afrique occidentale,import,2018,1046,4040,2022
MALI,Afrique occidentale,import,2019,1875,2381,2022
MALI,Afrique occidentale,import,2020,1573,1452,2022
MALI,Afrique occidentale,import,2021,2270,5369,2022
MALI,Afrique occidentale,import,2022,891,1057,2022
MAURITANIE,Afrique occidentale,import,2018,6957,16322,2022
MAURITANIE,Afrique occidentale,import,2019,3339,6116,2022
MAURITANIE,Afrique occidentale,import,2020,7961,22773,2022
MAURITANIE,Afrique occidentale,import,2021,2295,3548,2022
MAURITANIE,Afrique occidentale,import,2022,6611,12157,2022
NIGER,Afrique occidentale,import,2018,535,348,2022
NIGER,Afrique occidentale,import,2019,974,580,2022
NIGER,Afrique occidentale,import,2020,220,343,2022
NIGER,Afrique occidentale,import,2021,460,155,2022
NIGER,Afrique occidentale,import,2022,50,100,2022
NIGERIA,Afrique occidentale,import,2018,388949,1146885,2022
NIGERIA,Afrique occidentale,import,2019,245564,806262,2022
NIGERIA,Afrique occidentale,import,2020,257198,1067905,2022
NIGERIA,Afrique occidentale,import,2021,287563,1040221,2022
NIGERIA,Afrique occidentale,import,2022,331199,655773,2022
SIERRA LEONE,Afrique occidentale,import,2018,6346,15563,2022
SIERRA LEONE,Afrique occidentale,import,2019,4115,10847,2022
SIERRA LEONE,Afrique occidentale,import,2020,2514,4903,2022
SIERRA LEONE,Afrique occidentale,import,2021,9496,18522,2022
SIERRA LEONE,Afrique occidentale,import,2022,9801,16358,2022
TCHAD,Afrique occidentale,import,2018,,,2022
TCHAD,Afrique occidentale,import,2019,1,2,2022
TCHAD,Afrique occidentale,import,2020,86,2,2022
TCHAD,Afrique occidentale,import,2021,2,0,2022
TCHAD,Afrique occidentale,import,2022,1,5,2022
TOGO,Afrique occidentale,import,2018,21422,85374,2022
TOGO,Afrique occidentale,import,2019,23912,65326,2022
TOGO,Afrique occidentale,import,2020,22541,60367,2022
TOGO,Afrique occidentale,import,2021,17419,43796,2022
TOGO,Afrique occidentale,import,2022,8997,8971,2022
AFRIQUE DU SUD,Afrique orientale et du Sud,import,2018,71040,621986,2022
AFRIQUE DU SUD,Afrique orientale et du Sud,import,2019,58800,464046,2022
AFRIQUE DU SUD,Afrique orientale et du Sud,import,2020,49153,318437,2022
AFRIQUE DU SUD,Afrique orientale et du Sud,import,2021,77200,368282,2022
AFRIQUE DU SUD,Afrique orientale et du Sud,import,2022,111772,479473,2022
ANGOLA,Afrique orientale et du Sud,import,2018,1055,6215,2022
ANGOLA,Afrique orientale et du Sud,import,2019,287,600,2022
ANGOLA,Afrique orientale et du Sud,import,2020,3046,14712,2022
ANGOLA,Afrique orientale et du Sud,import,2021,2471,10028,2022
ANGOLA,Afrique orientale et du Sud,import,2022,2466,9417,2022
BURUNDI,Afrique orientale et du Sud,import,2018,,,2022
BURUNDI,Afrique orientale et du Sud,import,2019,,,2022
BURUNDI,Afrique orientale et du Sud,import,2020,,,2022
BURUNDI,Afrique orientale et du Sud,import,2021,21,2,2022
BURUNDI,Afrique orientale et du Sud,import,2022,,,2022
DJIBOUTI,Afrique orientale et du Sud,import,2018,134,257,2022
DJIBOUTI,Afrique orientale et du Sud,import,2019,9,3,2022
DJIBOUTI,Afrique orientale et du Sud,import,2020,20,30,2022
DJIBOUTI,Afrique orientale et du Sud,import,2021,22,29,2022
DJIBOUTI,Afrique orientale et du Sud,import,2022,5,4,2022
ETHIOPIE,Afrique orientale et du Sud,import,2018,16,23,2022
ETHIOPIE,Afrique orientale et du Sud,import,2019,62,14,2022
ETHIOPIE,Afrique orientale et du Sud,import,2020,92,6,2022
ETHIOPIE,Afrique orientale et du Sud,import,2021,59,14,2022
ETHIOPIE,Afrique orientale et du Sud,import,2022,46,17,2022
ILE STE HELENE,Afrique orientale et du Sud,import,2018,73,84,2022
ILE STE HELENE,Afrique orientale et du Sud,import,2019,292,21,2022
ILE STE HELENE,Afrique orientale et du Sud,import,2020,21,94,2022
ILE STE HELENE,Afrique orientale et du Sud,import,2021,2,1,2022
ILE STE HELENE,Afrique orientale et du Sud,import,2022,652,4869,2022
ILES MAURICE,Afrique orientale et du Sud,import,2018,967,225,2022
ILES MAURICE,Afrique orientale et du Sud,import,2019,352,63,2022
ILES MAURICE,Afrique orientale et du Sud,import,2020,714,128,2022
ILES MAURICE,Afrique orientale et du Sud,import,2021,721,598,2022
ILES MAURICE,Afrique orientale et du Sud,import,2022,650,187,2022
KENYA,Afrique orientale et du Sud,import,2018,286,340,2022
KENYA,Afrique orientale et du Sud,import,2019,724,403,2022
KENYA,Afrique orientale et du Sud,import,2020,632,714,2022
KENYA,Afrique orientale et du Sud,import,2021,2117,516,2022
KENYA,Afrique orientale et du Sud,import,2022,334,341,2022
MADAGASCAR,Afrique orientale et du Sud,import,2018,96,4,2022
MADAGASCAR,Afrique orientale et du Sud,import,2019,63,1,2022
MADAGASCAR,Afrique orientale et du Sud,import,2020,60,8,2022
MADAGASCAR,Afrique orientale et du Sud,import,2021,74,13,2022
MADAGASCAR,Afrique orientale et du Sud,import,2022,32,153,2022
MALAWI,Afrique orientale et du Sud,import,2018,167,218,2022
MALAWI,Afrique orientale et du Sud,import,2019,243,556,2022
MALAWI,Afrique orientale et du Sud,import,2020,131,159,2022
MALAWI,Afrique orientale et du Sud,import,2021,182,306,2022
MALAWI,Afrique orientale et du Sud,import,2022,177,174,2022
MOZAMBIQUE,Afrique orientale et du Sud,import,2018,10328,182392,2022
MOZAMBIQUE,Afrique orientale et du Sud,import,2019,8185,155251,2022
MOZAMBIQUE,Afrique orientale et du Sud,import,2020,3029,80796,2022
MOZAMBIQUE,Afrique orientale et du Sud,import,2021,4310,80189,2022
MOZAMBIQUE,Afrique orientale et du Sud,import,2022,26249,205554,2022
NAMIBIE,Afrique orientale et du Sud,import,2018,19,15,2022
NAMIBIE,Afrique orientale et du Sud,import,2019,12,28,2022
NAMIBIE,Afrique orientale et du Sud,import,2020,,,2022
NAMIBIE,Afrique orientale et du Sud,import,2021,,,2022
NAMIBIE,Afrique orientale et du Sud,import,2022,15811,19170,2022
OUGANDA,Afrique orientale et du Sud,import,2018,27,78,2022
OUGANDA,Afrique orientale et du Sud,import,2019,302,182,2022
OUGANDA,Afrique orientale et du Sud,import,2020,187,164,2022
OUGANDA,Afrique orientale et du Sud,import,2021,143,198,2022
OUGANDA,Afrique orientale et du Sud,import,2022,369,230,2022
REPUBLIQUE DE SOMALIE,Afrique orientale et du Sud,import,2018,130,247,2022
REPUBLIQUE DE SOMALIE,Afrique orientale et du Sud,import,2019,793,1004,2022
REPUBLIQUE DE SOMALIE,Afrique orientale et du Sud,import,2020,1764,1542,2022
REPUBLIQUE DE SOMALIE,Afrique orientale et du Sud,import,2021,2105,2318,2022
REPUBLIQUE DE SOMALIE,Afrique orientale et du Sud,import,2022,2014,2120,2022
REUNION,Afrique orientale et du Sud,import,2018,52,81,2022
REUNION,Afrique orientale et du Sud,import,2019,4,17,2022
REUNION,Afrique orientale et du Sud,import,2020,70,48,2022
REUNION,Afrique orientale et du Sud,import,2021,81,58,2022
REUNION,Afrique orientale et du Sud,import,2022,16,2,2022
SEYCHELLES,Afrique orientale et du Sud,import,2018,61,111,2022
SEYCHELLES,Afrique orientale et du Sud,import,2019,13,1,2022
SEYCHELLES,Afrique orientale et du Sud,import,2020,,,2022
SEYCHELLES,Afrique orientale et du Sud,import,2021,237,13,2022
SEYCHELLES,Afrique orientale et du Sud,import,2022,896,51,2022
SWAZILAND,Afrique orientale et du Sud,import,2018,315,357,2022
SWAZILAND,Afrique orientale et du Sud,import,2019,439,69,2022
SWAZILAND,Afrique orientale et du Sud,import,2020,24,21,2022
SWAZILAND,Afrique orientale et du Sud,import,2021,106,67,2022
SWAZILAND,Afrique orientale et du Sud,import,2022,456,483,2022
TANZANIE,Afrique orientale et du Sud,import,2018,314,187,2022
TANZANIE,Afrique orientale et du Sud,import,2019,79,63,2022
TANZANIE,Afrique orientale et du Sud,import,2020,118,175,2022
TANZANIE,Afrique orientale et du Sud,import,2021,167,155,2022
TANZANIE,Afrique orientale et du Sud,import,2022,12658,84226,2022
ZAMBIE,Afrique orientale et du Sud,import,2018,1,0,2022
ZAMBIE,Afrique orientale et du Sud,import,2019,19,0,2022
ZAMBIE,Afrique orientale et du Sud,import,2020,48,55,2022
ZAMBIE,Afrique orientale et du Sud,import,2021,,,2022
ZAMBIE,Afrique orientale et du Sud,import,2022,84,26,2022
ZIMBABWE,Afrique orientale et du Sud,import,2018,4,1,2022
ZIMBABWE,Afrique orientale et du Sud,import,2019,,,2022
ZIMBABWE,Afrique orientale et du Sud,import,2020,,,2022
ZIMBABWE,Afrique orientale et du Sud,import,2021,,,2022
ZIMBABWE,Afrique orientale et du Sud,import,2022,6,3,2022
CANADA,Amérique du Nord,import,2018,17811,40495,2022
CANADA,Amérique du Nord,import,2019,21203,43482,2022
CANADA,Amérique du Nord,import,2020,23312,40469,2022
CANADA,Amérique du Nord,import,2021,27818,42202,2022
CANADA,Amérique du Nord,import,2022,20753,25162,2022
ETATS UNIS D'AMERIQUE,Amérique du Nord,import,2018,112052,287694,2022
ETATS UNIS D'AMERIQUE,Amérique du Nord,import,2019,93605,121812,2022
ETATS UNIS D'AMERIQUE,Amérique du Nord,import,2020,117554,227337,2022
ETATS UNIS D'AMERIQUE,Amérique du Nord,import,2021,150365,225576,2022
ETATS UNIS D'AMERIQUE,Amérique du Nord,import,2022,206447,274653,2022
GROENLAND,Amérique du Nord,import,2018,37,150,2022
GROENLAND,Amérique du Nord,import,2019,,,2022
GROENLAND,Amérique du Nord,import,2020,,,2022
GROENLAND,Amérique du Nord,import,2021,,,2022
GROENLAND,Amérique du Nord,import,2022,,,2022
ANTIGUA-BARBUDA,Amérique centrale et du Sud,import,2018,109,565,2022
ANTIGUA-BARBUDA,Amérique centrale et du Sud,import,2019,3252,15468,2022
ANTIGUA-BARBUDA,Amérique centrale et du Sud,import,2020,1532,5946,2022
ANTIGUA-BARBUDA,Amérique centrale et du Sud,import,2021,2187,5923,2022
ANTIGUA-BARBUDA,Amérique centrale et du Sud,import,2022,415,2145,2022
ARGENTINE,Amérique centrale et du Sud,import,2018,66126,467171,2022
ARGENTINE,Amérique centrale et du Sud,import,2019,60034,432636,2022
ARGENTINE,Amérique centrale et du Sud,import,2020,57466,385136,2022
ARGENTINE,Amérique centrale et du Sud,import,2021,102790,542237,2022
ARGENTINE,Amérique centrale et du Sud,import,2022,189434,698606,2022
BOLIVIE,Amérique centrale et du Sud,import,2018,,,2022
BOLIVIE,Amérique centrale et du Sud,import,2019,,,2022
BOLIVIE,Amérique centrale et du Sud,import,2020,265,1005,2022
BOLIVIE,Amérique centrale et du Sud,import,2021,,,2022
BOLIVIE,Amérique centrale et du Sud,import,2022,6,0,2022
BRESIL,Amérique centrale et du Sud,import,2018,62045,235627,2022
BRESIL,Amérique centrale et du Sud,import,2019,72226,205358,2022
BRESIL,Amérique centrale et du Sud,import,2020,98360,384993,2022
BRESIL,Amérique centrale et du Sud,import,2021,88817,243319,2022
BRESIL,Amérique centrale et du Sud,import,2022,114178,330594,2022
CHILI,Amérique centrale et du Sud,import,2018,190,247,2022
CHILI,Amérique centrale et du Sud,import,2019,543,972,2022
CHILI,Amérique centrale et du Sud,import,2020,431,594,2022
CHILI,Amérique centrale et du Sud,import,2021,398,503,2022
CHILI,Amérique centrale et du Sud,import,2022,346,237,2022
COLOMBIE,Amérique centrale et du Sud,import,2018,1439,238,2022
COLOMBIE,Amérique centrale et du Sud,import,2019,1646,339,2022
COLOMBIE,Amérique centrale et du Sud,import,2020,2287,5352,2022
COLOMBIE,Amérique centrale et du Sud,import,2021,3457,531,2022
COLOMBIE,Amérique centrale et du Sud,import,2022,5472,879,2022
COSTA RICA,Amérique centrale et du Sud,import,2018,563,820,2022
COSTA RICA,Amérique centrale et du Sud,import,2019,1015,1378,2022
COSTA RICA,Amérique centrale et du Sud,import,2020,229,498,2022
COSTA RICA,Amérique centrale et du Sud,import,2021,249,217,2022
COSTA RICA,Amérique centrale et du Sud,import,2022,1213,1318,2022
CUBA,Amérique centrale et du Sud,import,2018,650,3228,2022
CUBA,Amérique centrale et du Sud,import,2019,1139,5401,2022
CUBA,Amérique centrale et du Sud,import,2020,23,0,2022
CUBA,Amérique centrale et du Sud,import,2021,80,1,2022
CUBA,Amérique centrale et du Sud,import,2022,37,0,2022
EQUATEUR,Amérique centrale et du Sud,import,2018,14,12,2022
EQUATEUR,Amérique centrale et du Sud,import,2019,184,1070,2022
EQUATEUR,Amérique centrale et du Sud,import,2020,61,103,2022
EQUATEUR,Amérique centrale et du Sud,import,2021,,,2022
EQUATEUR,Amérique centrale et du Sud,import,2022,550,335,2022
GUADELOUPE,Amérique centrale et du Sud,import,2018,1,0,2022
GUADELOUPE,Amérique centrale et du Sud,import,2019,,,2022
GUADELOUPE,Amérique centrale et du Sud,import,2020,7,20,2022
GUADELOUPE,Amérique centrale et du Sud,import,2021,1,0,2022
GUADELOUPE,Amérique centrale et du Sud,import,2022,7,0,2022
GUATEMALA,Amérique centrale et du Sud,import,2018,575,2342,2022
GUATEMALA,Amérique centrale et du Sud,import,2019,1869,5129,2022
GUATEMALA,Amérique centrale et du Sud,import,2020,3382,10230,2022
GUATEMALA,Amérique centrale et du Sud,import,2021,4,0,2022
GUATEMALA,Amérique centrale et du Sud,import,2022,3,0,2022
GUYANA,Amérique centrale et du Sud,import,2018,19,1,2022
GUYANA,Amérique centrale et du Sud,import,2019,,,2022
GUYANA,Amérique centrale et du Sud,import,2020,,,2022
GUYANA,Amérique centrale et du Sud,import,2021,0,0,2022
GUYANA,Amérique centrale et du Sud,import,2022,,,2022
GUYANE FRANCAISE,Amérique centrale et du Sud,import,2018,,,2022
GUYANE FRANCAISE,Amérique centrale et du Sud,import,2019,,,2022
GUYANE FRANCAISE,Amérique centrale et du Sud,import,2020,,,2022
GUYANE FRANCAISE,Amérique centrale et du Sud,import,2021,21,36,2022
GUYANE FRANCAISE,Amérique centrale et du Sud,import,2022,,,2022
HAITI,Amérique centrale et du Sud,import,2018,,,2022
HAITI,Amérique centrale et du Sud,import,2019,19,44,2022
HAITI,Amérique centrale et du Sud,import,2020,12,27,2022
HAITI,Amérique centrale et du Sud,import,2021,17,51,2022
HAITI,Amérique centrale et du Sud,import,2022,14,51,2022
HONDURAS,Amérique centrale et du Sud,import,2018,13,14,2022
HONDURAS,Amérique centrale et du Sud,import,2019,8,18,2022
HONDURAS,Amérique centrale et du Sud,import,2020,19,32,2022
HONDURAS,Amérique centrale et du Sud,import,2021,25,94,2022
HONDURAS,Amérique centrale et du Sud,import,2022,164,90,2022
HONDURAS BRITANIQUE,Amérique centrale et du Sud,import,2018,109,235,2022
HONDURAS BRITANIQUE,Amérique centrale et du Sud,import,2019,263,152,2022
HONDURAS BRITANIQUE,Amérique centrale et du Sud,import,2020,39,191,2022
HONDURAS BRITANIQUE,Amérique centrale et du Sud,import,2021,461,1287,2022
HONDURAS BRITANIQUE,Amérique centrale et du Sud,import,2022,45,104,2022
ILES BERMUDES,Amérique centrale et du Sud,import,2018,0,0,2022
ILES BERMUDES,Amérique centrale et du Sud,import,2019,,,2022
ILES BERMUDES,Amérique centrale et du Sud,import,2020,,,2022
ILES BERMUDES,Amérique centrale et du Sud,import,2021,,,2022
ILES BERMUDES,Amérique centrale et du Sud,import,2022,,,2022
ILES BRAHAMAS,Amérique centrale et du Sud,import,2018,24,126,2022
ILES BRAHAMAS,Amérique centrale et du Sud,import,2019,139,180,2022
ILES BRAHAMAS,Amérique centrale et du Sud,import,2020,2044,276,2022
ILES BRAHAMAS,Amérique centrale et du Sud,import,2021,1,2,2022
ILES BRAHAMAS,Amérique centrale et du Sud,import,2022,10,0,2022
ILES CALQUES,Amérique centrale et du Sud,import,2018,12,21,2022
ILES CALQUES,Amérique centrale et du Sud,import,2019,41,44,2022
ILES CALQUES,Amérique centrale et du Sud,import,2020,7,4,2022
ILES CALQUES,Amérique centrale et du Sud,import,2021,32,18,2022
ILES CALQUES,Amérique centrale et du Sud,import,2022,20,7,2022
ILES FALKLAND (MALVINAS),Amérique centrale et du Sud,import,2018,,,2022
ILES FALKLAND (MALVINAS),Amérique centrale et du Sud,import,2019,15,77,2022
ILES FALKLAND (MALVINAS),Amérique centrale et du Sud,import,2020,,,2022
ILES FALKLAND (MALVINAS),Amérique centrale et du Sud,import,2021,922,435,2022
ILES FALKLAND (MALVINAS),Amérique centrale et du Sud,import,2022,1454,596,2022
ILES VIERGES DES USA,Amérique centrale et du Sud,import,2018,103,260,2022
ILES VIERGES DES USA,Amérique centrale et du Sud,import,2019,751,1766,2022
ILES VIERGES DES USA,Amérique centrale et du Sud,import,2020,4032,15451,2022
ILES VIERGES DES USA,Amérique centrale et du Sud,import,2021,1927,6716,2022
ILES VIERGES DES USA,Amérique centrale et du Sud,import,2022,257,550,2022
JAMAIQUE,Amérique centrale et du Sud,import,2018,0,0,2022
JAMAIQUE,Amérique centrale et du Sud,import,2019,,,2022
JAMAIQUE,Amérique centrale et du Sud,import,2020,,,2022
JAMAIQUE,Amérique centrale et du Sud,import,2021,,,2022
JAMAIQUE,Amérique centrale et du Sud,import,2022,,,2022
MARTINIQUE,Amérique centrale et du Sud,import,2018,,,2022
MARTINIQUE,Amérique centrale et du Sud,import,2019,,,2022
MARTINIQUE,Amérique centrale et du Sud,import,2020,,,2022
MARTINIQUE,Amérique centrale et du Sud,import,2021,,,2022
MARTINIQUE,Amérique centrale et du Sud,import,2022,,,2022
MEXIQUE,Amérique centrale et du Sud,import,2018,1723,547,2022
MEXIQUE,Amérique centrale et du Sud,import,2019,2610,753,2022
MEXIQUE,Amérique centrale et du Sud,import,2020,2892,913,2022
MEXIQUE,Amérique centrale et du Sud,import,2021,3141,1265,2022
MEXIQUE,Amérique centrale et du Sud,import,2022,8156,6621,2022
NICARAGUA,Amérique centrale et du Sud,import,2018,5,1,2022
NICARAGUA,Amérique centrale et du Sud,import,2019,1,0,2022
NICARAGUA,Amérique centrale et du Sud,import,2020,16,0,2022
NICARAGUA,Amérique centrale et du Sud,import,2021,114,425,2022
NICARAGUA,Amérique centrale et du Sud,import,2022,,,2022
PANAMA,Amérique centrale et du Sud,import,2018,40,73,2022
PANAMA,Amérique centrale et du Sud,import,2019,95,330,2022
PANAMA,Amérique centrale et du Sud,import,2020,922,43,2022
PANAMA,Amérique centrale et du Sud,import,2021,219,383,2022
PANAMA,Amérique centrale et du Sud,import,2022,38,140,2022
PARAGUAY,Amérique centrale et du Sud,import,2018,280,2342,2022
PARAGUAY,Amérique centrale et du Sud,import,2019,2270,12079,2022
PARAGUAY,Amérique centrale et du Sud,import,2020,1606,6533,2022
PARAGUAY,Amérique centrale et du Sud,import,2021,5780,32787,2022
PARAGUAY,Amérique centrale et du Sud,import,2022,2341,10064,2022
PEROU,Amérique centrale et du Sud,import,2018,260,75,2022
PEROU,Amérique centrale et du Sud,import,2019,319,588,2022
PEROU,Amérique centrale et du Sud,import,2020,184,147,2022
PEROU,Amérique centrale et du Sud,import,2021,79,119,2022
PEROU,Amérique centrale et du Sud,import,2022,89,166,2022
SAINT DOMINGUE,Amérique centrale et du Sud,import,2018,171,48,2022
SAINT DOMINGUE,Amérique centrale et du Sud,import,2019,3499,1432,2022
SAINT DOMINGUE,Amérique centrale et du Sud,import,2020,1507,233,2022
SAINT DOMINGUE,Amérique centrale et du Sud,import,2021,86,7,2022
SAINT DOMINGUE,Amérique centrale et du Sud,import,2022,1196,140,2022
SALVADOR,Amérique centrale et du Sud,import,2018,2,2,2022
SALVADOR,Amérique centrale et du Sud,import,2019,3,2,2022
SALVADOR,Amérique centrale et du Sud,import,2020,,,2022
SALVADOR,Amérique centrale et du Sud,import,2021,,,2022
SALVADOR,Amérique centrale et du Sud,import,2022,,,2022
ST VINCENT-ILES GRENADINES,Amérique centrale et du Sud,import,2018,,,2022
ST VINCENT-ILES GRENADINES,Amérique centrale et du Sud,import,2019,,,2022
ST VINCENT-ILES GRENADINES,Amérique centrale et du Sud,import,2020,,,2022
ST VINCENT-ILES GRENADINES,Amérique centrale et du Sud,import,2021,,,2022
ST VINCENT-ILES GRENADINES,Amérique centrale et du Sud,import,2022,,,2022
SURINAM,Amérique centrale et du Sud,import,2018,89,120,2022
SURINAM,Amérique centrale et du Sud,import,2019,43,19,2022
SURINAM,Amérique centrale et du Sud,import,2020,6,15,2022
SURINAM,Amérique centrale et du Sud,import,2021,26,4,2022
SURINAM,Amérique centrale et du Sud,import,2022,62,135,2022
TRINIDAD ET TOBAGO,Amérique centrale et du Sud,import,2018,7779,19613,2022
TRINIDAD ET TOBAGO,Amérique centrale et du Sud,import,2019,3551,9000,2022
TRINIDAD ET TOBAGO,Amérique centrale et du Sud,import,2020,3255,12084,2022
TRINIDAD ET TOBAGO,Amérique centrale et du Sud,import,2021,2761,10293,2022
TRINIDAD ET TOBAGO,Amérique centrale et du Sud,import,2022,6483,12325,2022
URUGUAY,Amérique centrale et du Sud,import,2018,4041,19542,2022
URUGUAY,Amérique centrale et du Sud,import,2019,12276,128557,2022
URUGUAY,Amérique centrale et du Sud,import,2020,7251,31749,2022
URUGUAY,Amérique centrale et du Sud,import,2021,6473,24353,2022
URUGUAY,Amérique centrale et du Sud,import,2022,850,631,2022
VENEZUELA,Amérique centrale et du Sud,import,2018,13,14,2022
VENEZUELA,Amérique centrale et du Sud,import,2019,306,49,2022
VENEZUELA,Amérique centrale et du Sud,import,2020,98,18,2022
VENEZUELA,Amérique centrale et du Sud,import,2021,1329,61,2022
VENEZUELA,Amérique centrale et du Sud,import,2022,591,79,2022
ARABIE SEOUDITE,Asie occidentale,import,2018,17960,23463,2022
ARABIE SEOUDITE,Asie occidentale,import,2019,14530,20548,2022
ARABIE SEOUDITE,Asie occidentale,import,2020,14397,23849,2022
ARABIE SEOUDITE,Asie occidentale,import,2021,34446,142019,2022
ARABIE SEOUDITE,Asie occidentale,import,2022,59519,127458,2022
BAHREIN,Asie occidentale,import,2018,2398,4729,2022
BAHREIN,Asie occidentale,import,2019,2104,1547,2022
BAHREIN,Asie occidentale,import,2020,1405,1236,2022
BAHREIN,Asie occidentale,import,2021,1641,1040,2022
BAHREIN,Asie occidentale,import,2022,7280,10783,2022
EMIRATS ARABES UNIS,Asie occidentale,import,2018,63809,113537,2022
EMIRATS ARABES UNIS,Asie occidentale,import,2019,89181,229250,2022
EMIRATS ARABES UNIS,Asie occidentale,import,2020,125636,602311,2022
EMIRATS ARABES UNIS,Asie occidentale,import,2021,213597,954546,2022
EMIRATS ARABES UNIS,Asie occidentale,import,2022,363737,998530,2022
IRAK,Asie occidentale,import,2018,,,2022
IRAK,Asie occidentale,import,2019,32,90,2022
IRAK,Asie occidentale,import,2020,26,99,2022
IRAK,Asie occidentale,import,2021,84,546,2022
IRAK,Asie occidentale,import,2022,290,1744,2022
IRAN,Asie occidentale,import,2018,9275,9760,2022
IRAN,Asie occidentale,import,2019,10861,12956,2022
IRAN,Asie occidentale,import,2020,10200,14175,2022
IRAN,Asie occidentale,import,2021,9813,9892,2022
IRAN,Asie occidentale,import,2022,11685,9379,2022
ISRAEL,Asie occidentale,import,2018,978,323,2022
ISRAEL,Asie occidentale,import,2019,1199,375,2022
ISRAEL,Asie occidentale,import,2020,4856,638,2022
ISRAEL,Asie occidentale,import,2021,5820,8748,2022
ISRAEL,Asie occidentale,import,2022,4084,1920,2022
JORDANIE,Asie occidentale,import,2018,173,194,2022
JORDANIE,Asie occidentale,import,2019,304,414,2022
JORDANIE,Asie occidentale,import,2020,532,570,2022
JORDANIE,Asie occidentale,import,2021,568,390,2022
JORDANIE,Asie occidentale,import,2022,1501,1427,2022
KOWEIT,Asie occidentale,import,2018,841,1615,2022
KOWEIT,Asie occidentale,import,2019,1050,2362,2022
KOWEIT,Asie occidentale,import,2020,744,1315,2022
KOWEIT,Asie occidentale,import,2021,8125,23442,2022
KOWEIT,Asie occidentale,import,2022,15406,18194,2022
LIBAN,Asie occidentale,import,2018,5347,2566,2022
LIBAN,Asie occidentale,import,2019,3178,2601,2022
LIBAN,Asie occidentale,import,2020,6047,46170,2022
LIBAN,Asie occidentale,import,2021,8621,4405,2022
LIBAN,Asie occidentale,import,2022,4922,4192,2022
OMAN,Asie occidentale,import,2018,981,2801,2022
OMAN,Asie occidentale,import,2019,1955,3657,2022
OMAN,Asie occidentale,import,2020,2297,4471,2022
OMAN,Asie occidentale,import,2021,3092,43175,2022
OMAN,Asie occidentale,import,2022,1691,2936,2022
QATAR,Asie occidentale,import,2018,3237,4351,2022
QATAR,Asie occidentale,import,2019,4608,7124,2022
QATAR,Asie occidentale,import,2020,6476,9753,2022
QATAR,Asie occidentale,import,2021,7242,8594,2022
QATAR,Asie occidentale,import,2022,28596,79899,2022
SYRIE,Asie occidentale,import,2018,53,24,2022
SYRIE,Asie occidentale,import,2019,13,36,2022
SYRIE,Asie occidentale,import,2020,24,95,2022
SYRIE,Asie occidentale,import,2021,15,115,2022
SYRIE,Asie occidentale,import,2022,23,94,2022
YEMEN,Asie occidentale,import,2018,,,2022
YEMEN,Asie occidentale,import,2019,,,2022
YEMEN,Asie occidentale,import,2020,8,23,2022
YEMEN,Asie occidentale,import,2021,53,21,2022
YEMEN,Asie occidentale,import,2022,,,2022
AFGANISTAN,Autres pays d'Asie,import,2018,121,51,2022
AFGANISTAN,Autres pays d'Asie,import,2019,401,204,2022
AFGANISTAN,Autres pays d'Asie,import,2020,272,741,2022
AFGANISTAN,Autres pays d'Asie,import,2021,890,634,2022
AFGANISTAN,Autres pays d'Asie,import,2022,916,827,2022
BENGLADESH,Autres pays d'Asie,import,2018,19,82,2022
BENGLADESH,Autres pays d'Asie,import,2019,98,123,2022
BENGLADESH,Autres pays d'Asie,import,2020,68,22,2022
BENGLADESH,Autres pays d'Asie,import,2021,281,109,2022
BENGLADESH,Autres pays d'Asie,import,2022,333,86,2022
BHOUTAN,Autres pays d'Asie,import,2018,,,2022
BHOUTAN,Autres pays d'Asie,import,2019,2,2,2022
BHOUTAN,Autres pays d'Asie,import,2020,,,2022
BHOUTAN,Autres pays d'Asie,import,2021,,,2022
BHOUTAN,Autres pays d'Asie,import,2022,,,2022
BRUNEI,Autres pays d'Asie,import,2018,17,4,2022
BRUNEI,Autres pays d'Asie,import,2019,64,27,2022
BRUNEI,Autres pays d'Asie,import,2020,10,13,2022
BRUNEI,Autres pays d'Asie,import,2021,12,26,2022
BRUNEI,Autres pays d'Asie,import,2022,63,192,2022
CAMBODGE,Autres pays d'Asie,import,2018,84,26,2022
CAMBODGE,Autres pays d'Asie,import,2019,401,597,2022
CAMBODGE,Autres pays d'Asie,import,2020,555,1033,2022
CAMBODGE,Autres pays d'Asie,import,2021,469,288,2022
CAMBODGE,Autres pays d'Asie,import,2022,561,526,2022
COREE DU NORD,Autres pays d'Asie,import,2018,261,183,2022
COREE DU NORD,Autres pays d'Asie,import,2019,385,226,2022
COREE DU NORD,Autres pays d'Asie,import,2020,396,352,2022
COREE DU NORD,Autres pays d'Asie,import,2021,22965,62675,2022
COREE DU NORD,Autres pays d'Asie,import,2022,19030,24846,2022
COREE DU SUD,Autres pays d'Asie,import,2018,37359,26371,2022
COREE DU SUD,Autres pays d'Asie,import,2019,28867,22164,2022
COREE DU SUD,Autres pays d'Asie,import,2020,36693,40881,2022
COREE DU SUD,Autres pays d'Asie,import,2021,47753,45516,2022
COREE DU SUD,Autres pays d'Asie,import,2022,54376,32059,2022
HONG-KONG,Autres pays d'Asie,import,2018,13634,7443,2022
HONG-KONG,Autres pays d'Asie,import,2019,17745,8146,2022
HONG-KONG,Autres pays d'Asie,import,2020,16397,1885,2022
HONG-KONG,Autres pays d'Asie,import,2021,18638,2086,2022
HONG-KONG,Autres pays d'Asie,import,2022,21274,1709,2022
INDE,Autres pays d'Asie,import,2018,288811,908312,2022
INDE,Autres pays d'Asie,import,2019,162280,404276,2022
INDE,Autres pays d'Asie,import,2020,192429,573870,2022
INDE,Autres pays d'Asie,import,2021,383729,1223945,2022
INDE,Autres pays d'Asie,import,2022,568176,1219875,2022
INDONESIE,Autres pays d'Asie,import,2018,11549,23529,2022
INDONESIE,Autres pays d'Asie,import,2019,18544,39234,2022
INDONESIE,Autres pays d'Asie,import,2020,18159,30363,2022
INDONESIE,Autres pays d'Asie,import,2021,17404,33051,2022
INDONESIE,Autres pays d'Asie,import,2022,110915,56457,2022
JAPON,Autres pays d'Asie,import,2018,79273,30655,2022
JAPON,Autres pays d'Asie,import,2019,82179,26168,2022
JAPON,Autres pays d'Asie,import,2020,62937,20261,2022
JAPON,Autres pays d'Asie,import,2021,91646,29109,2022
JAPON,Autres pays d'Asie,import,2022,108781,29429,2022
LAOS,Autres pays d'Asie,import,2018,1,0,2022
LAOS,Autres pays d'Asie,import,2019,,,2022
LAOS,Autres pays d'Asie,import,2020,,,2022
LAOS,Autres pays d'Asie,import,2021,3,2,2022
LAOS,Autres pays d'Asie,import,2022,782,867,2022
MACAO,Autres pays d'Asie,import,2018,33,82,2022
MACAO,Autres pays d'Asie,import,2019,258,287,2022
MACAO,Autres pays d'Asie,import,2020,32,15,2022
MACAO,Autres pays d'Asie,import,2021,51,49,2022
MACAO,Autres pays d'Asie,import,2022,8961,695,2022
MALAISIE,Autres pays d'Asie,import,2018,40502,94490,2022
MALAISIE,Autres pays d'Asie,import,2019,39286,71189,2022
MALAISIE,Autres pays d'Asie,import,2020,47860,137430,2022
MALAISIE,Autres pays d'Asie,import,2021,90391,155110,2022
MALAISIE,Autres pays d'Asie,import,2022,93894,83609,2022
MALDIVES,Autres pays d'Asie,import,2018,36,55,2022
MALDIVES,Autres pays d'Asie,import,2019,,,2022
MALDIVES,Autres pays d'Asie,import,2020,,,2022
MALDIVES,Autres pays d'Asie,import,2021,1,0,2022
MALDIVES,Autres pays d'Asie,import,2022,,,2022
MONGOLIE,Autres pays d'Asie,import,2018,,,2022
MONGOLIE,Autres pays d'Asie,import,2019,1,2,2022
MONGOLIE,Autres pays d'Asie,import,2020,233,1003,2022
MONGOLIE,Autres pays d'Asie,import,2021,,,2022
MONGOLIE,Autres pays d'Asie,import,2022,1,0,2022
NEPAL,Autres pays d'Asie,import,2018,2,3,2022
NEPAL,Autres pays d'Asie,import,2019,13,1,2022
NEPAL,Autres pays d'Asie,import,2020,,,2022
NEPAL,Autres pays d'Asie,import,2021,,,2022
NEPAL,Autres pays d'Asie,import,2022,,,2022
PAKISTAN,Autres pays d'Asie,import,2018,19879,89513,2022
PAKISTAN,Autres pays d'Asie,import,2019,30392,136902,2022
PAKISTAN,Autres pays d'Asie,import,2020,27583,127484,2022
PAKISTAN,Autres pays d'Asie,import,2021,12809,44274,2022
PAKISTAN,Autres pays d'Asie,import,2022,41098,170599,2022
PHILIPPINE,Autres pays d'Asie,import,2018,311,69,2022
PHILIPPINE,Autres pays d'Asie,import,2019,169,14,2022
PHILIPPINE,Autres pays d'Asie,import,2020,136,26,2022
PHILIPPINE,Autres pays d'Asie,import,2021,311,147,2022
PHILIPPINE,Autres pays d'Asie,import,2022,145,22,2022
REPUBLIQUE POPULAIRE DE CHINE,Autres pays d'Asie,import,2018,498349,739054,2022
REPUBLIQUE POPULAIRE DE CHINE,Autres pays d'Asie,import,2019,510372,797609,2022
REPUBLIQUE POPULAIRE DE CHINE,Autres pays d'Asie,import,2020,413905,733405,2022
REPUBLIQUE POPULAIRE DE CHINE,Autres pays d'Asie,import,2021,520384,840898,2022
REPUBLIQUE POPULAIRE DE CHINE,Autres pays d'Asie,import,2022,756959,1027998,2022
SINGAPOUR,Autres pays d'Asie,import,2018,86069,231264,2022
SINGAPOUR,Autres pays d'Asie,import,2019,85546,234252,2022
SINGAPOUR,Autres pays d'Asie,import,2020,11105,35598,2022
SINGAPOUR,Autres pays d'Asie,import,2021,24008,29025,2022
SINGAPOUR,Autres pays d'Asie,import,2022,52897,35505,2022
SRI-LANKA,Autres pays d'Asie,import,2018,59,162,2022
SRI-LANKA,Autres pays d'Asie,import,2019,108,173,2022
SRI-LANKA,Autres pays d'Asie,import,2020,105,137,2022
SRI-LANKA,Autres pays d'Asie,import,2021,209,268,2022
SRI-LANKA,Autres pays d'Asie,import,2022,408,152,2022
TAIWAN,Autres pays d'Asie,import,2018,7128,1671,2022
TAIWAN,Autres pays d'Asie,import,2019,2401,1559,2022
TAIWAN,Autres pays d'Asie,import,2020,1379,1242,2022
TAIWAN,Autres pays d'Asie,import,2021,2618,1496,2022
TAIWAN,Autres pays d'Asie,import,2022,5598,2498,2022
THAILANDE,Autres pays d'Asie,import,2018,67993,238771,2022
THAILANDE,Autres pays d'Asie,import,2019,68887,224238,2022
THAILANDE,Autres pays d'Asie,import,2020,42735,114810,2022
THAILANDE,Autres pays d'Asie,import,2021,46714,123554,2022
THAILANDE,Autres pays d'Asie,import,2022,87843,230175,2022
TIMOR PORTUGAIS,Autres pays d'Asie,import,2018,16,9,2022
TIMOR PORTUGAIS,Autres pays d'Asie,import,2019,75,159,2022
TIMOR PORTUGAIS,Autres pays d'Asie,import,2020,140,287,2022
TIMOR PORTUGAIS,Autres pays d'Asie,import,2021,163,154,2022
TIMOR PORTUGAIS,Autres pays d'Asie,import,2022,129,192,2022
UNION BIRMANE,Autres pays d'Asie,import,2018,801,3992,2022
UNION BIRMANE,Autres pays d'Asie,import,2019,1817,8524,2022
UNION BIRMANE,Autres pays d'Asie,import,2020,12462,56566,2022
UNION BIRMANE,Autres pays d'Asie,import,2021,41,576,2022
UNION BIRMANE,Autres pays d'Asie,import,2022,0,0,2022
VIETNAM,Autres pays d'Asie,import,2018,3370,3818,2022
VIETNAM,Autres pays d'Asie,import,2019,15773,53800,2022
VIETNAM,Autres pays d'Asie,import,2020,25471,88244,2022
VIETNAM,Autres pays d'Asie,import,2021,6938,6822,2022
VIETNAM,Autres pays d'Asie,import,2022,8470,6841,2022
AUSTRALIE,Océanie,import,2018,5803,1756,2022
AUSTRALIE,Océanie,import,2019,5929,1449,2022
AUSTRALIE,Océanie,import,2020,7474,2026,2022
AUSTRALIE,Océanie,import,2021,16347,11797,2022
AUSTRALIE,Océanie,import,2022,14746,5380,2022
ILES PACIFIQUES US,Océanie,import,2018,,,2022
ILES PACIFIQUES US,Océanie,import,2019,52,206,2022
ILES PACIFIQUES US,Océanie,import,2020,,,2022
ILES PACIFIQUES US,Océanie,import,2021,,,2022
ILES PACIFIQUES US,Océanie,import,2022,,,2022
NAURU,Océanie,import,2018,0,0,2022
NAURU,Océanie,import,2019,4,0,2022
NAURU,Océanie,import,2020,35,7,2022
NAURU,Océanie,import,2021,1,0,2022
NAURU,Océanie,import,2022,74,28,2022
NON VENTILE — Océanie,Océanie,import,2018,,0,2022
NON VENTILE — Océanie,Océanie,import,2019,,0,2022
NON VENTILE — Océanie,Océanie,import,2020,,0,2022
NON VENTILE — Océanie,Océanie,import,2021,,0,2022
NON VENTILE — Océanie,Océanie,import,2022,,24,2022
NOUVELLE GUINEE ET PAPOUASIE,Océanie,import,2018,112,238,2022
NOUVELLE GUINEE ET PAPOUASIE,Océanie,import,2019,35,31,2022
NOUVELLE GUINEE ET PAPOUASIE,Océanie,import,2020,18,82,2022
NOUVELLE GUINEE ET PAPOUASIE,Océanie,import,2021,34,71,2022
NOUVELLE GUINEE ET PAPOUASIE,Océanie,import,2022,74,47,2022
NOUVELLE ZELANDE,Océanie,import,2018,6225,3775,2022
NOUVELLE ZELANDE,Océanie,import,2019,3110,1996,2022
NOUVELLE ZELANDE,Océanie,import,2020,650,350,2022
NOUVELLE ZELANDE,Océanie,import,2021,793,215,2022
NOUVELLE ZELANDE,Océanie,import,2022,3161,2051,2022
SAMOA OCCIDENTAL,Océanie,import,2018,,,2022
SAMOA OCCIDENTAL,Océanie,import,2019,,,2022
SAMOA OCCIDENTAL,Océanie,import,2020,11040,1211,2022
SAMOA OCCIDENTAL,Océanie,import,2021,311,474,2022
SAMOA OCCIDENTAL,Océanie,import,2022,652,835,2022
TONGA,Océanie,import,2018,,,2022
TONGA,Océanie,import,2019,9,8,2022
TONGA,Océanie,import,2020,2,26,2022
TONGA,Océanie,import,2021,,,2022
TONGA,Océanie,import,2022,6,0,2022
DIVERS NON DETERMINES AILLEURS,Divers,import,2018,7310,13786,2022
DIVERS NON DETERMINES AILLEURS,Divers,import,2019,15225,74295,2022
DIVERS NON DETERMINES AILLEURS,Divers,import,2020,9537,40344,2022
DIVERS NON DETERMINES AILLEURS,Divers,import,2021,20371,71942,2022
DIVERS NON DETERMINES AILLEURS,Divers,import,2022,57184,145998,2022
ORIGINES MELANGEES (PP),Divers,import,2018,386,13,2022
ORIGINES MELANGEES (PP),Divers,import,2019,166,83,2022
ORIGINES MELANGEES (PP),Divers,import,2020,15,1,2022
ORIGINES MELANGEES (PP),Divers,import,2021,975,77,2022
ORIGINES MELANGEES (PP),Divers,import,2022,38,1,2022
PROVISIONS DE BORD E,Divers,import,2018,65,251,2022
PROVISIONS DE BORD E,Divers,import,2019,3,2,2022
PROVISIONS DE BORD E,Divers,import,2020,,,2022
PROVISIONS DE BORD E,Divers,import,2021,,,2022
PROVISIONS DE BORD E,Divers,import,2022,,,2022
PROVISIONS DE BORD F,Divers,import,2018,,,2022
PROVISIONS DE BORD F,Divers,import,2019,,,2022
PROVISIONS DE BORD F,Divers,import,2020,,,2022
PROVISIONS DE BORD F,Divers,import,2021,,,2022
PROVISIONS DE BORD F,Divers,import,2022,,,2022
