pays,region,sens,annee,valeur,poids,edition
ALLEMAGNE,Union européenne,export,2016,4506,13914,2020
ALLEMAGNE,Union européenne,export,2017,3155,3361,2020
ALLEMAGNE,Union européenne,export,2018,3149,3472,2020
ALLEMAGNE,Union européenne,export,2019,3354,3005,2020
ALLEMAGNE,Union européenne,export,2020,4226,2818,2020
AUTRICHE,Union européenne,export,2016,203,52,2020
AUTRICHE,Union européenne,export,2017,226,66,2020
AUTRICHE,Union européenne,export,2018,109,22,2020
AUTRICHE,Union européenne,export,2019,134,38,2020
AUTRICHE,Union européenne,export,2020,140,65,2020
BELGIQUE-LUXEMBOURG,Union européenne,export,2016,8227,3615,2020
BELGIQUE-LUXEMBOURG,Union européenne,export,2017,5707,23198,2020
BELGIQUE-LUXEMBOURG,Union européenne,export,2018,15407,75566,2020
BELGIQUE-LUXEMBOURG,Union européenne,export,2019,28287,105812,2020
BELGIQUE-LUXEMBOURG,Union européenne,export,2020,27888,35169,2020
BULGARIE,Union européenne,export,2016,451,426,2020
BULGARIE,Union européenne,export,2017,503,838,2020
BULGARIE,Union européenne,export,2018,494,4700,2020
BULGARIE,Union européenne,export,2019,520,772,2020
BULGARIE,Union européenne,export,2020,236,271,2020
CHYPRE,Union européenne,export,2016,622,88,2020
CHYPRE,Union européenne,export,2017,590,76,2020
CHYPRE,Union européenne,export,2018,744,101,2020
CHYPRE,Union européenne,export,2019,661,89,2020
CHYPRE,Union européenne,export,2020,153,19,2020
CROATIE,Union européenne,export,2016,8,1,2020
CROATIE,Union européenne,export,2017,,,2020
CROATIE,Union européenne,export,2018,,,2020
CROATIE,Union européenne,export,2019,29,21,2020
CROATIE,Union européenne,export,2020,,,2020
DANEMARK,Union européenne,export,2016,969,1332,2020
DANEMARK,Union européenne,export,2017,827,1072,2020
DANEMARK,Union européenne,export,2018,402,497,2020
DANEMARK,Union européenne,export,2019,213,171,2020
DANEMARK,Union européenne,export,2020,1044,975,2020
ESPAGNE,Union européenne,export,2016,53069,114308,2020
ESPAGNE,Union européenne,export,2017,62755,94899,2020
ESPAGNE,Union européenne,export,2018,77161,73812,2020
ESPAGNE,Union européenne,export,2019,89184,118470,2020
ESPAGNE,Union européenne,export,2020,71743,91304,2020
FINLANDE,Union européenne,export,2016,9,1,2020
FINLANDE,Union européenne,export,2017,19,1,2020
FINLANDE,Union européenne,export,2018,12,14,2020
FINLANDE,Union européenne,export,2019,2844,33005,2020
FINLANDE,Union européenne,export,2020,10,1,2020
FRANCE,Union européenne,export,2016,43598,62037,2020
FRANCE,Union européenne,export,2017,44752,38802,2020
FRANCE,Union européenne,export,2018,46953,40026,2020
FRANCE,Union européenne,export,2019,51211,32832,2020
FRANCE,Union européenne,export,2020,44224,66772,2020
GRECE,Union européenne,export,2016,4465,1011,2020
GRECE,Union européenne,export,2017,3741,614,2020
GRECE,Union européenne,export,2018,3101,434,2020
GRECE,Union européenne,export,2019,4598,738,2020
GRECE,Union européenne,export,2020,3969,913,2020
HONGRIE,Union européenne,export,2016,576,0,2020
HONGRIE,Union européenne,export,2017,3,7,2020
HONGRIE,Union européenne,export,2018,39,4,2020
HONGRIE,Union européenne,export,2019,89,110,2020
HONGRIE,Union européenne,export,2020,18,3,2020
IRLANDE,Union européenne,export,2016,1268,85,2020
IRLANDE,Union européenne,export,2017,1,5,2020
IRLANDE,Union européenne,export,2018,140,134,2020
IRLANDE,Union européenne,export,2019,20,200,2020
IRLANDE,Union européenne,export,2020,302,283,2020
ITALIE,Union européenne,export,2016,38391,21806,2020
ITALIE,Union européenne,export,2017,44942,27437,2020
ITALIE,Union européenne,export,2018,60941,40558,2020
ITALIE,Union européenne,export,2019,59636,39958,2020
ITALIE,Union européenne,export,2020,31077,20761,2020
MALTE,Union européenne,export,2016,398,72,2020
MALTE,Union européenne,export,2017,354,63,2020
MALTE,Union européenne,export,2018,347,61,2020
MALTE,Union européenne,export,2019,230,41,2020
MALTE,Union européenne,export,2020,99,57,2020
PAYS BAS,Union européenne,export,2016,25536,122636,2020
PAYS BAS,Union européenne,export,2017,50649,261937,2020
PAYS BAS,Union européenne,export,2018,51453,194654,2020
PAYS BAS,Union européenne,export,2019,32145,79291,2020
PAYS BAS,Union européenne,export,2020,39549,133599,2020
POLOGNE,Union européenne,export,2016,8384,201750,2020
POLOGNE,Union européenne,export,2017,2824,73690,2020
POLOGNE,Union européenne,export,2018,1732,41957,2020
POLOGNE,Union européenne,export,2019,5585,81669,2020
POLOGNE,Union européenne,export,2020,998,23707,2020
PORTUGAL,Union européenne,export,2016,8837,6874,2020
PORTUGAL,Union européenne,export,2017,6735,2330,2020
PORTUGAL,Union européenne,export,2018,5567,2641,2020
PORTUGAL,Union européenne,export,2019,5438,3690,2020
PORTUGAL,Union européenne,export,2020,2492,1419,2020
REPUBLIQUE D'ESTONIE,Union européenne,export,2016,,,2020
REPUBLIQUE D'ESTONIE,Union européenne,export,2017,,,2020
REPUBLIQUE D'ESTONIE,Union européenne,export,2018,23,52,2020
REPUBLIQUE D'ESTONIE,Union européenne,export,2019,3,2,2020
REPUBLIQUE D'ESTONIE,Union européenne,export,2020,,,2020
REPUBLIQUE DE LETTONIE,Union européenne,export,2016,55,57,2020
REPUBLIQUE DE LETTONIE,Union européenne,export,2017,2,2,2020
REPUBLIQUE DE LETTONIE,Union européenne,export,2018,46,168,2020
REPUBLIQUE DE LETTONIE,Union européenne,export,2019,,,2020
REPUBLIQUE DE LETTONIE,Union européenne,export,2020,22,63,2020
REPUBLIQUE DE LITUANIE,Union européenne,export,2016,6,20,2020
REPUBLIQUE DE LITUANIE,Union européenne,export,2017,,,2020
REPUBLIQUE DE LITUANIE,Union européenne,export,2018,8,4,2020
REPUBLIQUE DE LITUANIE,Union européenne,export,2019,,,2020
REPUBLIQUE DE LITUANIE,Union européenne,export,2020,57,85,2020
REPUBLIQUE DE SLOVAQUIE,Union européenne,export,2016,1,0,2020
REPUBLIQUE DE SLOVAQUIE,Union européenne,export,2017,257,402,2020
REPUBLIQUE DE SLOVAQUIE,Union européenne,export,2018,1,0,2020
REPUBLIQUE DE SLOVAQUIE,Union européenne,export,2019,,,2020
REPUBLIQUE DE SLOVAQUIE,Union européenne,export,2020,129,51,2020
REPUBLIQUE TCHEQUE,Union européenne,export,2016,,,2020
REPUBLIQUE TCHEQUE,Union européenne,export,2017,1,1,2020
REPUBLIQUE TCHEQUE,Union européenne,export,2018,,,2020
REPUBLIQUE TCHEQUE,Union européenne,export,2019,4,1,2020
REPUBLIQUE TCHEQUE,Union européenne,export,2020,14,28,2020
ROUMANIE,Union européenne,export,2016,25,3,2020
ROUMANIE,Union européenne,export,2017,,,2020
ROUMANIE,Union européenne,export,2018,6,4,2020
ROUMANIE,Union européenne,export,2019,16,2,2020
ROUMANIE,Union européenne,export,2020,3,2,2020
ROYAUME UNI,Union européenne,export,2016,31639,96974,2020
ROYAUME UNI,Union européenne,export,2017,35305,113009,2020
ROYAUME UNI,Union européenne,export,2018,33310,81536,2020
ROYAUME UNI,Union européenne,export,2019,36608,104815,2020
ROYAUME UNI,Union européenne,export,2020,36181,81428,2020
SLOVENIE,Union européenne,export,2016,8,4,2020
SLOVENIE,Union européenne,export,2017,1,2,2020
SLOVENIE,Union européenne,export,2018,189,152,2020
SLOVENIE,Union européenne,export,2019,23,25,2020
SLOVENIE,Union européenne,export,2020,21,0,2020
SUEDE,Union européenne,export,2016,662,174,2020
SUEDE,Union européenne,export,2017,1686,2118,2020
SUEDE,Union européenne,export,2018,1453,17231,2020
SUEDE,Union européenne,export,2019,3387,36348,2020
SUEDE,Union européenne,export,2020,45,35,2020
ALBANIE,Autres pays d'Europe,export,2016,110,66,2020
ALBANIE,Autres pays d'Europe,export,2017,58,39,2020
ALBANIE,Autres pays d'Europe,export,2018,158,148,2020
ALBANIE,Autres pays d'Europe,export,2019,190,166,2020
ALBANIE,Autres pays d'Europe,export,2020,807,307,2020
ANDORRE,Autres pays d'Europe,export,2016,49,7,2020
ANDORRE,Autres pays d'Europe,export,2017,,,2020
ANDORRE,Autres pays d'Europe,export,2018,,,2020
ANDORRE,Autres pays d'Europe,export,2019,,,2020
ANDORRE,Autres pays d'Europe,export,2020,,,2020
ARMENIE,Autres pays d'Europe,export,2016,3,1,2020
ARMENIE,Autres pays d'Europe,export,2017,2,11,2020
ARMENIE,Autres pays d'Europe,export,2018,0,0,2020
ARMENIE,Autres pays d'Europe,export,2019,0,1,2020
ARMENIE,Autres pays d'Europe,export,2020,,,2020
BOSNIE-HERZEGOVINE,Autres pays d'Europe,export,2016,3,0,2020
BOSNIE-HERZEGOVINE,Autres pays d'Europe,export,2017,,,2020
BOSNIE-HERZEGOVINE,Autres pays d'Europe,export,2018,4,2,2020
BOSNIE-HERZEGOVINE,Autres pays d'Europe,export,2019,,,2020
BOSNIE-HERZEGOVINE,Autres pays d'Europe,export,2020,,,2020
CITE DU VATICAN,Autres pays d'Europe,export,2016,18,38,2020
CITE DU VATICAN,Autres pays d'Europe,export,2017,,,2020
CITE DU VATICAN,Autres pays d'Europe,export,2018,,,2020
CITE DU VATICAN,Autres pays d'Europe,export,2019,,,2020
CITE DU VATICAN,Autres pays d'Europe,export,2020,,,2020
EX-YOUGOSLAVIE,Autres pays d'Europe,export,2016,181,49,2020
EX-YOUGOSLAVIE,Autres pays d'Europe,export,2017,,,2020
EX-YOUGOSLAVIE,Autres pays d'Europe,export,2018,,,2020
EX-YOUGOSLAVIE,Autres pays d'Europe,export,2019,,,2020
EX-YOUGOSLAVIE,Autres pays d'Europe,export,2020,,,2020
GIBRALTAR,Autres pays d'Europe,export,2016,1500,19501,2020
GIBRALTAR,Autres pays d'Europe,export,2017,,,2020
GIBRALTAR,Autres pays d'Europe,export,2018,,,2020
GIBRALTAR,Autres pays d'Europe,export,2019,,,2020
GIBRALTAR,Autres pays d'Europe,export,2020,23,27,2020
HELGOLAND,Autres pays d'Europe,export,2016,129,70,2020
HELGOLAND,Autres pays d'Europe,export,2017,162,49,2020
HELGOLAND,Autres pays d'Europe,export,2018,196,49,2020
HELGOLAND,Autres pays d'Europe,export,2019,18,25,2020
HELGOLAND,Autres pays d'Europe,export,2020,2,3,2020
ISLANDE,Autres pays d'Europe,export,2016,693,111,2020
ISLANDE,Autres pays d'Europe,export,2017,128,18,2020
ISLANDE,Autres pays d'Europe,export,2018,323,51,2020
ISLANDE,Autres pays d'Europe,export,2019,67,9,2020
ISLANDE,Autres pays d'Europe,export,2020,480,294,2020
MONTENEGRO,Autres pays d'Europe,export,2016,280,175,2020
MONTENEGRO,Autres pays d'Europe,export,2017,1,0,2020
MONTENEGRO,Autres pays d'Europe,export,2018,5591,23109,2020
MONTENEGRO,Autres pays d'Europe,export,2019,869,979,2020
MONTENEGRO,Autres pays d'Europe,export,2020,,,2020
NORVEGE,Autres pays d'Europe,export,2016,8151,163690,2020
NORVEGE,Autres pays d'Europe,export,2017,23388,259454,2020
NORVEGE,Autres pays d'Europe,export,2018,2396,30028,2020
NORVEGE,Autres pays d'Europe,export,2019,11821,137104,2020
NORVEGE,Autres pays d'Europe,export,2020,31781,303586,2020
REPUBLIQUE D'AZERBADJAN,Autres pays d'Europe,export,2016,42,8,2020
REPUBLIQUE D'AZERBADJAN,Autres pays d'Europe,export,2017,16,4,2020
REPUBLIQUE D'AZERBADJAN,Autres pays d'Europe,export,2018,15,1,2020
REPUBLIQUE D'AZERBADJAN,Autres pays d'Europe,export,2019,62,5,2020
REPUBLIQUE D'AZERBADJAN,Autres pays d'Europe,export,2020,24,41,2020
REPUBLIQUE D'UKRAINE,Autres pays d'Europe,export,2016,342,384,2020
REPUBLIQUE D'UKRAINE,Autres pays d'Europe,export,2017,550,663,2020
REPUBLIQUE D'UKRAINE,Autres pays d'Europe,export,2018,2221,17600,2020
REPUBLIQUE D'UKRAINE,Autres pays d'Europe,export,2019,512,2258,2020
REPUBLIQUE D'UKRAINE,Autres pays d'Europe,export,2020,1101,2565,2020
REPUBLIQUE DE BIELORUSSIE,Autres pays d'Europe,export,2016,,,2020
REPUBLIQUE DE BIELORUSSIE,Autres pays d'Europe,export,2017,,,2020
REPUBLIQUE DE BIELORUSSIE,Autres pays d'Europe,export,2018,12,2,2020
REPUBLIQUE DE BIELORUSSIE,Autres pays d'Europe,export,2019,,,2020
REPUBLIQUE DE BIELORUSSIE,Autres pays d'Europe,export,2020,,,2020
REPUBLIQUE DE GEORGIE,Autres pays d'Europe,export,2016,117,98,2020
REPUBLIQUE DE GEORGIE,Autres pays d'Europe,export,2017,65,48,2020
REPUBLIQUE DE GEORGIE,Autres pays d'Europe,export,2018,57,34,2020
REPUBLIQUE DE GEORGIE,Autres pays d'Europe,export,2019,184,245,2020
REPUBLIQUE DE GEORGIE,Autres pays d'Europe,export,2020,118,98,2020
REPUBLIQUE DE KAZAKSTAN,Autres pays d'Europe,export,2016,14,1,2020
REPUBLIQUE DE KAZAKSTAN,Autres pays d'Europe,export,2017,1,0,2020
REPUBLIQUE DE KAZAKSTAN,Autres pays d'Europe,export,2018,,,2020
REPUBLIQUE DE KAZAKSTAN,Autres pays d'Europe,export,2019,,,2020
REPUBLIQUE DE KAZAKSTAN,Autres pays d'Europe,export,2020,,,2020
RUSSIE,Autres pays d'Europe,export,2016,667,7112,2020
RUSSIE,Autres pays d'Europe,export,2017,3316,26481,2020
RUSSIE,Autres pays d'Europe,export,2018,46,108,2020
RUSSIE,Autres pays d'Europe,export,2019,3619,24236,2020
RUSSIE,Autres pays d'Europe,export,2020,78,260,2020
SUISSE,Autres pays d'Europe,export,2016,157696,11647,2020
SUISSE,Autres pays d'Europe,export,2017,176442,46024,2020
SUISSE,Autres pays d'Europe,export,2018,301515,134534,2020
SUISSE,Autres pays d'Europe,export,2019,359241,99059,2020
SUISSE,Autres pays d'Europe,export,2020,279599,58075,2020
TRIESTE,Autres pays d'Europe,export,2016,,,2020
TRIESTE,Autres pays d'Europe,export,2017,2,0,2020
TRIESTE,Autres pays d'Europe,export,2018,1,1,2020
TRIESTE,Autres pays d'Europe,export,2019,11,7,2020
TRIESTE,Autres pays d'Europe,export,2020,0,0,2020
TURQUIE,Autres pays d'Europe,export,2016,2650,3526,2020
TURQUIE,Autres pays d'Europe,export,2017,1085,1543,2020
TURQUIE,Autres pays d'Europe,export,2018,2409,5195,2020
TURQUIE,Autres pays d'Europe,export,2019,4236,5080,2020
TURQUIE,Autres pays d'Europe,export,2020,5242,6794,2020
BURUNDI,Afrique centrale,export,2016,30,13,2020
BURUNDI,Afrique centrale,export,2017,31,19,2020
BURUNDI,Afrique centrale,export,2018,35,25,2020
BURUNDI,Afrique centrale,export,2019,78,74,2020
BURUNDI,Afrique centrale,export,2020,51,46,2020
CAMEROUN,Afrique centrale,export,2016,15881,23010,2020
CAMEROUN,Afrique centrale,export,2017,11688,18964,2020
CAMEROUN,Afrique centrale,export,2018,16554,26477,2020
CAMEROUN,Afrique centrale,export,2019,17680,27922,2020
CAMEROUN,Afrique centrale,export,2020,17297,29557,2020
CENTRE AFRIQUE,Afrique centrale,export,2016,5541,1842,2020
CENTRE AFRIQUE,Afrique centrale,export,2017,4986,1860,2020
CENTRE AFRIQUE,Afrique centrale,export,2018,4998,1443,2020
CENTRE AFRIQUE,Afrique centrale,export,2019,3979,1137,2020
CENTRE AFRIQUE,Afrique centrale,export,2020,4497,1868,2020
CONGO,Afrique centrale,export,2016,25589,13270,2020
CONGO,Afrique centrale,export,2017,26494,12744,2020
CONGO,Afrique centrale,export,2018,21713,11131,2020
CONGO,Afrique centrale,export,2019,22503,10795,2020
CONGO,Afrique centrale,export,2020,15745,11580,2020
CONGO DEMOCRATIQUE,Afrique centrale,export,2016,870,626,2020
CONGO DEMOCRATIQUE,Afrique centrale,export,2017,1198,921,2020
CONGO DEMOCRATIQUE,Afrique centrale,export,2018,3889,1417,2020
CONGO DEMOCRATIQUE,Afrique centrale,export,2019,1443,1354,2020
CONGO DEMOCRATIQUE,Afrique centrale,export,2020,1992,1441,2020
GABON,Afrique centrale,export,2016,6693,3200,2020
GABON,Afrique centrale,export,2017,2424,2122,2020
GABON,Afrique centrale,export,2018,3505,5343,2020
GABON,Afrique centrale,export,2019,5965,6058,2020
GABON,Afrique centrale,export,2020,3513,3823,2020
GUINEE EQUATORIALE,Afrique centrale,export,2016,2842,776,2020
GUINEE EQUATORIALE,Afrique centrale,export,2017,881,722,2020
GUINEE EQUATORIALE,Afrique centrale,export,2018,2729,1065,2020
GUINEE EQUATORIALE,Afrique centrale,export,2019,2699,901,2020
GUINEE EQUATORIALE,Afrique centrale,export,2020,2403,800,2020
RWANDA,Afrique centrale,export,2016,32,4,2020
RWANDA,Afrique centrale,export,2017,2,0,2020
RWANDA,Afrique centrale,export,2018,9,3,2020
RWANDA,Afrique centrale,export,2019,2,0,2020
RWANDA,Afrique centrale,export,2020,37,6,2020
SAINT THOMAS ILE DU PRINCE,Afrique centrale,export,2016,,,2020
SAINT THOMAS ILE DU PRINCE,Afrique centrale,export,2017,2,0,2020
SAINT THOMAS ILE DU PRINCE,Afrique centrale,export,2018,2,1,2020
SAINT THOMAS ILE DU PRINCE,Afrique centrale,export,2019,,,2020
SAINT THOMAS ILE DU PRINCE,Afrique centrale,export,2020,,,2020
TCHAD,Afrique centrale,export,2016,13750,2548,2020
TCHAD,Afrique centrale,export,2017,14215,3454,2020
TCHAD,Afrique centrale,export,2018,14734,3591,2020
TCHAD,Afrique centrale,export,2019,8187,2730,2020
TCHAD,Afrique centrale,export,2020,4100,2626,2020
ALGERIE,Afrique du Nord,export,2016,373,406,2020
ALGERIE,Afrique du Nord,export,2017,302,269,2020
ALGERIE,Afrique du Nord,export,2018,246,220,2020
ALGERIE,Afrique du Nord,export,2019,151,94,2020
ALGERIE,Afrique du Nord,export,2020,400,506,2020
EGYPTE,Afrique du Nord,export,2016,318,473,2020
EGYPTE,Afrique du Nord,export,2017,244,260,2020
EGYPTE,Afrique du Nord,export,2018,260,348,2020
EGYPTE,Afrique du Nord,export,2019,253,788,2020
EGYPTE,Afrique du Nord,export,2020,474,1893,2020
ILES CANARIES,Afrique du Nord,export,2016,,,2020
ILES CANARIES,Afrique du Nord,export,2017,,,2020
ILES CANARIES,Afrique du Nord,export,2018,10,27,2020
ILES CANARIES,Afrique du Nord,export,2019,,,2020
ILES CANARIES,Afrique du Nord,export,2020,,,2020
LIBYE,Afrique du Nord,export,2016,17,11,2020
LIBYE,Afrique du Nord,export,2017,282,122,2020
LIBYE,Afrique du Nord,export,2018,4,4,2020
LIBYE,Afrique du Nord,export,2019,36,60,2020
LIBYE,Afrique du Nord,export,2020,3,12,2020
MAROC,Afrique du Nord,export,2016,4511,4962,2020
MAROC,Afrique du Nord,export,2017,2589,2755,2020
MAROC,Afrique du Nord,export,2018,5084,4426,2020
MAROC,Afrique du Nord,export,2019,7262,4798,2020
MAROC,Afrique du Nord,export,2020,6262,3848,2020
SOUDAN,Afrique du Nord,export,2016,383,12185,2020
SOUDAN,Afrique du Nord,export,2017,523,364,2020
SOUDAN,Afrique du Nord,export,2018,1045,384,2020
SOUDAN,Afrique du Nord,export,2019,436,371,2020
SOUDAN,Afrique du Nord,export,2020,688,593,2020
TUNISIE,Afrique du Nord,export,2016,1996,1930,2020
TUNISIE,Afrique du Nord,export,2017,1552,1370,2020
TUNISIE,Afrique du Nord,export,2018,535,648,2020
TUNISIE,Afrique du Nord,export,2019,2360,3444,2020
TUNISIE,Afrique du Nord,export,2020,1292,1977,2020
BENIN,Afrique occidentale,export,2016,11341,40485,2020
BENIN,Afrique occidentale,export,2017,9522,35316,2020
BENIN,Afrique occidentale,export,2018,10216,25412,2020
BENIN,Afrique occidentale,export,2019,12050,33743,2020
BENIN,Afrique occidentale,export,2020,9905,44176,2020
BURKINA FASO,Afrique occidentale,export,2016,30986,119234,2020
BURKINA FASO,Afrique occidentale,export,2017,33482,79503,2020
BURKINA FASO,Afrique occidentale,export,2018,38471,80141,2020
BURKINA FASO,Afrique occidentale,export,2019,38039,85251,2020
BURKINA FASO,Afrique occidentale,export,2020,29978,85511,2020
COTE D'IVOIRE,Afrique occidentale,export,2016,79352,234072,2020
COTE D'IVOIRE,Afrique occidentale,export,2017,81699,232163,2020
COTE D'IVOIRE,Afrique occidentale,export,2018,72911,213152,2020
COTE D'IVOIRE,Afrique occidentale,export,2019,91948,287310,2020
COTE D'IVOIRE,Afrique occidentale,export,2020,110319,310871,2020
GAMBIE,Afrique occidentale,export,2016,50409,671735,2020
GAMBIE,Afrique occidentale,export,2017,62813,579781,2020
GAMBIE,Afrique occidentale,export,2018,54237,394203,2020
GAMBIE,Afrique occidentale,export,2019,45418,403456,2020
GAMBIE,Afrique occidentale,export,2020,64554,446548,2020
GHANA,Afrique occidentale,export,2016,9906,13851,2020
GHANA,Afrique occidentale,export,2017,9319,11675,2020
GHANA,Afrique occidentale,export,2018,13298,15216,2020
GHANA,Afrique occidentale,export,2019,6248,9893,2020
GHANA,Afrique occidentale,export,2020,8830,10370,2020
GUINEE BISSAU,Afrique occidentale,export,2016,31211,99980,2020
GUINEE BISSAU,Afrique occidentale,export,2017,34791,113289,2020
GUINEE BISSAU,Afrique occidentale,export,2018,38028,105185,2020
GUINEE BISSAU,Afrique occidentale,export,2019,38374,87853,2020
GUINEE BISSAU,Afrique occidentale,export,2020,32876,71812,2020
GUINEE REPUBLIQUE,Afrique occidentale,export,2016,50115,70489,2020
GUINEE REPUBLIQUE,Afrique occidentale,export,2017,61392,97335,2020
GUINEE REPUBLIQUE,Afrique occidentale,export,2018,70800,107142,2020
GUINEE REPUBLIQUE,Afrique occidentale,export,2019,78817,134366,2020
GUINEE REPUBLIQUE,Afrique occidentale,export,2020,85381,163055,2020
ILES DU CAP VERT,Afrique occidentale,export,2016,1907,2569,2020
ILES DU CAP VERT,Afrique occidentale,export,2017,2398,1096,2020
ILES DU CAP VERT,Afrique occidentale,export,2018,2320,3306,2020
ILES DU CAP VERT,Afrique occidentale,export,2019,1656,817,2020
ILES DU CAP VERT,Afrique occidentale,export,2020,1061,508,2020
LIBERIA,Afrique occidentale,export,2016,4186,3881,2020
LIBERIA,Afrique occidentale,export,2017,3894,3301,2020
LIBERIA,Afrique occidentale,export,2018,4163,4335,2020
LIBERIA,Afrique occidentale,export,2019,1699,2017,2020
LIBERIA,Afrique occidentale,export,2020,1782,2450,2020
MALI,Afrique occidentale,export,2016,271055,2653844,2020
MALI,Afrique occidentale,export,2017,347094,2857135,2020
MALI,Afrique occidentale,export,2018,388682,2721598,2020
MALI,Afrique occidentale,export,2019,562138,2984417,2020
MALI,Afrique occidentale,export,2020,474811,2946232,2020
MAURITANIE,Afrique occidentale,export,2016,45626,314707,2020
MAURITANIE,Afrique occidentale,export,2017,44941,262646,2020
MAURITANIE,Afrique occidentale,export,2018,41913,51840,2020
MAURITANIE,Afrique occidentale,export,2019,39741,65005,2020
MAURITANIE,Afrique occidentale,export,2020,40810,62845,2020
NIGER,Afrique occidentale,export,2016,13291,23417,2020
NIGER,Afrique occidentale,export,2017,9932,12630,2020
NIGER,Afrique occidentale,export,2018,15886,86328,2020
NIGER,Afrique occidentale,export,2019,8967,104364,2020
NIGER,Afrique occidentale,export,2020,11761,27193,2020
NIGERIA,Afrique occidentale,export,2016,5918,8103,2020
NIGERIA,Afrique occidentale,export,2017,12601,11335,2020
NIGERIA,Afrique occidentale,export,2018,16547,12368,2020
NIGERIA,Afrique occidentale,export,2019,14995,17250,2020
NIGERIA,Afrique occidentale,export,2020,13722,15794,2020
SIERRA LEONE,Afrique occidentale,export,2016,10037,22374,2020
SIERRA LEONE,Afrique occidentale,export,2017,7954,10669,2020
SIERRA LEONE,Afrique occidentale,export,2018,9072,13632,2020
SIERRA LEONE,Afrique occidentale,export,2019,8385,15789,2020
SIERRA LEONE,Afrique occidentale,export,2020,6986,13554,2020
TOGO,Afrique occidentale,export,2016,14917,15271,2020
TOGO,Afrique occidentale,export,2017,14543,14800,2020
TOGO,Afrique occidentale,export,2018,11720,13124,2020
TOGO,Afrique occidentale,export,2019,16747,40193,2020
TOGO,Afrique occidentale,export,2020,11032,10547,2020
AFRIQUE DU SUD,Afrique orientale et du Sud,export,2016,1118,1278,2020
AFRIQUE DU SUD,Afrique orientale et du Sud,export,2017,2628,1132,2020
AFRIQUE DU SUD,Afrique orientale et du Sud,export,2018,298,314,2020
AFRIQUE DU SUD,Afrique orientale et du Sud,export,2019,1088,1052,2020
AFRIQUE DU SUD,Afrique orientale et du Sud,export,2020,92,71,2020
ANGOLA,Afrique orientale et du Sud,export,2016,2591,389,2020
ANGOLA,Afrique orientale et du Sud,export,2017,454,411,2020
ANGOLA,Afrique orientale et du Sud,export,2018,199,267,2020
ANGOLA,Afrique orientale et du Sud,export,2019,432,548,2020
ANGOLA,Afrique orientale et du Sud,export,2020,713,798,2020
BOTSWANA,Afrique orientale et du Sud,export,2016,13,92,2020
BOTSWANA,Afrique orientale et du Sud,export,2017,13,15,2020
BOTSWANA,Afrique orientale et du Sud,export,2018,27,84,2020
BOTSWANA,Afrique orientale et du Sud,export,2019,208,343,2020
BOTSWANA,Afrique orientale et du Sud,export,2020,0,0,2020
COMORES ILE,Afrique orientale et du Sud,export,2016,62,121,2020
COMORES ILE,Afrique orientale et du Sud,export,2017,0,0,2020
COMORES ILE,Afrique orientale et du Sud,export,2018,64,114,2020
COMORES ILE,Afrique orientale et du Sud,export,2019,14,2,2020
COMORES ILE,Afrique orientale et du Sud,export,2020,10,24,2020
DJIBOUTI,Afrique orientale et du Sud,export,2016,78,60,2020
DJIBOUTI,Afrique orientale et du Sud,export,2017,9,1,2020
DJIBOUTI,Afrique orientale et du Sud,export,2018,26,5,2020
DJIBOUTI,Afrique orientale et du Sud,export,2019,4,0,2020
DJIBOUTI,Afrique orientale et du Sud,export,2020,1,0,2020
ETHIOPIE,Afrique orientale et du Sud,export,2016,2,0,2020
ETHIOPIE,Afrique orientale et du Sud,export,2017,283,232,2020
ETHIOPIE,Afrique orientale et du Sud,export,2018,48,35,2020
ETHIOPIE,Afrique orientale et du Sud,export,2019,995,1035,2020
ETHIOPIE,Afrique orientale et du Sud,export,2020,17,12,2020
ILE STE HELENE,Afrique orientale et du Sud,export,2016,,,2020
ILE STE HELENE,Afrique orientale et du Sud,export,2017,,,2020
ILE STE HELENE,Afrique orientale et du Sud,export,2018,0,0,2020
ILE STE HELENE,Afrique orientale et du Sud,export,2019,94,53,2020
ILE STE HELENE,Afrique orientale et du Sud,export,2020,0,0,2020
ILES MAURICE,Afrique orientale et du Sud,export,2016,1,0,2020
ILES MAURICE,Afrique orientale et du Sud,export,2017,104,33,2020
ILES MAURICE,Afrique orientale et du Sud,export,2018,4,1,2020
ILES MAURICE,Afrique orientale et du Sud,export,2019,86,29,2020
ILES MAURICE,Afrique orientale et du Sud,export,2020,1018,833,2020
KENYA,Afrique orientale et du Sud,export,2016,26,10,2020
KENYA,Afrique orientale et du Sud,export,2017,80,26,2020
KENYA,Afrique orientale et du Sud,export,2018,166,50,2020
KENYA,Afrique orientale et du Sud,export,2019,836,3027,2020
KENYA,Afrique orientale et du Sud,export,2020,12,2,2020
MADAGASCAR,Afrique orientale et du Sud,export,2016,19,1,2020
MADAGASCAR,Afrique orientale et du Sud,export,2017,29,4,2020
MADAGASCAR,Afrique orientale et du Sud,export,2018,64,11,2020
MADAGASCAR,Afrique orientale et du Sud,export,2019,39,26,2020
MADAGASCAR,Afrique orientale et du Sud,export,2020,242,168,2020
MALAWI,Afrique orientale et du Sud,export,2016,6,2,2020
MALAWI,Afrique orientale et du Sud,export,2017,,,2020
MALAWI,Afrique orientale et du Sud,export,2018,,,2020
MALAWI,Afrique orientale et du Sud,export,2019,360,5,2020
MALAWI,Afrique orientale et du Sud,export,2020,,,2020
MOZAMBIQUE,Afrique orientale et du Sud,export,2016,391,196,2020
MOZAMBIQUE,Afrique orientale et du Sud,export,2017,35,12,2020
MOZAMBIQUE,Afrique orientale et du Sud,export,2018,74,49,2020
MOZAMBIQUE,Afrique orientale et du Sud,export,2019,265,499,2020
MOZAMBIQUE,Afrique orientale et du Sud,export,2020,219,106,2020
NAMIBIE,Afrique orientale et du Sud,export,2016,45,14,2020
NAMIBIE,Afrique orientale et du Sud,export,2017,233,88,2020
NAMIBIE,Afrique orientale et du Sud,export,2018,12,27,2020
NAMIBIE,Afrique orientale et du Sud,export,2019,100,32,2020
NAMIBIE,Afrique orientale et du Sud,export,2020,,,2020
OUGANDA,Afrique orientale et du Sud,export,2016,210,181,2020
OUGANDA,Afrique orientale et du Sud,export,2017,180,99,2020
OUGANDA,Afrique orientale et du Sud,export,2018,219,137,2020
OUGANDA,Afrique orientale et du Sud,export,2019,476,305,2020
OUGANDA,Afrique orientale et du Sud,export,2020,411,314,2020
REPUBLIQUE DE SOMALIE,Afrique orientale et du Sud,export,2016,0,0,2020
REPUBLIQUE DE SOMALIE,Afrique orientale et du Sud,export,2017,,,2020
REPUBLIQUE DE SOMALIE,Afrique orientale et du Sud,export,2018,,,2020
REPUBLIQUE DE SOMALIE,Afrique orientale et du Sud,export,2019,77,2,2020
REPUBLIQUE DE SOMALIE,Afrique orientale et du Sud,export,2020,20,14,2020
REUNION,Afrique orientale et du Sud,export,2016,,,2020
REUNION,Afrique orientale et du Sud,export,2017,51,0,2020
REUNION,Afrique orientale et du Sud,export,2018,0,0,2020
REUNION,Afrique orientale et du Sud,export,2019,,,2020
REUNION,Afrique orientale et du Sud,export,2020,,,2020
SEYCHELLES,Afrique orientale et du Sud,export,2016,0,0,2020
SEYCHELLES,Afrique orientale et du Sud,export,2017,,,2020
SEYCHELLES,Afrique orientale et du Sud,export,2018,,,2020
SEYCHELLES,Afrique orientale et du Sud,export,2019,2,96,2020
SEYCHELLES,Afrique orientale et du Sud,export,2020,20,432,2020
SWAZILAND,Afrique orientale et du Sud,export,2016,,,2020
SWAZILAND,Afrique orientale et du Sud,export,2017,1632,37101,2020
SWAZILAND,Afrique orientale et du Sud,export,2018,2952,87020,2020
SWAZILAND,Afrique orientale et du Sud,export,2019,8947,225802,2020
SWAZILAND,Afrique orientale et du Sud,export,2020,3696,93051,2020
TANZANIE,Afrique orientale et du Sud,export,2016,1768,226,2020
TANZANIE,Afrique orientale et du Sud,export,2017,410,354,2020
TANZANIE,Afrique orientale et du Sud,export,2018,289,248,2020
TANZANIE,Afrique orientale et du Sud,export,2019,518,384,2020
TANZANIE,Afrique orientale et du Sud,export,2020,988,712,2020
ZAMBIE,Afrique orientale et du Sud,export,2016,119,52,2020
ZAMBIE,Afrique orientale et du Sud,export,2017,604,217,2020
ZAMBIE,Afrique orientale et du Sud,export,2018,627,235,2020
ZAMBIE,Afrique orientale et du Sud,export,2019,1067,497,2020
ZAMBIE,Afrique orientale et du Sud,export,2020,736,386,2020
ZIMBABWE,Afrique orientale et du Sud,export,2016,0,0,2020
ZIMBABWE,Afrique orientale et du Sud,export,2017,0,0,2020
ZIMBABWE,Afrique orientale et du Sud,export,2018,0,0,2020
ZIMBABWE,Afrique orientale et du Sud,export,2019,73,25,2020
ZIMBABWE,Afrique orientale et du Sud,export,2020,,,2020
CANADA,Amérique du Nord,export,2016,745,794,2020
CANADA,Amérique du Nord,export,2017,988,1045,2020
CANADA,Amérique du Nord,export,2018,874,1399,2020
CANADA,Amérique du Nord,export,2019,972,2076,2020
CANADA,Amérique du Nord,export,2020,965,1972,2020
ETATS UNIS D'AMERIQUE,Amérique du Nord,export,2016,36528,77055,2020
ETATS UNIS D'AMERIQUE,Amérique du Nord,export,2017,52954,108598,2020
ETATS UNIS D'AMERIQUE,Amérique du Nord,export,2018,62901,102865,2020
ETATS UNIS D'AMERIQUE,Amérique du Nord,export,2019,77518,154944,2020
ETATS UNIS D'AMERIQUE,Amérique du Nord,export,2020,67534,61822,2020
GROENLAND,Amérique du Nord,export,2016,,,2020
GROENLAND,Amérique du Nord,export,2017,6,3,2020
GROENLAND,Amérique du Nord,export,2018,145,42,2020
GROENLAND,Amérique du Nord,export,2019,,,2020
GROENLAND,Amérique du Nord,export,2020,,,2020
SAINT PIERRE ET MIQUELON,Amérique du Nord,export,2016,57,263,2020
SAINT PIERRE ET MIQUELON,Amérique du Nord,export,2017,54,79,2020
SAINT PIERRE ET MIQUELON,Amérique du Nord,export,2018,,,2020
SAINT PIERRE ET MIQUELON,Amérique du Nord,export,2019,,,2020
SAINT PIERRE ET MIQUELON,Amérique du Nord,export,2020,9,5,2020
ANTIGUA-BARBUDA,Amérique centrale et du Sud,export,2016,85,22,2020
ANTIGUA-BARBUDA,Amérique centrale et du Sud,export,2017,404,466,2020
ANTIGUA-BARBUDA,Amérique centrale et du Sud,export,2018,11,2,2020
ANTIGUA-BARBUDA,Amérique centrale et du Sud,export,2019,53,19,2020
ANTIGUA-BARBUDA,Amérique centrale et du Sud,export,2020,0,0,2020
ARGENTINE,Amérique centrale et du Sud,export,2016,72,173,2020
ARGENTINE,Amérique centrale et du Sud,export,2017,5749,26681,2020
ARGENTINE,Amérique centrale et du Sud,export,2018,0,0,2020
ARGENTINE,Amérique centrale et du Sud,export,2019,,,2020
ARGENTINE,Amérique centrale et du Sud,export,2020,48,11,2020
BOLIVIE,Amérique centrale et du Sud,export,2016,4,0,2020
BOLIVIE,Amérique centrale et du Sud,export,2017,,,2020
BOLIVIE,Amérique centrale et du Sud,export,2018,,,2020
BOLIVIE,Amérique centrale et du Sud,export,2019,,,2020
BOLIVIE,Amérique centrale et du Sud,export,2020,,,2020
BRESIL,Amérique centrale et du Sud,export,2016,3090,6414,2020
BRESIL,Amérique centrale et du Sud,export,2017,1646,2836,2020
BRESIL,Amérique centrale et du Sud,export,2018,1819,2033,2020
BRESIL,Amérique centrale et du Sud,export,2019,446,504,2020
BRESIL,Amérique centrale et du Sud,export,2020,410,748,2020
CHILI,Amérique centrale et du Sud,export,2016,74,126,2020
CHILI,Amérique centrale et du Sud,export,2017,771,670,2020
CHILI,Amérique centrale et du Sud,export,2018,63,174,2020
CHILI,Amérique centrale et du Sud,export,2019,3885,5670,2020
CHILI,Amérique centrale et du Sud,export,2020,85,133,2020
COLOMBIE,Amérique centrale et du Sud,export,2016,206,220,2020
COLOMBIE,Amérique centrale et du Sud,export,2017,289,94,2020
COLOMBIE,Amérique centrale et du Sud,export,2018,2019,2539,2020
COLOMBIE,Amérique centrale et du Sud,export,2019,693,929,2020
COLOMBIE,Amérique centrale et du Sud,export,2020,2339,2620,2020
COSTA RICA,Amérique centrale et du Sud,export,2016,12,2,2020
COSTA RICA,Amérique centrale et du Sud,export,2017,1,14,2020
COSTA RICA,Amérique centrale et du Sud,export,2018,471,878,2020
COSTA RICA,Amérique centrale et du Sud,export,2019,577,930,2020
COSTA RICA,Amérique centrale et du Sud,export,2020,59,120,2020
CUBA,Amérique centrale et du Sud,export,2016,,,2020
CUBA,Amérique centrale et du Sud,export,2017,,,2020
CUBA,Amérique centrale et du Sud,export,2018,,,2020
CUBA,Amérique centrale et du Sud,export,2019,1,0,2020
CUBA,Amérique centrale et du Sud,export,2020,7,1,2020
CURUCAO,Amérique centrale et du Sud,export,2016,,,2020
CURUCAO,Amérique centrale et du Sud,export,2017,,,2020
CURUCAO,Amérique centrale et du Sud,export,2018,0,0,2020
CURUCAO,Amérique centrale et du Sud,export,2019,1,1,2020
CURUCAO,Amérique centrale et du Sud,export,2020,,,2020
EQUATEUR,Amérique centrale et du Sud,export,2016,151,26,2020
EQUATEUR,Amérique centrale et du Sud,export,2017,1250,926,2020
EQUATEUR,Amérique centrale et du Sud,export,2018,146,204,2020
EQUATEUR,Amérique centrale et du Sud,export,2019,717,961,2020
EQUATEUR,Amérique centrale et du Sud,export,2020,1398,1807,2020
GUADELOUPE,Amérique centrale et du Sud,export,2016,4,2,2020
GUADELOUPE,Amérique centrale et du Sud,export,2017,8,7,2020
GUADELOUPE,Amérique centrale et du Sud,export,2018,22,17,2020
GUADELOUPE,Amérique centrale et du Sud,export,2019,18,16,2020
GUADELOUPE,Amérique centrale et du Sud,export,2020,13,4,2020
GUATEMALA,Amérique centrale et du Sud,export,2016,21,1,2020
GUATEMALA,Amérique centrale et du Sud,export,2017,,,2020
GUATEMALA,Amérique centrale et du Sud,export,2018,79,96,2020
GUATEMALA,Amérique centrale et du Sud,export,2019,333,341,2020
GUATEMALA,Amérique centrale et du Sud,export,2020,70,57,2020
GUYANA,Amérique centrale et du Sud,export,2016,,,2020
GUYANA,Amérique centrale et du Sud,export,2017,0,0,2020
GUYANA,Amérique centrale et du Sud,export,2018,,,2020
GUYANA,Amérique centrale et du Sud,export,2019,2,0,2020
GUYANA,Amérique centrale et du Sud,export,2020,,,2020
GUYANE FRANCAISE,Amérique centrale et du Sud,export,2016,57,16,2020
GUYANE FRANCAISE,Amérique centrale et du Sud,export,2017,,,2020
GUYANE FRANCAISE,Amérique centrale et du Sud,export,2018,5,1,2020
GUYANE FRANCAISE,Amérique centrale et du Sud,export,2019,5,1,2020
GUYANE FRANCAISE,Amérique centrale et du Sud,export,2020,3,0,2020
HAITI,Amérique centrale et du Sud,export,2016,122,70,2020
HAITI,Amérique centrale et du Sud,export,2017,,,2020
HAITI,Amérique centrale et du Sud,export,2018,165,91,2020
HAITI,Amérique centrale et du Sud,export,2019,81,54,2020
HAITI,Amérique centrale et du Sud,export,2020,874,639,2020
ILES BERMUDES,Amérique centrale et du Sud,export,2016,1,0,2020
ILES BERMUDES,Amérique centrale et du Sud,export,2017,,,2020
ILES BERMUDES,Amérique centrale et du Sud,export,2018,15,12,2020
ILES BERMUDES,Amérique centrale et du Sud,export,2019,1,1,2020
ILES BERMUDES,Amérique centrale et du Sud,export,2020,,,2020
ILES BRAHAMAS,Amérique centrale et du Sud,export,2016,,,2020
ILES BRAHAMAS,Amérique centrale et du Sud,export,2017,8,25,2020
ILES BRAHAMAS,Amérique centrale et du Sud,export,2018,,,2020
ILES BRAHAMAS,Amérique centrale et du Sud,export,2019,,,2020
ILES BRAHAMAS,Amérique centrale et du Sud,export,2020,,,2020
ILES CALQUES,Amérique centrale et du Sud,export,2016,17,6,2020
ILES CALQUES,Amérique centrale et du Sud,export,2017,1,0,2020
ILES CALQUES,Amérique centrale et du Sud,export,2018,11,2,2020
ILES CALQUES,Amérique centrale et du Sud,export,2019,4,0,2020
ILES CALQUES,Amérique centrale et du Sud,export,2020,,,2020
ILES VIERGES DES USA,Amérique centrale et du Sud,export,2016,334,631,2020
ILES VIERGES DES USA,Amérique centrale et du Sud,export,2017,5,20,2020
ILES VIERGES DES USA,Amérique centrale et du Sud,export,2018,101,111,2020
ILES VIERGES DES USA,Amérique centrale et du Sud,export,2019,78,60,2020
ILES VIERGES DES USA,Amérique centrale et du Sud,export,2020,9,90,2020
LA BARBADE,Amérique centrale et du Sud,export,2016,119,32,2020
LA BARBADE,Amérique centrale et du Sud,export,2017,,,2020
LA BARBADE,Amérique centrale et du Sud,export,2018,,,2020
LA BARBADE,Amérique centrale et du Sud,export,2019,84,22,2020
LA BARBADE,Amérique centrale et du Sud,export,2020,,,2020
MARTINIQUE,Amérique centrale et du Sud,export,2016,3,4,2020
MARTINIQUE,Amérique centrale et du Sud,export,2017,4,2,2020
MARTINIQUE,Amérique centrale et du Sud,export,2018,3,1,2020
MARTINIQUE,Amérique centrale et du Sud,export,2019,13,10,2020
MARTINIQUE,Amérique centrale et du Sud,export,2020,5,4,2020
MEXIQUE,Amérique centrale et du Sud,export,2016,4747,31562,2020
MEXIQUE,Amérique centrale et du Sud,export,2017,8922,83982,2020
MEXIQUE,Amérique centrale et du Sud,export,2018,6574,27494,2020
MEXIQUE,Amérique centrale et du Sud,export,2019,3035,12811,2020
MEXIQUE,Amérique centrale et du Sud,export,2020,13934,101798,2020
NICARAGUA,Amérique centrale et du Sud,export,2016,168,3,2020
NICARAGUA,Amérique centrale et du Sud,export,2017,2,1,2020
NICARAGUA,Amérique centrale et du Sud,export,2018,36,53,2020
NICARAGUA,Amérique centrale et du Sud,export,2019,51,18,2020
NICARAGUA,Amérique centrale et du Sud,export,2020,0,0,2020
PANAMA,Amérique centrale et du Sud,export,2016,1,0,2020
PANAMA,Amérique centrale et du Sud,export,2017,187,7462,2020
PANAMA,Amérique centrale et du Sud,export,2018,,,2020
PANAMA,Amérique centrale et du Sud,export,2019,,,2020
PANAMA,Amérique centrale et du Sud,export,2020,39,26,2020
PARAGUAY,Amérique centrale et du Sud,export,2016,,,2020
PARAGUAY,Amérique centrale et du Sud,export,2017,,,2020
PARAGUAY,Amérique centrale et du Sud,export,2018,,,2020
PARAGUAY,Amérique centrale et du Sud,export,2019,13,3,2020
PARAGUAY,Amérique centrale et du Sud,export,2020,,,2020
PEROU,Amérique centrale et du Sud,export,2016,,,2020
PEROU,Amérique centrale et du Sud,export,2017,,,2020
PEROU,Amérique centrale et du Sud,export,2018,253,362,2020
PEROU,Amérique centrale et du Sud,export,2019,891,1426,2020
PEROU,Amérique centrale et du Sud,export,2020,549,742,2020
SAINT DOMINGUE,Amérique centrale et du Sud,export,2016,,,2020
SAINT DOMINGUE,Amérique centrale et du Sud,export,2017,,,2020
SAINT DOMINGUE,Amérique centrale et du Sud,export,2018,,,2020
SAINT DOMINGUE,Amérique centrale et du Sud,export,2019,38,20,2020
SAINT DOMINGUE,Amérique centrale et du Sud,export,2020,,,2020
SALVADOR,Amérique centrale et du Sud,export,2016,,,2020
SALVADOR,Amérique centrale et du Sud,export,2017,127,1516,2020
SALVADOR,Amérique centrale et du Sud,export,2018,,,2020
SALVADOR,Amérique centrale et du Sud,export,2019,,,2020
SALVADOR,Amérique centrale et du Sud,export,2020,,,2020
ST VINCENT-ILES GRENADINES,Amérique centrale et du Sud,export,2016,4,3,2020
ST VINCENT-ILES GRENADINES,Amérique centrale et du Sud,export,2017,1,0,2020
ST VINCENT-ILES GRENADINES,Amérique centrale et du Sud,export,2018,,,2020
ST VINCENT-ILES GRENADINES,Amérique centrale et du Sud,export,2019,2,0,2020
ST VINCENT-ILES GRENADINES,Amérique centrale et du Sud,export,2020,,,2020
SURINAM,Amérique centrale et du Sud,export,2016,,,2020
SURINAM,Amérique centrale et du Sud,export,2017,,,2020
SURINAM,Amérique centrale et du Sud,export,2018,6,2,2020
SURINAM,Amérique centrale et du Sud,export,2019,107,64,2020
SURINAM,Amérique centrale et du Sud,export,2020,10,2,2020
TRINIDAD ET TOBAGO,Amérique centrale et du Sud,export,2016,516,159,2020
TRINIDAD ET TOBAGO,Amérique centrale et du Sud,export,2017,39,10,2020
TRINIDAD ET TOBAGO,Amérique centrale et du Sud,export,2018,81,21,2020
TRINIDAD ET TOBAGO,Amérique centrale et du Sud,export,2019,167,43,2020
TRINIDAD ET TOBAGO,Amérique centrale et du Sud,export,2020,,,2020
URUGUAY,Amérique centrale et du Sud,export,2016,0,42,2020
URUGUAY,Amérique centrale et du Sud,export,2017,5,12,2020
URUGUAY,Amérique centrale et du Sud,export,2018,1,2,2020
URUGUAY,Amérique centrale et du Sud,export,2019,6,4,2020
URUGUAY,Amérique centrale et du Sud,export,2020,,,2020
VENEZUELA,Amérique centrale et du Sud,export,2016,,,2020
VENEZUELA,Amérique centrale et du Sud,export,2017,76,102,2020
VENEZUELA,Amérique centrale et du Sud,export,2018,25,25,2020
VENEZUELA,Amérique centrale et du Sud,export,2019,191,223,2020
VENEZUELA,Amérique centrale et du Sud,export,2020,128,125,2020
ARABIE SEOUDITE,Asie occidentale,export,2016,955,439,2020
ARABIE SEOUDITE,Asie occidentale,export,2017,669,196,2020
ARABIE SEOUDITE,Asie occidentale,export,2018,1071,951,2020
ARABIE SEOUDITE,Asie occidentale,export,2019,510,423,2020
ARABIE SEOUDITE,Asie occidentale,export,2020,265,55,2020
BAHREIN,Asie occidentale,export,2016,,,2020
BAHREIN,Asie occidentale,export,2017,0,0,2020
BAHREIN,Asie occidentale,export,2018,,,2020
BAHREIN,Asie occidentale,export,2019,,,2020
BAHREIN,Asie occidentale,export,2020,,,2020
EMIRATS ARABES UNIS,Asie occidentale,export,2016,43521,5821,2020
EMIRATS ARABES UNIS,Asie occidentale,export,2017,78533,71306,2020
EMIRATS ARABES UNIS,Asie occidentale,export,2018,36866,25977,2020
EMIRATS ARABES UNIS,Asie occidentale,export,2019,34101,6324,2020
EMIRATS ARABES UNIS,Asie occidentale,export,2020,25435,5639,2020
IRAK,Asie occidentale,export,2016,0,0,2020
IRAK,Asie occidentale,export,2017,1,0,2020
IRAK,Asie occidentale,export,2018,9,0,2020
IRAK,Asie occidentale,export,2019,136,546,2020
IRAK,Asie occidentale,export,2020,26,9,2020
IRAN,Asie occidentale,export,2016,1234,1310,2020
IRAN,Asie occidentale,export,2017,516,425,2020
IRAN,Asie occidentale,export,2018,1648,1401,2020
IRAN,Asie occidentale,export,2019,,,2020
IRAN,Asie occidentale,export,2020,185,201,2020
ISRAEL,Asie occidentale,export,2016,2036,353,2020
ISRAEL,Asie occidentale,export,2017,1616,262,2020
ISRAEL,Asie occidentale,export,2018,1921,277,2020
ISRAEL,Asie occidentale,export,2019,1316,176,2020
ISRAEL,Asie occidentale,export,2020,954,179,2020
JORDANIE,Asie occidentale,export,2016,68,13,2020
JORDANIE,Asie occidentale,export,2017,43,11,2020
JORDANIE,Asie occidentale,export,2018,31,61,2020
JORDANIE,Asie occidentale,export,2019,0,1,2020
JORDANIE,Asie occidentale,export,2020,58,70,2020
KOWEIT,Asie occidentale,export,2016,2,1,2020
KOWEIT,Asie occidentale,export,2017,553,1,2020
KOWEIT,Asie occidentale,export,2018,13,0,2020
KOWEIT,Asie occidentale,export,2019,3,0,2020
KOWEIT,Asie occidentale,export,2020,11,1,2020
LIBAN,Asie occidentale,export,2016,8695,143746,2020
LIBAN,Asie occidentale,export,2017,9889,191738,2020
LIBAN,Asie occidentale,export,2018,8154,211373,2020
LIBAN,Asie occidentale,export,2019,9276,207117,2020
LIBAN,Asie occidentale,export,2020,4796,111900,2020
OMAN,Asie occidentale,export,2016,,,2020
OMAN,Asie occidentale,export,2017,4,0,2020
OMAN,Asie occidentale,export,2018,6,0,2020
OMAN,Asie occidentale,export,2019,,,2020
OMAN,Asie occidentale,export,2020,37,94,2020
QATAR,Asie occidentale,export,2016,0,0,2020
QATAR,Asie occidentale,export,2017,24,17,2020
QATAR,Asie occidentale,export,2018,0,0,2020
QATAR,Asie occidentale,export,2019,0,0,2020
QATAR,Asie occidentale,export,2020,10,10,2020
SYRIE,Asie occidentale,export,2016,8,1,2020
SYRIE,Asie occidentale,export,2017,,,2020
SYRIE,Asie occidentale,export,2018,151,256,2020
SYRIE,Asie occidentale,export,2019,11,240,2020
SYRIE,Asie occidentale,export,2020,91,576,2020
YEMEN DEMOCRATIQUE,Asie occidentale,export,2016,,,2020
YEMEN DEMOCRATIQUE,Asie occidentale,export,2017,,,2020
YEMEN DEMOCRATIQUE,Asie occidentale,export,2018,13,36,2020
YEMEN DEMOCRATIQUE,Asie occidentale,export,2019,,,2020
YEMEN DEMOCRATIQUE,Asie occidentale,export,2020,,,2020
AFGANISTAN,Autres pays d'Asie,export,2016,23,56,2020
AFGANISTAN,Autres pays d'Asie,export,2017,4,1,2020
AFGANISTAN,Autres pays d'Asie,export,2018,2,0,2020
AFGANISTAN,Autres pays d'Asie,export,2019,31,63,2020
AFGANISTAN,Autres pays d'Asie,export,2020,8,2,2020
BENGLADESH,Autres pays d'Asie,export,2016,6572,7633,2020
BENGLADESH,Autres pays d'Asie,export,2017,5485,7378,2020
BENGLADESH,Autres pays d'Asie,export,2018,5578,6937,2020
BENGLADESH,Autres pays d'Asie,export,2019,4077,4175,2020
BENGLADESH,Autres pays d'Asie,export,2020,4855,5341,2020
BHOUTAN,Autres pays d'Asie,export,2016,,,2020
BHOUTAN,Autres pays d'Asie,export,2017,,,2020
BHOUTAN,Autres pays d'Asie,export,2018,,,2020
BHOUTAN,Autres pays d'Asie,export,2019,1,1,2020
BHOUTAN,Autres pays d'Asie,export,2020,,,2020
BRUNEI,Autres pays d'Asie,export,2016,295,208,2020
BRUNEI,Autres pays d'Asie,export,2017,626,771,2020
BRUNEI,Autres pays d'Asie,export,2018,1832,1459,2020
BRUNEI,Autres pays d'Asie,export,2019,1524,2236,2020
BRUNEI,Autres pays d'Asie,export,2020,2353,2864,2020
CAMBODGE,Autres pays d'Asie,export,2016,11,4,2020
CAMBODGE,Autres pays d'Asie,export,2017,1,0,2020
CAMBODGE,Autres pays d'Asie,export,2018,,,2020
CAMBODGE,Autres pays d'Asie,export,2019,,,2020
CAMBODGE,Autres pays d'Asie,export,2020,,,2020
COREE DU NORD,Autres pays d'Asie,export,2016,286,117,2020
COREE DU NORD,Autres pays d'Asie,export,2017,1454,571,2020
COREE DU NORD,Autres pays d'Asie,export,2018,852,482,2020
COREE DU NORD,Autres pays d'Asie,export,2019,600,469,2020
COREE DU NORD,Autres pays d'Asie,export,2020,103,54,2020
COREE DU SUD,Autres pays d'Asie,export,2016,29783,18183,2020
COREE DU SUD,Autres pays d'Asie,export,2017,23929,13426,2020
COREE DU SUD,Autres pays d'Asie,export,2018,14796,8126,2020
COREE DU SUD,Autres pays d'Asie,export,2019,23144,25434,2020
COREE DU SUD,Autres pays d'Asie,export,2020,18365,10570,2020
HONG-KONG,Autres pays d'Asie,export,2016,1947,967,2020
HONG-KONG,Autres pays d'Asie,export,2017,2804,1525,2020
HONG-KONG,Autres pays d'Asie,export,2018,1594,508,2020
HONG-KONG,Autres pays d'Asie,export,2019,1249,1278,2020
HONG-KONG,Autres pays d'Asie,export,2020,368,213,2020
INDE,Autres pays d'Asie,export,2016,122260,351426,2020
INDE,Autres pays d'Asie,export,2017,87346,364258,2020
INDE,Autres pays d'Asie,export,2018,168341,508872,2020
INDE,Autres pays d'Asie,export,2019,211915,547595,2020
INDE,Autres pays d'Asie,export,2020,171975,535830,2020
INDONESIE,Autres pays d'Asie,export,2016,533,872,2020
INDONESIE,Autres pays d'Asie,export,2017,850,2447,2020
INDONESIE,Autres pays d'Asie,export,2018,791,1102,2020
INDONESIE,Autres pays d'Asie,export,2019,49,91,2020
INDONESIE,Autres pays d'Asie,export,2020,1399,832,2020
JAPON,Autres pays d'Asie,export,2016,4194,15975,2020
JAPON,Autres pays d'Asie,export,2017,3215,3280,2020
JAPON,Autres pays d'Asie,export,2018,6840,4149,2020
JAPON,Autres pays d'Asie,export,2019,9563,17155,2020
JAPON,Autres pays d'Asie,export,2020,6169,6605,2020
LAOS,Autres pays d'Asie,export,2016,,,2020
LAOS,Autres pays d'Asie,export,2017,0,0,2020
LAOS,Autres pays d'Asie,export,2018,,,2020
LAOS,Autres pays d'Asie,export,2019,2,1,2020
LAOS,Autres pays d'Asie,export,2020,,,2020
MACAO,Autres pays d'Asie,export,2016,0,0,2020
MACAO,Autres pays d'Asie,export,2017,,,2020
MACAO,Autres pays d'Asie,export,2018,,,2020
MACAO,Autres pays d'Asie,export,2019,5,1,2020
MACAO,Autres pays d'Asie,export,2020,26,0,2020
MALAISIE,Autres pays d'Asie,export,2016,188,572,2020
MALAISIE,Autres pays d'Asie,export,2017,1132,27935,2020
MALAISIE,Autres pays d'Asie,export,2018,1252,15764,2020
MALAISIE,Autres pays d'Asie,export,2019,2447,4167,2020
MALAISIE,Autres pays d'Asie,export,2020,1883,4253,2020
MALDIVES,Autres pays d'Asie,export,2016,1,0,2020
MALDIVES,Autres pays d'Asie,export,2017,4,0,2020
MALDIVES,Autres pays d'Asie,export,2018,1,0,2020
MALDIVES,Autres pays d'Asie,export,2019,2,0,2020
MALDIVES,Autres pays d'Asie,export,2020,11,0,2020
MONGOLIE,Autres pays d'Asie,export,2016,100,31,2020
MONGOLIE,Autres pays d'Asie,export,2017,0,0,2020
MONGOLIE,Autres pays d'Asie,export,2018,79,5,2020
MONGOLIE,Autres pays d'Asie,export,2019,31,800,2020
MONGOLIE,Autres pays d'Asie,export,2020,,,2020
NEPAL,Autres pays d'Asie,export,2016,,,2020
NEPAL,Autres pays d'Asie,export,2017,1,0,2020
NEPAL,Autres pays d'Asie,export,2018,,,2020
NEPAL,Autres pays d'Asie,export,2019,12,13,2020
NEPAL,Autres pays d'Asie,export,2020,,,2020
PAKISTAN,Autres pays d'Asie,export,2016,500,786,2020
PAKISTAN,Autres pays d'Asie,export,2017,413,507,2020
PAKISTAN,Autres pays d'Asie,export,2018,634,854,2020
PAKISTAN,Autres pays d'Asie,export,2019,75,325,2020
PAKISTAN,Autres pays d'Asie,export,2020,723,1779,2020
PHILIPPINE,Autres pays d'Asie,export,2016,,,2020
PHILIPPINE,Autres pays d'Asie,export,2017,,,2020
PHILIPPINE,Autres pays d'Asie,export,2018,36,81,2020
PHILIPPINE,Autres pays d'Asie,export,2019,,,2020
PHILIPPINE,Autres pays d'Asie,export,2020,450,720,2020
REPUBLIQUE POPULAIRE DE CHINE,Autres pays d'Asie,export,2016,74753,265436,2020
REPUBLIQUE POPULAIRE DE CHINE,Autres pays d'Asie,export,2017,77729,232494,2020
REPUBLIQUE POPULAIRE DE CHINE,Autres pays d'Asie,export,2018,64162,173053,2020
REPUBLIQUE POPULAIRE DE CHINE,Autres pays d'Asie,export,2019,161895,458229,2020
REPUBLIQUE POPULAIRE DE CHINE,Autres pays d'Asie,export,2020,152146,425169,2020
SINGAPOUR,Autres pays d'Asie,export,2016,798,1251,2020
SINGAPOUR,Autres pays d'Asie,export,2017,664,6770,2020
SINGAPOUR,Autres pays d'Asie,export,2018,5667,26010,2020
SINGAPOUR,Autres pays d'Asie,export,2019,4361,9600,2020
SINGAPOUR,Autres pays d'Asie,export,2020,1271,2370,2020
TAIWAN,Autres pays d'Asie,export,2016,1381,2053,2020
TAIWAN,Autres pays d'Asie,export,2017,900,837,2020
TAIWAN,Autres pays d'Asie,export,2018,1364,923,2020
TAIWAN,Autres pays d'Asie,export,2019,998,677,2020
TAIWAN,Autres pays d'Asie,export,2020,955,844,2020
THAILANDE,Autres pays d'Asie,export,2016,1251,1353,2020
THAILANDE,Autres pays d'Asie,export,2017,3279,3151,2020
THAILANDE,Autres pays d'Asie,export,2018,2931,3480,2020
THAILANDE,Autres pays d'Asie,export,2019,801,948,2020
THAILANDE,Autres pays d'Asie,export,2020,625,1083,2020
UNION BIRMANE,Autres pays d'Asie,export,2016,,,2020
UNION BIRMANE,Autres pays d'Asie,export,2017,49,25,2020
UNION BIRMANE,Autres pays d'Asie,export,2018,,,2020
UNION BIRMANE,Autres pays d'Asie,export,2019,76,119,2020
UNION BIRMANE,Autres pays d'Asie,export,2020,,,2020
VIETNAM,Autres pays d'Asie,export,2016,22971,49467,2020
VIETNAM,Autres pays d'Asie,export,2017,3468,4503,2020
VIETNAM,Autres pays d'Asie,export,2018,9180,12913,2020
VIETNAM,Autres pays d'Asie,export,2019,14203,29653,2020
VIETNAM,Autres pays d'Asie,export,2020,11117,23051,2020
AUSTRALIE,Océanie,export,2016,273,364,2020
AUSTRALIE,Océanie,export,2017,378,528,2020
AUSTRALIE,Océanie,export,2018,787,901,2020
AUSTRALIE,Océanie,export,2019,1579,1517,2020
AUSTRALIE,Océanie,export,2020,123078,613,2020
NAURU,Océanie,export,2016,,,2020
NAURU,Océanie,export,2017,2,0,2020
NAURU,Océanie,export,2018,4132,49591,2020
NAURU,Océanie,export,2019,,,2020
NAURU,Océanie,export,2020,1,0,2020
NOUVELLE CALEDONIE,Océanie,export,2016,,,2020
NOUVELLE CALEDONIE,Océanie,export,2017,,,2020
NOUVELLE CALEDONIE,Océanie,export,2018,,,2020
NOUVELLE CALEDONIE,Océanie,export,2019,1,0,2020
NOUVELLE CALEDONIE,Océanie,export,2020,,,2020
NOUVELLE GUINEE ET PAPOUASIE,Océanie,export,2016,30,63,2020
NOUVELLE GUINEE ET PAPOUASIE,Océanie,export,2017,2,0,2020
NOUVELLE GUINEE ET PAPOUASIE,Océanie,export,2018,6,1,2020
NOUVELLE GUINEE ET PAPOUASIE,Océanie,export,2019,199,81,2020
NOUVELLE GUINEE ET PAPOUASIE,Océanie,export,2020,,,2020
NOUVELLE ZELANDE,Océanie,export,2016,24,94,2020
NOUVELLE ZELANDE,Océanie,export,2017,249,23,2020
NOUVELLE ZELANDE,Océanie,export,2018,622,221,2020
NOUVELLE ZELANDE,Océanie,export,2019,1414,223,2020
NOUVELLE ZELANDE,Océanie,export,2020,1015,184,2020
SAMOA OCCIDENTAL,Océanie,export,2016,,,2020
SAMOA OCCIDENTAL,Océanie,export,2017,,,2020
SAMOA OCCIDENTAL,Océanie,export,2018,,,2020
SAMOA OCCIDENTAL,Océanie,export,2019,,,2020
SAMOA OCCIDENTAL,Océanie,export,2020,5,0,2020
DIVERS,Divers,export,2016,59367,211082,2020
DIVERS,Divers,export,2017,90201,279609,2020
DIVERS,Divers,export,2018,112076,316572,2020
DIVERS,Divers,export,2019,112090,281047,2020
DIVERS,Divers,export,2020,87441,276153,2020
ALLEMAGNE,Union européenne,import,2016,75563,116952,2020
ALLEMAGNE,Union européenne,import,2017,164785,360189,2020
ALLEMAGNE,Union européenne,import,2018,104068,189185,2020
ALLEMAGNE,Union européenne,import,2019,93111,100101,2020
ALLEMAGNE,Union européenne,import,2020,85722,68811,2020
AUTRICHE,Union européenne,import,2016,3121,3262,2020
AUTRICHE,Union européenne,import,2017,9303,1980,2020
AUTRICHE,Union européenne,import,2018,3609,1944,2020
AUTRICHE,Union européenne,import,2019,4798,2811,2020
AUTRICHE,Union européenne,import,2020,2457,1417,2020
BELGIQUE-LUXEMBOURG,Union européenne,import,2016,94885,141679,2020
BELGIQUE-LUXEMBOURG,Union européenne,import,2017,154866,305217,2020
BELGIQUE-LUXEMBOURG,Union européenne,import,2018,269665,582812,2020
BELGIQUE-LUXEMBOURG,Union européenne,import,2019,330118,809211,2020
BELGIQUE-LUXEMBOURG,Union européenne,import,2020,267560,782082,2020
BULGARIE,Union européenne,import,2016,2683,2322,2020
BULGARIE,Union européenne,import,2017,4447,2239,2020
BULGARIE,Union européenne,import,2018,4469,7420,2020
BULGARIE,Union européenne,import,2019,3383,1192,2020
BULGARIE,Union européenne,import,2020,6730,3828,2020
CHYPRE,Union européenne,import,2016,26,27,2020
CHYPRE,Union européenne,import,2017,61,44,2020
CHYPRE,Union européenne,import,2018,15,20,2020
CHYPRE,Union européenne,import,2019,,,2020
CHYPRE,Union européenne,import,2020,5,0,2020
CROATIE,Union européenne,import,2016,127,44,2020
CROATIE,Union européenne,import,2017,30,116,2020
CROATIE,Union européenne,import,2018,,,2020
CROATIE,Union européenne,import,2019,580,1846,2020
CROATIE,Union européenne,import,2020,457,934,2020
DANEMARK,Union européenne,import,2016,4659,1162,2020
DANEMARK,Union européenne,import,2017,5722,2488,2020
DANEMARK,Union européenne,import,2018,14688,5322,2020
DANEMARK,Union européenne,import,2019,90253,22741,2020
DANEMARK,Union européenne,import,2020,13186,6756,2020
ESPAGNE,Union européenne,import,2016,157292,524665,2020
ESPAGNE,Union européenne,import,2017,136798,473188,2020
ESPAGNE,Union européenne,import,2018,176175,627646,2020
ESPAGNE,Union européenne,import,2019,194946,589597,2020
ESPAGNE,Union européenne,import,2020,227596,819517,2020
FINLANDE,Union européenne,import,2016,19513,7850,2020
FINLANDE,Union européenne,import,2017,14795,3714,2020
FINLANDE,Union européenne,import,2018,11814,2213,2020
FINLANDE,Union européenne,import,2019,12056,7747,2020
FINLANDE,Union européenne,import,2020,41181,5929,2020
FRANCE,Union européenne,import,2016,511727,632927,2020
FRANCE,Union européenne,import,2017,574973,493790,2020
FRANCE,Union européenne,import,2018,569284,427223,2020
FRANCE,Union européenne,import,2019,801137,667452,2020
FRANCE,Union européenne,import,2020,703962,649409,2020
GRECE,Union européenne,import,2016,5549,22090,2020
GRECE,Union européenne,import,2017,2354,7529,2020
GRECE,Union européenne,import,2018,4305,50331,2020
GRECE,Union européenne,import,2019,13313,37981,2020
GRECE,Union européenne,import,2020,7884,32918,2020
HONGRIE,Union européenne,import,2016,6327,1790,2020
HONGRIE,Union européenne,import,2017,8170,2276,2020
HONGRIE,Union européenne,import,2018,7050,2536,2020
HONGRIE,Union européenne,import,2019,4986,1402,2020
HONGRIE,Union européenne,import,2020,4196,1096,2020
IRLANDE,Union européenne,import,2016,10086,7596,2020
IRLANDE,Union européenne,import,2017,8858,6473,2020
IRLANDE,Union européenne,import,2018,17609,18068,2020
IRLANDE,Union européenne,import,2019,21526,18405,2020
IRLANDE,Union européenne,import,2020,18604,13907,2020
ITALIE,Union européenne,import,2016,77850,156616,2020
ITALIE,Union européenne,import,2017,88198,151480,2020
ITALIE,Union européenne,import,2018,111625,199464,2020
ITALIE,Union européenne,import,2019,79053,133288,2020
ITALIE,Union européenne,import,2020,84679,142363,2020
MALTE,Union européenne,import,2016,1501,626,2020
MALTE,Union européenne,import,2017,1242,692,2020
MALTE,Union européenne,import,2018,979,414,2020
MALTE,Union européenne,import,2019,3592,42901,2020
MALTE,Union européenne,import,2020,3272,5959,2020
PAYS BAS,Union européenne,import,2016,170259,926298,2020
PAYS BAS,Union européenne,import,2017,218227,912409,2020
PAYS BAS,Union européenne,import,2018,293114,927754,2020
PAYS BAS,Union européenne,import,2019,322808,1139118,2020
PAYS BAS,Union européenne,import,2020,277285,1218204,2020
POLOGNE,Union européenne,import,2016,32591,52911,2020
POLOGNE,Union européenne,import,2017,30407,41011,2020
POLOGNE,Union européenne,import,2018,33936,37646,2020
POLOGNE,Union européenne,import,2019,47648,35736,2020
POLOGNE,Union européenne,import,2020,52564,16033,2020
PORTUGAL,Union européenne,import,2016,18014,74002,2020
PORTUGAL,Union européenne,import,2017,24302,68029,2020
PORTUGAL,Union européenne,import,2018,24903,79839,2020
PORTUGAL,Union européenne,import,2019,22282,45322,2020
PORTUGAL,Union européenne,import,2020,16415,24743,2020
REPUBLIQUE D'ESTONIE,Union européenne,import,2016,2035,6543,2020
REPUBLIQUE D'ESTONIE,Union européenne,import,2017,11136,57178,2020
REPUBLIQUE D'ESTONIE,Union européenne,import,2018,32,123,2020
REPUBLIQUE D'ESTONIE,Union européenne,import,2019,97,153,2020
REPUBLIQUE D'ESTONIE,Union européenne,import,2020,65,14,2020
REPUBLIQUE DE LETTONIE,Union européenne,import,2016,30,160,2020
REPUBLIQUE DE LETTONIE,Union européenne,import,2017,6,25,2020
REPUBLIQUE DE LETTONIE,Union européenne,import,2018,193,385,2020
REPUBLIQUE DE LETTONIE,Union européenne,import,2019,21,57,2020
REPUBLIQUE DE LETTONIE,Union européenne,import,2020,118,283,2020
REPUBLIQUE DE LITUANIE,Union européenne,import,2016,3704,21609,2020
REPUBLIQUE DE LITUANIE,Union européenne,import,2017,752,2704,2020
REPUBLIQUE DE LITUANIE,Union européenne,import,2018,1086,3562,2020
REPUBLIQUE DE LITUANIE,Union européenne,import,2019,1564,1720,2020
REPUBLIQUE DE LITUANIE,Union européenne,import,2020,4451,26667,2020
REPUBLIQUE DE SLOVAQUIE,Union européenne,import,2016,1304,1312,2020
REPUBLIQUE DE SLOVAQUIE,Union européenne,import,2017,2025,1229,2020
REPUBLIQUE DE SLOVAQUIE,Union européenne,import,2018,1949,525,2020
REPUBLIQUE DE SLOVAQUIE,Union européenne,import,2019,2928,2325,2020
REPUBLIQUE DE SLOVAQUIE,Union européenne,import,2020,1966,1824,2020
REPUBLIQUE TCHEQUE,Union européenne,import,2016,2773,10363,2020
REPUBLIQUE TCHEQUE,Union européenne,import,2017,3241,6715,2020
REPUBLIQUE TCHEQUE,Union européenne,import,2018,2186,3109,2020
REPUBLIQUE TCHEQUE,Union européenne,import,2019,2290,3017,2020
REPUBLIQUE TCHEQUE,Union européenne,import,2020,2612,2784,2020
ROUMANIE,Union européenne,import,2016,3233,2948,2020
ROUMANIE,Union européenne,import,2017,4960,3832,2020
ROUMANIE,Union européenne,import,2018,8094,39236,2020
ROUMANIE,Union européenne,import,2019,3992,4148,2020
ROUMANIE,Union européenne,import,2020,4529,8324,2020
ROYAUME UNI,Union européenne,import,2016,30807,17563,2020
ROYAUME UNI,Union européenne,import,2017,37937,48935,2020
ROYAUME UNI,Union européenne,import,2018,38395,62830,2020
ROYAUME UNI,Union européenne,import,2019,36311,59456,2020
ROYAUME UNI,Union européenne,import,2020,36058,48272,2020
SLOVENIE,Union européenne,import,2016,22,90,2020
SLOVENIE,Union européenne,import,2017,78,292,2020
SLOVENIE,Union européenne,import,2018,1327,491,2020
SLOVENIE,Union européenne,import,2019,611,477,2020
SLOVENIE,Union européenne,import,2020,911,1291,2020
SUEDE,Union européenne,import,2016,13663,20479,2020
SUEDE,Union européenne,import,2017,13900,17228,2020
SUEDE,Union européenne,import,2018,12433,14151,2020
SUEDE,Union européenne,import,2019,15114,16361,2020
SUEDE,Union européenne,import,2020,16812,26565,2020
ALBANIE,Autres pays d'Europe,import,2016,3599,3277,2020
ALBANIE,Autres pays d'Europe,import,2017,3403,2951,2020
ALBANIE,Autres pays d'Europe,import,2018,3208,3116,2020
ALBANIE,Autres pays d'Europe,import,2019,2908,3333,2020
ALBANIE,Autres pays d'Europe,import,2020,4942,3944,2020
ANDORRE,Autres pays d'Europe,import,2016,375,7,2020
ANDORRE,Autres pays d'Europe,import,2017,,,2020
ANDORRE,Autres pays d'Europe,import,2018,21,90,2020
ANDORRE,Autres pays d'Europe,import,2019,28,60,2020
ANDORRE,Autres pays d'Europe,import,2020,8,4,2020
ARMENIE,Autres pays d'Europe,import,2016,1693,5471,2020
ARMENIE,Autres pays d'Europe,import,2017,1591,7243,2020
ARMENIE,Autres pays d'Europe,import,2018,25,14,2020
ARMENIE,Autres pays d'Europe,import,2019,152,122,2020
ARMENIE,Autres pays d'Europe,import,2020,36,45,2020
BOSNIE-HERZEGOVINE,Autres pays d'Europe,import,2016,26,45,2020
BOSNIE-HERZEGOVINE,Autres pays d'Europe,import,2017,91,250,2020
BOSNIE-HERZEGOVINE,Autres pays d'Europe,import,2018,37,140,2020
BOSNIE-HERZEGOVINE,Autres pays d'Europe,import,2019,5,18,2020
BOSNIE-HERZEGOVINE,Autres pays d'Europe,import,2020,25,158,2020
CITE DU VATICAN,Autres pays d'Europe,import,2016,1,1,2020
CITE DU VATICAN,Autres pays d'Europe,import,2017,,,2020
CITE DU VATICAN,Autres pays d'Europe,import,2018,,,2020
CITE DU VATICAN,Autres pays d'Europe,import,2019,,,2020
CITE DU VATICAN,Autres pays d'Europe,import,2020,,,2020
EX-YOUGOSLAVIE,Autres pays d'Europe,import,2016,28,97,2020
EX-YOUGOSLAVIE,Autres pays d'Europe,import,2017,0,0,2020
EX-YOUGOSLAVIE,Autres pays d'Europe,import,2018,11,29,2020
EX-YOUGOSLAVIE,Autres pays d'Europe,import,2019,242,547,2020
EX-YOUGOSLAVIE,Autres pays d'Europe,import,2020,277,53,2020
GIBRALTAR,Autres pays d'Europe,import,2016,174,52,2020
GIBRALTAR,Autres pays d'Europe,import,2017,94,10,2020
GIBRALTAR,Autres pays d'Europe,import,2018,,,2020
GIBRALTAR,Autres pays d'Europe,import,2019,55,233,2020
GIBRALTAR,Autres pays d'Europe,import,2020,,,2020
HELGOLAND,Autres pays d'Europe,import,2016,196,105,2020
HELGOLAND,Autres pays d'Europe,import,2017,195,351,2020
HELGOLAND,Autres pays d'Europe,import,2018,786,2735,2020
HELGOLAND,Autres pays d'Europe,import,2019,415,198,2020
HELGOLAND,Autres pays d'Europe,import,2020,204,90,2020
ISLANDE,Autres pays d'Europe,import,2016,225,345,2020
ISLANDE,Autres pays d'Europe,import,2017,579,239,2020
ISLANDE,Autres pays d'Europe,import,2018,2213,627,2020
ISLANDE,Autres pays d'Europe,import,2019,2360,490,2020
ISLANDE,Autres pays d'Europe,import,2020,3361,781,2020
MONTENEGRO,Autres pays d'Europe,import,2016,943,79,2020
MONTENEGRO,Autres pays d'Europe,import,2017,25,1,2020
MONTENEGRO,Autres pays d'Europe,import,2018,491,350,2020
MONTENEGRO,Autres pays d'Europe,import,2019,34,73,2020
MONTENEGRO,Autres pays d'Europe,import,2020,121,51,2020
NORVEGE,Autres pays d'Europe,import,2016,693,687,2020
NORVEGE,Autres pays d'Europe,import,2017,1828,5301,2020
NORVEGE,Autres pays d'Europe,import,2018,2064,5245,2020
NORVEGE,Autres pays d'Europe,import,2019,4909,13911,2020
NORVEGE,Autres pays d'Europe,import,2020,12720,46188,2020
REPUBLIQUE D'AZERBADJAN,Autres pays d'Europe,import,2016,133,78,2020
REPUBLIQUE D'AZERBADJAN,Autres pays d'Europe,import,2017,38,120,2020
REPUBLIQUE D'AZERBADJAN,Autres pays d'Europe,import,2018,765,124,2020
REPUBLIQUE D'AZERBADJAN,Autres pays d'Europe,import,2019,733,178,2020
REPUBLIQUE D'AZERBADJAN,Autres pays d'Europe,import,2020,83,145,2020
REPUBLIQUE D'UKRAINE,Autres pays d'Europe,import,2016,41176,182395,2020
REPUBLIQUE D'UKRAINE,Autres pays d'Europe,import,2017,55653,242857,2020
REPUBLIQUE D'UKRAINE,Autres pays d'Europe,import,2018,108187,418588,2020
REPUBLIQUE D'UKRAINE,Autres pays d'Europe,import,2019,84660,298352,2020
REPUBLIQUE D'UKRAINE,Autres pays d'Europe,import,2020,62117,222474,2020
REPUBLIQUE DE BIELORUSSIE,Autres pays d'Europe,import,2016,53,161,2020
REPUBLIQUE DE BIELORUSSIE,Autres pays d'Europe,import,2017,3101,16053,2020
REPUBLIQUE DE BIELORUSSIE,Autres pays d'Europe,import,2018,2336,8213,2020
REPUBLIQUE DE BIELORUSSIE,Autres pays d'Europe,import,2019,7183,32599,2020
REPUBLIQUE DE BIELORUSSIE,Autres pays d'Europe,import,2020,5845,35973,2020
REPUBLIQUE DE GEORGIE,Autres pays d'Europe,import,2016,699,195,2020
REPUBLIQUE DE GEORGIE,Autres pays d'Europe,import,2017,1580,377,2020
REPUBLIQUE DE GEORGIE,Autres pays d'Europe,import,2018,2585,27241,2020
REPUBLIQUE DE GEORGIE,Autres pays d'Europe,import,2019,208,208,2020
REPUBLIQUE DE GEORGIE,Autres pays d'Europe,import,2020,223,172,2020
REPUBLIQUE DE KAZAKSTAN,Autres pays d'Europe,import,2016,2388,33000,2020
REPUBLIQUE DE KAZAKSTAN,Autres pays d'Europe,import,2017,1853,32277,2020
REPUBLIQUE DE KAZAKSTAN,Autres pays d'Europe,import,2018,,,2020
REPUBLIQUE DE KAZAKSTAN,Autres pays d'Europe,import,2019,7003,101702,2020
REPUBLIQUE DE KAZAKSTAN,Autres pays d'Europe,import,2020,1524,34560,2020
RUSSIE,Autres pays d'Europe,import,2016,54099,367099,2020
RUSSIE,Autres pays d'Europe,import,2017,81204,506637,2020
RUSSIE,Autres pays d'Europe,import,2018,133028,929581,2020
RUSSIE,Autres pays d'Europe,import,2019,213287,1125837,2020
RUSSIE,Autres pays d'Europe,import,2020,203229,1477914,2020
SUISSE,Autres pays d'Europe,import,2016,20710,65924,2020
SUISSE,Autres pays d'Europe,import,2017,22014,50883,2020
SUISSE,Autres pays d'Europe,import,2018,31680,65548,2020
SUISSE,Autres pays d'Europe,import,2019,52387,68520,2020
SUISSE,Autres pays d'Europe,import,2020,69432,122795,2020
TRIESTE,Autres pays d'Europe,import,2016,21,97,2020
TRIESTE,Autres pays d'Europe,import,2017,141,489,2020
TRIESTE,Autres pays d'Europe,import,2018,42,98,2020
TRIESTE,Autres pays d'Europe,import,2019,27,79,2020
TRIESTE,Autres pays d'Europe,import,2020,21,73,2020
TURQUIE,Autres pays d'Europe,import,2016,82327,381439,2020
TURQUIE,Autres pays d'Europe,import,2017,133971,471883,2020
TURQUIE,Autres pays d'Europe,import,2018,210399,862045,2020
TURQUIE,Autres pays d'Europe,import,2019,177750,806420,2020
TURQUIE,Autres pays d'Europe,import,2020,159993,627603,2020
BURUNDI,Afrique centrale,import,2016,16,3,2020
BURUNDI,Afrique centrale,import,2017,,,2020
BURUNDI,Afrique centrale,import,2018,,,2020
BURUNDI,Afrique centrale,import,2019,,,2020
BURUNDI,Afrique centrale,import,2020,,,2020
CAMEROUN,Afrique centrale,import,2016,8291,32698,2020
CAMEROUN,Afrique centrale,import,2017,17331,63480,2020
CAMEROUN,Afrique centrale,import,2018,13655,53855,2020
CAMEROUN,Afrique centrale,import,2019,18863,67304,2020
CAMEROUN,Afrique centrale,import,2020,11415,53791,2020
CENTRE AFRIQUE,Afrique centrale,import,2016,3,0,2020
CENTRE AFRIQUE,Afrique centrale,import,2017,0,1,2020
CENTRE AFRIQUE,Afrique centrale,import,2018,0,0,2020
CENTRE AFRIQUE,Afrique centrale,import,2019,8,1,2020
CENTRE AFRIQUE,Afrique centrale,import,2020,1467,296,2020
CONGO,Afrique centrale,import,2016,2530,4674,2020
CONGO,Afrique centrale,import,2017,1017,754,2020
CONGO,Afrique centrale,import,2018,1117,4967,2020
CONGO,Afrique centrale,import,2019,433,542,2020
CONGO,Afrique centrale,import,2020,389,1422,2020
CONGO DEMOCRATIQUE,Afrique centrale,import,2016,101,141,2020
CONGO DEMOCRATIQUE,Afrique centrale,import,2017,787,5738,2020
CONGO DEMOCRATIQUE,Afrique centrale,import,2018,91,198,2020
CONGO DEMOCRATIQUE,Afrique centrale,import,2019,572,5634,2020
CONGO DEMOCRATIQUE,Afrique centrale,import,2020,685,6341,2020
GABON,Afrique centrale,import,2016,1940,938,2020
GABON,Afrique centrale,import,2017,1193,1117,2020
GABON,Afrique centrale,import,2018,176,487,2020
GABON,Afrique centrale,import,2019,396,2155,2020
GABON,Afrique centrale,import,2020,482,2625,2020
GUINEE EQUATORIALE,Afrique centrale,import,2016,3091,11059,2020
GUINEE EQUATORIALE,Afrique centrale,import,2017,5145,12389,2020
GUINEE EQUATORIALE,Afrique centrale,import,2018,59,225,2020
GUINEE EQUATORIALE,Afrique centrale,import,2019,2386,8327,2020
GUINEE EQUATORIALE,Afrique centrale,import,2020,,,2020
RWANDA,Afrique centrale,import,2016,,,2020
RWANDA,Afrique centrale,import,2017,,,2020
RWANDA,Afrique centrale,import,2018,,,2020
RWANDA,Afrique centrale,import,2019,413,213,2020
RWANDA,Afrique centrale,import,2020,4,0,2020
TCHAD,Afrique centrale,import,2016,,,2020
TCHAD,Afrique centrale,import,2017,,,2020
TCHAD,Afrique centrale,import,2018,,,2020
TCHAD,Afrique centrale,import,2019,1,2,2020
TCHAD,Afrique centrale,import,2020,86,2,2020
ALGERIE,Afrique du Nord,import,2016,14517,43461,2020
ALGERIE,Afrique du Nord,import,2017,4751,17203,2020
ALGERIE,Afrique du Nord,import,2018,4451,50372,2020
ALGERIE,Afrique du Nord,import,2019,3661,90248,2020
ALGERIE,Afrique du Nord,import,2020,15173,432861,2020
EGYPTE,Afrique du Nord,import,2016,16456,23865,2020
EGYPTE,Afrique du Nord,import,2017,12602,29193,2020
EGYPTE,Afrique du Nord,import,2018,12817,30451,2020
EGYPTE,Afrique du Nord,import,2019,20874,51164,2020
EGYPTE,Afrique du Nord,import,2020,20415,48419,2020
ILES CANARIES,Afrique du Nord,import,2016,,,2020
ILES CANARIES,Afrique du Nord,import,2017,1,0,2020
ILES CANARIES,Afrique du Nord,import,2018,,,2020
ILES CANARIES,Afrique du Nord,import,2019,0,0,2020
ILES CANARIES,Afrique du Nord,import,2020,,,2020
LIBYE,Afrique du Nord,import,2016,925,16868,2020
LIBYE,Afrique du Nord,import,2017,1892,15844,2020
LIBYE,Afrique du Nord,import,2018,2775,17864,2020
LIBYE,Afrique du Nord,import,2019,20,10,2020
LIBYE,Afrique du Nord,import,2020,3,2,2020
MAROC,Afrique du Nord,import,2016,55806,79896,2020
MAROC,Afrique du Nord,import,2017,60278,99462,2020
MAROC,Afrique du Nord,import,2018,65612,105336,2020
MAROC,Afrique du Nord,import,2019,74829,151039,2020
MAROC,Afrique du Nord,import,2020,84614,138461,2020
SOUDAN,Afrique du Nord,import,2016,54,38,2020
SOUDAN,Afrique du Nord,import,2017,127,130,2020
SOUDAN,Afrique du Nord,import,2018,259,242,2020
SOUDAN,Afrique du Nord,import,2019,6230,2069,2020
SOUDAN,Afrique du Nord,import,2020,997,2217,2020
TUNISIE,Afrique du Nord,import,2016,23790,80027,2020
TUNISIE,Afrique du Nord,import,2017,30767,180427,2020
TUNISIE,Afrique du Nord,import,2018,24812,92110,2020
TUNISIE,Afrique du Nord,import,2019,27239,96524,2020
TUNISIE,Afrique du Nord,import,2020,22771,112301,2020
BENIN,Afrique occidentale,import,2016,215,654,2020
BENIN,Afrique occidentale,import,2017,337,1683,2020
BENIN,Afrique occidentale,import,2018,480,1712,2020
BENIN,Afrique occidentale,import,2019,459,905,2020
BENIN,Afrique occidentale,import,2020,937,1152,2020
BURKINA FASO,Afrique occidentale,import,2016,324,77,2020
BURKINA FASO,Afrique occidentale,import,2017,52,103,2020
BURKINA FASO,Afrique occidentale,import,2018,8,3,2020
BURKINA FASO,Afrique occidentale,import,2019,245,1067,2020
BURKINA FASO,Afrique occidentale,import,2020,316,247,2020
COTE D'IVOIRE,Afrique occidentale,import,2016,61578,133218,2020
COTE D'IVOIRE,Afrique occidentale,import,2017,72260,121260,2020
COTE D'IVOIRE,Afrique occidentale,import,2018,49777,125637,2020
COTE D'IVOIRE,Afrique occidentale,import,2019,55198,140726,2020
COTE D'IVOIRE,Afrique occidentale,import,2020,58708,138706,2020
GAMBIE,Afrique occidentale,import,2016,138,2851,2020
GAMBIE,Afrique occidentale,import,2017,1766,4702,2020
GAMBIE,Afrique occidentale,import,2018,4569,9995,2020
GAMBIE,Afrique occidentale,import,2019,1792,1946,2020
GAMBIE,Afrique occidentale,import,2020,10441,21054,2020
GHANA,Afrique occidentale,import,2016,32575,58728,2020
GHANA,Afrique occidentale,import,2017,40370,76279,2020
GHANA,Afrique occidentale,import,2018,23436,49322,2020
GHANA,Afrique occidentale,import,2019,42970,83342,2020
GHANA,Afrique occidentale,import,2020,62779,113965,2020
GUINEE BISSAU,Afrique occidentale,import,2016,10,80,2020
GUINEE BISSAU,Afrique occidentale,import,2017,,,2020
GUINEE BISSAU,Afrique occidentale,import,2018,5,3,2020
GUINEE BISSAU,Afrique occidentale,import,2019,10,44,2020
GUINEE BISSAU,Afrique occidentale,import,2020,23,8,2020
GUINEE REPUBLIQUE,Afrique occidentale,import,2016,1952,10399,2020
GUINEE REPUBLIQUE,Afrique occidentale,import,2017,2911,14188,2020
GUINEE REPUBLIQUE,Afrique occidentale,import,2018,5739,15378,2020
GUINEE REPUBLIQUE,Afrique occidentale,import,2019,1068,2399,2020
GUINEE REPUBLIQUE,Afrique occidentale,import,2020,1321,4865,2020
ILES DU CAP VERT,Afrique occidentale,import,2016,47,55,2020
ILES DU CAP VERT,Afrique occidentale,import,2017,5,12,2020
ILES DU CAP VERT,Afrique occidentale,import,2018,6,19,2020
ILES DU CAP VERT,Afrique occidentale,import,2019,402,867,2020
ILES DU CAP VERT,Afrique occidentale,import,2020,273,832,2020
LIBERIA,Afrique occidentale,import,2016,1244,4322,2020
LIBERIA,Afrique occidentale,import,2017,,,2020
LIBERIA,Afrique occidentale,import,2018,10,33,2020
LIBERIA,Afrique occidentale,import,2019,8,22,2020
LIBERIA,Afrique occidentale,import,2020,3277,7592,2020
MALI,Afrique occidentale,import,2016,4184,8112,2020
MALI,Afrique occidentale,import,2017,4160,9962,2020
MALI,Afrique occidentale,import,2018,1046,4040,2020
MALI,Afrique occidentale,import,2019,1875,2381,2020
MALI,Afrique occidentale,import,2020,1573,1452,2020
MAURITANIE,Afrique occidentale,import,2016,5225,62617,2020
MAURITANIE,Afrique occidentale,import,2017,3630,44597,2020
MAURITANIE,Afrique occidentale,import,2018,6957,16322,2020
MAURITANIE,Afrique occidentale,import,2019,3339,6116,2020
MAURITANIE,Afrique occidentale,import,2020,7961,22773,2020
NIGER,Afrique occidentale,import,2016,17,42,2020
NIGER,Afrique occidentale,import,2017,84,153,2020
NIGER,Afrique occidentale,import,2018,535,348,2020
NIGER,Afrique occidentale,import,2019,974,580,2020
NIGER,Afrique occidentale,import,2020,220,343,2020
NIGERIA,Afrique occidentale,import,2016,249594,1168412,2020
NIGERIA,Afrique occidentale,import,2017,309405,1220608,2020
NIGERIA,Afrique occidentale,import,2018,388949,1146885,2020
NIGERIA,Afrique occidentale,import,2019,245564,806262,2020
NIGERIA,Afrique occidentale,import,2020,257198,1067905,2020
SIERRA LEONE,Afrique occidentale,import,2016,701,2690,2020
SIERRA LEONE,Afrique occidentale,import,2017,1901,5080,2020
SIERRA LEONE,Afrique occidentale,import,2018,6346,15563,2020
SIERRA LEONE,Afrique occidentale,import,2019,4115,10847,2020
SIERRA LEONE,Afrique occidentale,import,2020,2514,4903,2020
TOGO,Afrique occidentale,import,2016,4369,14522,2020
TOGO,Afrique occidentale,import,2017,8277,17119,2020
TOGO,Afrique occidentale,import,2018,21422,85374,2020
TOGO,Afrique occidentale,import,2019,23912,65326,2020
TOGO,Afrique occidentale,import,2020,22541,60367,2020
AFRIQUE DU SUD,Afrique orientale et du Sud,import,2016,53539,545021,2020
AFRIQUE DU SUD,Afrique orientale et du Sud,import,2017,69986,585514,2020
AFRIQUE DU SUD,Afrique orientale et du Sud,import,2018,71040,621986,2020
AFRIQUE DU SUD,Afrique orientale et du Sud,import,2019,58800,464046,2020
AFRIQUE DU SUD,Afrique orientale et du Sud,import,2020,49153,318437,2020
ANGOLA,Afrique orientale et du Sud,import,2016,849,293,2020
ANGOLA,Afrique orientale et du Sud,import,2017,83,19,2020
ANGOLA,Afrique orientale et du Sud,import,2018,1055,6215,2020
ANGOLA,Afrique orientale et du Sud,import,2019,287,600,2020
ANGOLA,Afrique orientale et du Sud,import,2020,3046,14712,2020
DJIBOUTI,Afrique orientale et du Sud,import,2016,,,2020
DJIBOUTI,Afrique orientale et du Sud,import,2017,10,47,2020
DJIBOUTI,Afrique orientale et du Sud,import,2018,134,257,2020
DJIBOUTI,Afrique orientale et du Sud,import,2019,9,3,2020
DJIBOUTI,Afrique orientale et du Sud,import,2020,20,30,2020
ETHIOPIE,Afrique orientale et du Sud,import,2016,10,2,2020
ETHIOPIE,Afrique orientale et du Sud,import,2017,18,13,2020
ETHIOPIE,Afrique orientale et du Sud,import,2018,16,23,2020
ETHIOPIE,Afrique orientale et du Sud,import,2019,62,14,2020
ETHIOPIE,Afrique orientale et du Sud,import,2020,92,6,2020
ILE STE HELENE,Afrique orientale et du Sud,import,2016,58,13,2020
ILE STE HELENE,Afrique orientale et du Sud,import,2017,3,10,2020
ILE STE HELENE,Afrique orientale et du Sud,import,2018,73,84,2020
ILE STE HELENE,Afrique orientale et du Sud,import,2019,292,21,2020
ILE STE HELENE,Afrique orientale et du Sud,import,2020,21,94,2020
ILES MAURICE,Afrique orientale et du Sud,import,2016,2501,276,2020
ILES MAURICE,Afrique orientale et du Sud,import,2017,1523,205,2020
ILES MAURICE,Afrique orientale et du Sud,import,2018,967,225,2020
ILES MAURICE,Afrique orientale et du Sud,import,2019,352,63,2020
ILES MAURICE,Afrique orientale et du Sud,import,2020,714,128,2020
KENYA,Afrique orientale et du Sud,import,2016,245,202,2020
KENYA,Afrique orientale et du Sud,import,2017,288,332,2020
KENYA,Afrique orientale et du Sud,import,2018,286,340,2020
KENYA,Afrique orientale et du Sud,import,2019,724,403,2020
KENYA,Afrique orientale et du Sud,import,2020,632,714,2020
MADAGASCAR,Afrique orientale et du Sud,import,2016,19,7,2020
MADAGASCAR,Afrique orientale et du Sud,import,2017,7,1,2020
MADAGASCAR,Afrique orientale et du Sud,import,2018,96,4,2020
MADAGASCAR,Afrique orientale et du Sud,import,2019,63,1,2020
MADAGASCAR,Afrique orientale et du Sud,import,2020,60,8,2020
MALAWI,Afrique orientale et du Sud,import,2016,172,158,2020
MALAWI,Afrique orientale et du Sud,import,2017,47,63,2020
MALAWI,Afrique orientale et du Sud,import,2018,167,218,2020
MALAWI,Afrique orientale et du Sud,import,2019,243,556,2020
MALAWI,Afrique orientale et du Sud,import,2020,131,159,2020
MOZAMBIQUE,Afrique orientale et du Sud,import,2016,559,1847,2020
MOZAMBIQUE,Afrique orientale et du Sud,import,2017,490,431,2020
MOZAMBIQUE,Afrique orientale et du Sud,import,2018,10328,182392,2020
MOZAMBIQUE,Afrique orientale et du Sud,import,2019,8185,155251,2020
MOZAMBIQUE,Afrique orientale et du Sud,import,2020,3029,80796,2020
NAMIBIE,Afrique orientale et du Sud,import,2016,1,0,2020
NAMIBIE,Afrique orientale et du Sud,import,2017,187,935,2020
NAMIBIE,Afrique orientale et du Sud,import,2018,19,15,2020
NAMIBIE,Afrique orientale et du Sud,import,2019,12,28,2020
NAMIBIE,Afrique orientale et du Sud,import,2020,,,2020
OUGANDA,Afrique orientale et du Sud,import,2016,5,5,2020
OUGANDA,Afrique orientale et du Sud,import,2017,20,48,2020
OUGANDA,Afrique orientale et du Sud,import,2018,27,78,2020
OUGANDA,Afrique orientale et du Sud,import,2019,302,182,2020
OUGANDA,Afrique orientale et du Sud,import,2020,187,164,2020
REPUBLIQUE DE SOMALIE,Afrique orientale et du Sud,import,2016,,,2020
REPUBLIQUE DE SOMALIE,Afrique orientale et du Sud,import,2017,4,25,2020
REPUBLIQUE DE SOMALIE,Afrique orientale et du Sud,import,2018,130,247,2020
REPUBLIQUE DE SOMALIE,Afrique orientale et du Sud,import,2019,793,1004,2020
REPUBLIQUE DE SOMALIE,Afrique orientale et du Sud,import,2020,1764,1542,2020
REUNION,Afrique orientale et du Sud,import,2016,1,0,2020
REUNION,Afrique orientale et du Sud,import,2017,5,1,2020
REUNION,Afrique orientale et du Sud,import,2018,52,81,2020
REUNION,Afrique orientale et du Sud,import,2019,4,17,2020
REUNION,Afrique orientale et du Sud,import,2020,70,48,2020
SEYCHELLES,Afrique orientale et du Sud,import,2016,56,4,2020
SEYCHELLES,Afrique orientale et du Sud,import,2017,28,17,2020
SEYCHELLES,Afrique orientale et du Sud,import,2018,61,111,2020
SEYCHELLES,Afrique orientale et du Sud,import,2019,13,1,2020
SEYCHELLES,Afrique orientale et du Sud,import,2020,,,2020
SWAZILAND,Afrique orientale et du Sud,import,2016,1259,78,2020
SWAZILAND,Afrique orientale et du Sud,import,2017,1,0,2020
SWAZILAND,Afrique orientale et du Sud,import,2018,315,357,2020
SWAZILAND,Afrique orientale et du Sud,import,2019,439,69,2020
SWAZILAND,Afrique orientale et du Sud,import,2020,24,21,2020
TANZANIE,Afrique orientale et du Sud,import,2016,487,183,2020
TANZANIE,Afrique orientale et du Sud,import,2017,594,185,2020
TANZANIE,Afrique orientale et du Sud,import,2018,314,187,2020
TANZANIE,Afrique orientale et du Sud,import,2019,79,63,2020
TANZANIE,Afrique orientale et du Sud,import,2020,118,175,2020
ZAMBIE,Afrique orientale et du Sud,import,2016,63,19,2020
ZAMBIE,Afrique orientale et du Sud,import,2017,30,1,2020
ZAMBIE,Afrique orientale et du Sud,import,2018,1,0,2020
ZAMBIE,Afrique orientale et du Sud,import,2019,19,0,2020
ZAMBIE,Afrique orientale et du Sud,import,2020,48,55,2020
ZIMBABWE,Afrique orientale et du Sud,import,2016,5,1,2020
ZIMBABWE,Afrique orientale et du Sud,import,2017,14,1,2020
ZIMBABWE,Afrique orientale et du Sud,import,2018,4,1,2020
ZIMBABWE,Afrique orientale et du Sud,import,2019,,,2020
ZIMBABWE,Afrique orientale et du Sud,import,2020,,,2020
CANADA,Amérique du Nord,import,2016,11199,26043,2020
CANADA,Amérique du Nord,import,2017,14623,30584,2020
CANADA,Amérique du Nord,import,2018,17811,40495,2020
CANADA,Amérique du Nord,import,2019,21203,43482,2020
CANADA,Amérique du Nord,import,2020,23312,40469,2020
ETATS UNIS D'AMERIQUE,Amérique du Nord,import,2016,72060,126863,2020
ETATS UNIS D'AMERIQUE,Amérique du Nord,import,2017,81443,191960,2020
ETATS UNIS D'AMERIQUE,Amérique du Nord,import,2018,112052,287694,2020
ETATS UNIS D'AMERIQUE,Amérique du Nord,import,2019,93605,121812,2020
ETATS UNIS D'AMERIQUE,Amérique du Nord,import,2020,117554,227337,2020
GROENLAND,Amérique du Nord,import,2016,3,8,2020
GROENLAND,Amérique du Nord,import,2017,,,2020
GROENLAND,Amérique du Nord,import,2018,37,150,2020
GROENLAND,Amérique du Nord,import,2019,,,2020
GROENLAND,Amérique du Nord,import,2020,,,2020
SAINT PIERRE ET MIQUELON,Amérique du Nord,import,2016,5,23,2020
SAINT PIERRE ET MIQUELON,Amérique du Nord,import,2017,,,2020
SAINT PIERRE ET MIQUELON,Amérique du Nord,import,2018,,,2020
SAINT PIERRE ET MIQUELON,Amérique du Nord,import,2019,,,2020
SAINT PIERRE ET MIQUELON,Amérique du Nord,import,2020,,,2020
ANTIGUA-BARBUDA,Amérique centrale et du Sud,import,2016,4555,22824,2020
ANTIGUA-BARBUDA,Amérique centrale et du Sud,import,2017,1816,9117,2020
ANTIGUA-BARBUDA,Amérique centrale et du Sud,import,2018,109,565,2020
ANTIGUA-BARBUDA,Amérique centrale et du Sud,import,2019,3252,15468,2020
ANTIGUA-BARBUDA,Amérique centrale et du Sud,import,2020,1532,5946,2020
ARGENTINE,Amérique centrale et du Sud,import,2016,33532,212019,2020
ARGENTINE,Amérique centrale et du Sud,import,2017,54314,375695,2020
ARGENTINE,Amérique centrale et du Sud,import,2018,66126,467171,2020
ARGENTINE,Amérique centrale et du Sud,import,2019,60034,432636,2020
ARGENTINE,Amérique centrale et du Sud,import,2020,57466,385136,2020
ARUBA,Amérique centrale et du Sud,import,2016,700,2708,2020
ARUBA,Amérique centrale et du Sud,import,2017,,,2020
ARUBA,Amérique centrale et du Sud,import,2018,,,2020
ARUBA,Amérique centrale et du Sud,import,2019,,,2020
ARUBA,Amérique centrale et du Sud,import,2020,,,2020
BOLIVIE,Amérique centrale et du Sud,import,2016,1285,5990,2020
BOLIVIE,Amérique centrale et du Sud,import,2017,,,2020
BOLIVIE,Amérique centrale et du Sud,import,2018,,,2020
BOLIVIE,Amérique centrale et du Sud,import,2019,,,2020
BOLIVIE,Amérique centrale et du Sud,import,2020,265,1005,2020
BRESIL,Amérique centrale et du Sud,import,2016,71071,174007,2020
BRESIL,Amérique centrale et du Sud,import,2017,78839,269139,2020
BRESIL,Amérique centrale et du Sud,import,2018,62045,235627,2020
BRESIL,Amérique centrale et du Sud,import,2019,72226,205358,2020
BRESIL,Amérique centrale et du Sud,import,2020,98360,384993,2020
CHILI,Amérique centrale et du Sud,import,2016,463,156,2020
CHILI,Amérique centrale et du Sud,import,2017,425,1516,2020
CHILI,Amérique centrale et du Sud,import,2018,190,247,2020
CHILI,Amérique centrale et du Sud,import,2019,543,972,2020
CHILI,Amérique centrale et du Sud,import,2020,431,594,2020
COLOMBIE,Amérique centrale et du Sud,import,2016,1034,237,2020
COLOMBIE,Amérique centrale et du Sud,import,2017,2105,387,2020
COLOMBIE,Amérique centrale et du Sud,import,2018,1439,238,2020
COLOMBIE,Amérique centrale et du Sud,import,2019,1646,339,2020
COLOMBIE,Amérique centrale et du Sud,import,2020,2287,5352,2020
COSTA RICA,Amérique centrale et du Sud,import,2016,388,437,2020
COSTA RICA,Amérique centrale et du Sud,import,2017,243,192,2020
COSTA RICA,Amérique centrale et du Sud,import,2018,563,820,2020
COSTA RICA,Amérique centrale et du Sud,import,2019,1015,1378,2020
COSTA RICA,Amérique centrale et du Sud,import,2020,229,498,2020
CUBA,Amérique centrale et du Sud,import,2016,134,5,2020
CUBA,Amérique centrale et du Sud,import,2017,95,18,2020
CUBA,Amérique centrale et du Sud,import,2018,650,3228,2020
CUBA,Amérique centrale et du Sud,import,2019,1139,5401,2020
CUBA,Amérique centrale et du Sud,import,2020,23,0,2020
CURUCAO,Amérique centrale et du Sud,import,2016,69,155,2020
CURUCAO,Amérique centrale et du Sud,import,2017,,,2020
CURUCAO,Amérique centrale et du Sud,import,2018,,,2020
CURUCAO,Amérique centrale et du Sud,import,2019,,,2020
CURUCAO,Amérique centrale et du Sud,import,2020,,,2020
EQUATEUR,Amérique centrale et du Sud,import,2016,45,13,2020
EQUATEUR,Amérique centrale et du Sud,import,2017,292,17,2020
EQUATEUR,Amérique centrale et du Sud,import,2018,14,12,2020
EQUATEUR,Amérique centrale et du Sud,import,2019,184,1070,2020
EQUATEUR,Amérique centrale et du Sud,import,2020,61,103,2020
GUADELOUPE,Amérique centrale et du Sud,import,2016,7,0,2020
GUADELOUPE,Amérique centrale et du Sud,import,2017,65,2,2020
GUADELOUPE,Amérique centrale et du Sud,import,2018,1,0,2020
GUADELOUPE,Amérique centrale et du Sud,import,2019,,,2020
GUADELOUPE,Amérique centrale et du Sud,import,2020,7,20,2020
GUATEMALA,Amérique centrale et du Sud,import,2016,9537,26168,2020
GUATEMALA,Amérique centrale et du Sud,import,2017,11178,35182,2020
GUATEMALA,Amérique centrale et du Sud,import,2018,575,2342,2020
GUATEMALA,Amérique centrale et du Sud,import,2019,1869,5129,2020
GUATEMALA,Amérique centrale et du Sud,import,2020,3382,10230,2020
GUYANA,Amérique centrale et du Sud,import,2016,,,2020
GUYANA,Amérique centrale et du Sud,import,2017,2,28,2020
GUYANA,Amérique centrale et du Sud,import,2018,19,1,2020
GUYANA,Amérique centrale et du Sud,import,2019,,,2020
GUYANA,Amérique centrale et du Sud,import,2020,,,2020
GUYANE FRANCAISE,Amérique centrale et du Sud,import,2016,,,2020
GUYANE FRANCAISE,Amérique centrale et du Sud,import,2017,8,45,2020
GUYANE FRANCAISE,Amérique centrale et du Sud,import,2018,,,2020
GUYANE FRANCAISE,Amérique centrale et du Sud,import,2019,,,2020
GUYANE FRANCAISE,Amérique centrale et du Sud,import,2020,,,2020
HAITI,Amérique centrale et du Sud,import,2016,117,49,2020
HAITI,Amérique centrale et du Sud,import,2017,,,2020
HAITI,Amérique centrale et du Sud,import,2018,,,2020
HAITI,Amérique centrale et du Sud,import,2019,19,44,2020
HAITI,Amérique centrale et du Sud,import,2020,12,27,2020
HONDURAS,Amérique centrale et du Sud,import,2016,6,4,2020
HONDURAS,Amérique centrale et du Sud,import,2017,68,36,2020
HONDURAS,Amérique centrale et du Sud,import,2018,13,14,2020
HONDURAS,Amérique centrale et du Sud,import,2019,8,18,2020
HONDURAS,Amérique centrale et du Sud,import,2020,19,32,2020
HONDURAS BRITANIQUE,Amérique centrale et du Sud,import,2016,240,229,2020
HONDURAS BRITANIQUE,Amérique centrale et du Sud,import,2017,7,14,2020
HONDURAS BRITANIQUE,Amérique centrale et du Sud,import,2018,109,235,2020
HONDURAS BRITANIQUE,Amérique centrale et du Sud,import,2019,263,152,2020
HONDURAS BRITANIQUE,Amérique centrale et du Sud,import,2020,39,191,2020
ILES BERMUDES,Amérique centrale et du Sud,import,2016,,,2020
ILES BERMUDES,Amérique centrale et du Sud,import,2017,,,2020
ILES BERMUDES,Amérique centrale et du Sud,import,2018,0,0,2020
ILES BERMUDES,Amérique centrale et du Sud,import,2019,,,2020
ILES BERMUDES,Amérique centrale et du Sud,import,2020,,,2020
ILES BRAHAMAS,Amérique centrale et du Sud,import,2016,,,2020
ILES BRAHAMAS,Amérique centrale et du Sud,import,2017,55,553,2020
ILES BRAHAMAS,Amérique centrale et du Sud,import,2018,24,126,2020
ILES BRAHAMAS,Amérique centrale et du Sud,import,2019,139,180,2020
ILES BRAHAMAS,Amérique centrale et du Sud,import,2020,2044,276,2020
ILES CALQUES,Amérique centrale et du Sud,import,2016,53,384,2020
ILES CALQUES,Amérique centrale et du Sud,import,2017,11,9,2020
ILES CALQUES,Amérique centrale et du Sud,import,2018,12,21,2020
ILES CALQUES,Amérique centrale et du Sud,import,2019,41,44,2020
ILES CALQUES,Amérique centrale et du Sud,import,2020,7,4,2020
ILES FALKLAND,Amérique centrale et du Sud,import,2016,1,1,2020
ILES FALKLAND,Amérique centrale et du Sud,import,2017,,,2020
ILES FALKLAND,Amérique centrale et du Sud,import,2018,,,2020
ILES FALKLAND,Amérique centrale et du Sud,import,2019,15,77,2020
ILES FALKLAND,Amérique centrale et du Sud,import,2020,,,2020
ILES VIERGES DES USA,Amérique centrale et du Sud,import,2016,13,8,2020
ILES VIERGES DES USA,Amérique centrale et du Sud,import,2017,1554,7245,2020
ILES VIERGES DES USA,Amérique centrale et du Sud,import,2018,103,260,2020
ILES VIERGES DES USA,Amérique centrale et du Sud,import,2019,751,1766,2020
ILES VIERGES DES USA,Amérique centrale et du Sud,import,2020,4032,15451,2020
JAMAIQUE,Amérique centrale et du Sud,import,2016,3,0,2020
JAMAIQUE,Amérique centrale et du Sud,import,2017,2,0,2020
JAMAIQUE,Amérique centrale et du Sud,import,2018,0,0,2020
JAMAIQUE,Amérique centrale et du Sud,import,2019,,,2020
JAMAIQUE,Amérique centrale et du Sud,import,2020,,,2020
MARTINIQUE,Amérique centrale et du Sud,import,2016,,,2020
MARTINIQUE,Amérique centrale et du Sud,import,2017,8,9,2020
MARTINIQUE,Amérique centrale et du Sud,import,2018,,,2020
MARTINIQUE,Amérique centrale et du Sud,import,2019,,,2020
MARTINIQUE,Amérique centrale et du Sud,import,2020,,,2020
MEXIQUE,Amérique centrale et du Sud,import,2016,2319,4521,2020
MEXIQUE,Amérique centrale et du Sud,import,2017,1293,490,2020
MEXIQUE,Amérique centrale et du Sud,import,2018,1723,547,2020
MEXIQUE,Amérique centrale et du Sud,import,2019,2610,753,2020
MEXIQUE,Amérique centrale et du Sud,import,2020,2892,913,2020
NICARAGUA,Amérique centrale et du Sud,import,2016,1,0,2020
NICARAGUA,Amérique centrale et du Sud,import,2017,7995,21656,2020
NICARAGUA,Amérique centrale et du Sud,import,2018,5,1,2020
NICARAGUA,Amérique centrale et du Sud,import,2019,1,0,2020
NICARAGUA,Amérique centrale et du Sud,import,2020,16,0,2020
PANAMA,Amérique centrale et du Sud,import,2016,396,255,2020
PANAMA,Amérique centrale et du Sud,import,2017,878,2908,2020
PANAMA,Amérique centrale et du Sud,import,2018,40,73,2020
PANAMA,Amérique centrale et du Sud,import,2019,95,330,2020
PANAMA,Amérique centrale et du Sud,import,2020,922,43,2020
PARAGUAY,Amérique centrale et du Sud,import,2016,1891,12592,2020
PARAGUAY,Amérique centrale et du Sud,import,2017,5661,51464,2020
PARAGUAY,Amérique centrale et du Sud,import,2018,280,2342,2020
PARAGUAY,Amérique centrale et du Sud,import,2019,2270,12079,2020
PARAGUAY,Amérique centrale et du Sud,import,2020,1606,6533,2020
PEROU,Amérique centrale et du Sud,import,2016,305,209,2020
PEROU,Amérique centrale et du Sud,import,2017,202,36,2020
PEROU,Amérique centrale et du Sud,import,2018,260,75,2020
PEROU,Amérique centrale et du Sud,import,2019,319,588,2020
PEROU,Amérique centrale et du Sud,import,2020,184,147,2020
SAINT DOMINGUE,Amérique centrale et du Sud,import,2016,237,169,2020
SAINT DOMINGUE,Amérique centrale et du Sud,import,2017,566,632,2020
SAINT DOMINGUE,Amérique centrale et du Sud,import,2018,171,48,2020
SAINT DOMINGUE,Amérique centrale et du Sud,import,2019,3499,1432,2020
SAINT DOMINGUE,Amérique centrale et du Sud,import,2020,1507,233,2020
SALVADOR,Amérique centrale et du Sud,import,2016,5,0,2020
SALVADOR,Amérique centrale et du Sud,import,2017,,,2020
SALVADOR,Amérique centrale et du Sud,import,2018,2,2,2020
SALVADOR,Amérique centrale et du Sud,import,2019,3,2,2020
SALVADOR,Amérique centrale et du Sud,import,2020,,,2020
ST VINCENT-ILES GRENADINES,Amérique centrale et du Sud,import,2016,25,107,2020
ST VINCENT-ILES GRENADINES,Amérique centrale et du Sud,import,2017,47,127,2020
ST VINCENT-ILES GRENADINES,Amérique centrale et du Sud,import,2018,,,2020
ST VINCENT-ILES GRENADINES,Amérique centrale et du Sud,import,2019,,,2020
ST VINCENT-ILES GRENADINES,Amérique centrale et du Sud,import,2020,,,2020
SURINAM,Amérique centrale et du Sud,import,2016,306,27,2020
SURINAM,Amérique centrale et du Sud,import,2017,147,32,2020
SURINAM,Amérique centrale et du Sud,import,2018,89,120,2020
SURINAM,Amérique centrale et du Sud,import,2019,43,19,2020
SURINAM,Amérique centrale et du Sud,import,2020,6,15,2020
TRINIDAD ET TOBAGO,Amérique centrale et du Sud,import,2016,4609,16660,2020
TRINIDAD ET TOBAGO,Amérique centrale et du Sud,import,2017,3996,9330,2020
TRINIDAD ET TOBAGO,Amérique centrale et du Sud,import,2018,7779,19613,2020
TRINIDAD ET TOBAGO,Amérique centrale et du Sud,import,2019,3551,9000,2020
TRINIDAD ET TOBAGO,Amérique centrale et du Sud,import,2020,3255,12084,2020
URUGUAY,Amérique centrale et du Sud,import,2016,2361,10573,2020
URUGUAY,Amérique centrale et du Sud,import,2017,4340,19472,2020
URUGUAY,Amérique centrale et du Sud,import,2018,4041,19542,2020
URUGUAY,Amérique centrale et du Sud,import,2019,12276,128557,2020
URUGUAY,Amérique centrale et du Sud,import,2020,7251,31749,2020
VENEZUELA,Amérique centrale et du Sud,import,2016,1388,39838,2020
VENEZUELA,Amérique centrale et du Sud,import,2017,2761,43183,2020
VENEZUELA,Amérique centrale et du Sud,import,2018,13,14,2020
VENEZUELA,Amérique centrale et du Sud,import,2019,306,49,2020
VENEZUELA,Amérique centrale et du Sud,import,2020,98,18,2020
ARABIE SEOUDITE,Asie occidentale,import,2016,14197,59461,2020
ARABIE SEOUDITE,Asie occidentale,import,2017,16712,47906,2020
ARABIE SEOUDITE,Asie occidentale,import,2018,17960,23463,2020
ARABIE SEOUDITE,Asie occidentale,import,2019,14530,20548,2020
ARABIE SEOUDITE,Asie occidentale,import,2020,14397,23849,2020
BAHREIN,Asie occidentale,import,2016,284,192,2020
BAHREIN,Asie occidentale,import,2017,2460,5883,2020
BAHREIN,Asie occidentale,import,2018,2398,4729,2020
BAHREIN,Asie occidentale,import,2019,2104,1547,2020
BAHREIN,Asie occidentale,import,2020,1405,1236,2020
EMIRATS ARABES UNIS,Asie occidentale,import,2016,92747,308638,2020
EMIRATS ARABES UNIS,Asie occidentale,import,2017,93140,331257,2020
EMIRATS ARABES UNIS,Asie occidentale,import,2018,63809,113537,2020
EMIRATS ARABES UNIS,Asie occidentale,import,2019,89181,229250,2020
EMIRATS ARABES UNIS,Asie occidentale,import,2020,125636,602311,2020
IRAK,Asie occidentale,import,2016,10,26,2020
IRAK,Asie occidentale,import,2017,,,2020
IRAK,Asie occidentale,import,2018,,,2020
IRAK,Asie occidentale,import,2019,32,90,2020
IRAK,Asie occidentale,import,2020,26,99,2020
IRAN,Asie occidentale,import,2016,16165,17693,2020
IRAN,Asie occidentale,import,2017,20530,22636,2020
IRAN,Asie occidentale,import,2018,9275,9760,2020
IRAN,Asie occidentale,import,2019,10861,12956,2020
IRAN,Asie occidentale,import,2020,10200,14175,2020
ISRAEL,Asie occidentale,import,2016,3630,597,2020
ISRAEL,Asie occidentale,import,2017,3463,961,2020
ISRAEL,Asie occidentale,import,2018,978,323,2020
ISRAEL,Asie occidentale,import,2019,1199,375,2020
ISRAEL,Asie occidentale,import,2020,4856,638,2020
JORDANIE,Asie occidentale,import,2016,517,701,2020
JORDANIE,Asie occidentale,import,2017,533,672,2020
JORDANIE,Asie occidentale,import,2018,173,194,2020
JORDANIE,Asie occidentale,import,2019,304,414,2020
JORDANIE,Asie occidentale,import,2020,532,570,2020
KOWEIT,Asie occidentale,import,2016,655,662,2020
KOWEIT,Asie occidentale,import,2017,821,1324,2020
KOWEIT,Asie occidentale,import,2018,841,1615,2020
KOWEIT,Asie occidentale,import,2019,1050,2362,2020
KOWEIT,Asie occidentale,import,2020,744,1315,2020
LIBAN,Asie occidentale,import,2016,2761,2613,2020
LIBAN,Asie occidentale,import,2017,5775,3622,2020
LIBAN,Asie occidentale,import,2018,5347,2566,2020
LIBAN,Asie occidentale,import,2019,3178,2601,2020
LIBAN,Asie occidentale,import,2020,6047,46170,2020
OMAN,Asie occidentale,import,2016,228,523,2020
OMAN,Asie occidentale,import,2017,542,1419,2020
OMAN,Asie occidentale,import,2018,981,2801,2020
OMAN,Asie occidentale,import,2019,1955,3657,2020
OMAN,Asie occidentale,import,2020,2297,4471,2020
QATAR,Asie occidentale,import,2016,2510,3305,2020
QATAR,Asie occidentale,import,2017,2139,2763,2020
QATAR,Asie occidentale,import,2018,3237,4351,2020
QATAR,Asie occidentale,import,2019,4608,7124,2020
QATAR,Asie occidentale,import,2020,6476,9753,2020
SYRIE,Asie occidentale,import,2016,,,2020
SYRIE,Asie occidentale,import,2017,15,42,2020
SYRIE,Asie occidentale,import,2018,53,24,2020
SYRIE,Asie occidentale,import,2019,13,36,2020
SYRIE,Asie occidentale,import,2020,24,95,2020
YEMEN,Asie occidentale,import,2016,,,2020
YEMEN,Asie occidentale,import,2017,,,2020
YEMEN,Asie occidentale,import,2018,,,2020
YEMEN,Asie occidentale,import,2019,,,2020
YEMEN,Asie occidentale,import,2020,8,23,2020
AFGANISTAN,Autres pays d'Asie,import,2016,624,1514,2020
AFGANISTAN,Autres pays d'Asie,import,2017,121,56,2020
AFGANISTAN,Autres pays d'Asie,import,2018,121,51,2020
AFGANISTAN,Autres pays d'Asie,import,2019,401,204,2020
AFGANISTAN,Autres pays d'Asie,import,2020,272,741,2020
BENGLADESH,Autres pays d'Asie,import,2016,86,42,2020
BENGLADESH,Autres pays d'Asie,import,2017,8,5,2020
BENGLADESH,Autres pays d'Asie,import,2018,19,82,2020
BENGLADESH,Autres pays d'Asie,import,2019,98,123,2020
BENGLADESH,Autres pays d'Asie,import,2020,68,22,2020
BHOUTAN,Autres pays d'Asie,import,2016,,,2020
BHOUTAN,Autres pays d'Asie,import,2017,,,2020
BHOUTAN,Autres pays d'Asie,import,2018,,,2020
BHOUTAN,Autres pays d'Asie,import,2019,2,2,2020
BHOUTAN,Autres pays d'Asie,import,2020,,,2020
BRUNEI,Autres pays d'Asie,import,2016,54,108,2020
BRUNEI,Autres pays d'Asie,import,2017,24,34,2020
BRUNEI,Autres pays d'Asie,import,2018,17,4,2020
BRUNEI,Autres pays d'Asie,import,2019,64,27,2020
BRUNEI,Autres pays d'Asie,import,2020,10,13,2020
CAMBODGE,Autres pays d'Asie,import,2016,65,107,2020
CAMBODGE,Autres pays d'Asie,import,2017,402,728,2020
CAMBODGE,Autres pays d'Asie,import,2018,84,26,2020
CAMBODGE,Autres pays d'Asie,import,2019,401,597,2020
CAMBODGE,Autres pays d'Asie,import,2020,555,1033,2020
COREE DU NORD,Autres pays d'Asie,import,2016,203,147,2020
COREE DU NORD,Autres pays d'Asie,import,2017,102,154,2020
COREE DU NORD,Autres pays d'Asie,import,2018,261,183,2020
COREE DU NORD,Autres pays d'Asie,import,2019,385,226,2020
COREE DU NORD,Autres pays d'Asie,import,2020,396,352,2020
COREE DU SUD,Autres pays d'Asie,import,2016,29039,43357,2020
COREE DU SUD,Autres pays d'Asie,import,2017,32222,23241,2020
COREE DU SUD,Autres pays d'Asie,import,2018,37359,26371,2020
COREE DU SUD,Autres pays d'Asie,import,2019,28867,22164,2020
COREE DU SUD,Autres pays d'Asie,import,2020,36693,40881,2020
HONG-KONG,Autres pays d'Asie,import,2016,4514,1422,2020
HONG-KONG,Autres pays d'Asie,import,2017,11188,3299,2020
HONG-KONG,Autres pays d'Asie,import,2018,13634,7443,2020
HONG-KONG,Autres pays d'Asie,import,2019,17745,8146,2020
HONG-KONG,Autres pays d'Asie,import,2020,16397,1885,2020
INDE,Autres pays d'Asie,import,2016,245164,721507,2020
INDE,Autres pays d'Asie,import,2017,285262,770310,2020
INDE,Autres pays d'Asie,import,2018,288811,908312,2020
INDE,Autres pays d'Asie,import,2019,162280,404276,2020
INDE,Autres pays d'Asie,import,2020,192429,573870,2020
INDONESIE,Autres pays d'Asie,import,2016,12828,24166,2020
INDONESIE,Autres pays d'Asie,import,2017,13812,31117,2020
INDONESIE,Autres pays d'Asie,import,2018,11549,23529,2020
INDONESIE,Autres pays d'Asie,import,2019,18544,39234,2020
INDONESIE,Autres pays d'Asie,import,2020,18159,30363,2020
JAPON,Autres pays d'Asie,import,2016,73128,18400,2020
JAPON,Autres pays d'Asie,import,2017,70193,17448,2020
JAPON,Autres pays d'Asie,import,2018,79273,30655,2020
JAPON,Autres pays d'Asie,import,2019,82179,26168,2020
JAPON,Autres pays d'Asie,import,2020,62937,20261,2020
LAOS,Autres pays d'Asie,import,2016,,,2020
LAOS,Autres pays d'Asie,import,2017,8,3,2020
LAOS,Autres pays d'Asie,import,2018,1,0,2020
LAOS,Autres pays d'Asie,import,2019,,,2020
LAOS,Autres pays d'Asie,import,2020,,,2020
MACAO,Autres pays d'Asie,import,2016,5,0,2020
MACAO,Autres pays d'Asie,import,2017,3,0,2020
MACAO,Autres pays d'Asie,import,2018,33,82,2020
MACAO,Autres pays d'Asie,import,2019,258,287,2020
MACAO,Autres pays d'Asie,import,2020,32,15,2020
MALAISIE,Autres pays d'Asie,import,2016,22179,32361,2020
MALAISIE,Autres pays d'Asie,import,2017,33603,81168,2020
MALAISIE,Autres pays d'Asie,import,2018,40502,94490,2020
MALAISIE,Autres pays d'Asie,import,2019,39286,71189,2020
MALAISIE,Autres pays d'Asie,import,2020,47860,137430,2020
MALDIVES,Autres pays d'Asie,import,2016,,,2020
MALDIVES,Autres pays d'Asie,import,2017,,,2020
MALDIVES,Autres pays d'Asie,import,2018,36,55,2020
MALDIVES,Autres pays d'Asie,import,2019,,,2020
MALDIVES,Autres pays d'Asie,import,2020,,,2020
MONGOLIE,Autres pays d'Asie,import,2016,,,2020
MONGOLIE,Autres pays d'Asie,import,2017,274,176,2020
MONGOLIE,Autres pays d'Asie,import,2018,,,2020
MONGOLIE,Autres pays d'Asie,import,2019,1,2,2020
MONGOLIE,Autres pays d'Asie,import,2020,233,1003,2020
NEPAL,Autres pays d'Asie,import,2016,,,2020
NEPAL,Autres pays d'Asie,import,2017,,,2020
NEPAL,Autres pays d'Asie,import,2018,2,3,2020
NEPAL,Autres pays d'Asie,import,2019,13,1,2020
NEPAL,Autres pays d'Asie,import,2020,,,2020
PAKISTAN,Autres pays d'Asie,import,2016,11393,53804,2020
PAKISTAN,Autres pays d'Asie,import,2017,4885,19507,2020
PAKISTAN,Autres pays d'Asie,import,2018,19879,89513,2020
PAKISTAN,Autres pays d'Asie,import,2019,30392,136902,2020
PAKISTAN,Autres pays d'Asie,import,2020,27583,127484,2020
PHILIPPINE,Autres pays d'Asie,import,2016,118,10,2020
PHILIPPINE,Autres pays d'Asie,import,2017,572,57,2020
PHILIPPINE,Autres pays d'Asie,import,2018,311,69,2020
PHILIPPINE,Autres pays d'Asie,import,2019,169,14,2020
PHILIPPINE,Autres pays d'Asie,import,2020,136,26,2020
REPUBLIQUE POPULAIRE DE CHINE,Autres pays d'Asie,import,2016,331725,568337,2020
REPUBLIQUE POPULAIRE DE CHINE,Autres pays d'Asie,import,2017,380181,631127,2020
REPUBLIQUE POPULAIRE DE CHINE,Autres pays d'Asie,import,2018,498349,739054,2020
REPUBLIQUE POPULAIRE DE CHINE,Autres pays d'Asie,import,2019,510372,797609,2020
REPUBLIQUE POPULAIRE DE CHINE,Autres pays d'Asie,import,2020,413905,733405,2020
SINGAPOUR,Autres pays d'Asie,import,2016,43998,155172,2020
SINGAPOUR,Autres pays d'Asie,import,2017,42915,128263,2020
SINGAPOUR,Autres pays d'Asie,import,2018,86069,231264,2020
SINGAPOUR,Autres pays d'Asie,import,2019,85546,234252,2020
SINGAPOUR,Autres pays d'Asie,import,2020,11105,35598,2020
SRI-LANKA,Autres pays d'Asie,import,2016,56,50,2020
SRI-LANKA,Autres pays d'Asie,import,2017,44,40,2020
SRI-LANKA,Autres pays d'Asie,import,2018,59,162,2020
SRI-LANKA,Autres pays d'Asie,import,2019,108,173,2020
SRI-LANKA,Autres pays d'Asie,import,2020,105,137,2020
TAIWAN,Autres pays d'Asie,import,2016,1648,1453,2020
TAIWAN,Autres pays d'Asie,import,2017,2115,1173,2020
TAIWAN,Autres pays d'Asie,import,2018,7128,1671,2020
TAIWAN,Autres pays d'Asie,import,2019,2401,1559,2020
TAIWAN,Autres pays d'Asie,import,2020,1379,1242,2020
THAILANDE,Autres pays d'Asie,import,2016,58727,203039,2020
THAILANDE,Autres pays d'Asie,import,2017,83404,296677,2020
THAILANDE,Autres pays d'Asie,import,2018,67993,238771,2020
THAILANDE,Autres pays d'Asie,import,2019,68887,224238,2020
THAILANDE,Autres pays d'Asie,import,2020,42735,114810,2020
TIMOR PORTUGAIS,Autres pays d'Asie,import,2016,7,40,2020
TIMOR PORTUGAIS,Autres pays d'Asie,import,2017,8,16,2020
TIMOR PORTUGAIS,Autres pays d'Asie,import,2018,16,9,2020
TIMOR PORTUGAIS,Autres pays d'Asie,import,2019,75,159,2020
TIMOR PORTUGAIS,Autres pays d'Asie,import,2020,140,287,2020
UNION BIRMANE,Autres pays d'Asie,import,2016,,,2020
UNION BIRMANE,Autres pays d'Asie,import,2017,1887,9525,2020
UNION BIRMANE,Autres pays d'Asie,import,2018,801,3992,2020
UNION BIRMANE,Autres pays d'Asie,import,2019,1817,8524,2020
UNION BIRMANE,Autres pays d'Asie,import,2020,12462,56566,2020
VIETNAM,Autres pays d'Asie,import,2016,2479,3907,2020
VIETNAM,Autres pays d'Asie,import,2017,4963,15426,2020
VIETNAM,Autres pays d'Asie,import,2018,3370,3818,2020
VIETNAM,Autres pays d'Asie,import,2019,15773,53800,2020
VIETNAM,Autres pays d'Asie,import,2020,25471,88244,2020
AUSTRALIE,Océanie,import,2016,4660,1130,2020
AUSTRALIE,Océanie,import,2017,26244,6466,2020
AUSTRALIE,Océanie,import,2018,5803,1756,2020
AUSTRALIE,Océanie,import,2019,5929,1449,2020
AUSTRALIE,Océanie,import,2020,7474,2026,2020
ILES PACIFIQUES US,Océanie,import,2016,,,2020
ILES PACIFIQUES US,Océanie,import,2017,,,2020
ILES PACIFIQUES US,Océanie,import,2018,,,2020
ILES PACIFIQUES US,Océanie,import,2019,52,206,2020
ILES PACIFIQUES US,Océanie,import,2020,,,2020
NAURU,Océanie,import,2016,83,52,2020
NAURU,Océanie,import,2017,61,34,2020
NAURU,Océanie,import,2018,0,0,2020
NAURU,Océanie,import,2019,4,0,2020
NAURU,Océanie,import,2020,35,7,2020
NOUVELLE GUINEE ET PAPOUASIE,Océanie,import,2016,113,236,2020
NOUVELLE GUINEE ET PAPOUASIE,Océanie,import,2017,13,38,2020
NOUVELLE GUINEE ET PAPOUASIE,Océanie,import,2018,112,238,2020
NOUVELLE GUINEE ET PAPOUASIE,Océanie,import,2019,35,31,2020
NOUVELLE GUINEE ET PAPOUASIE,Océanie,import,2020,18,82,2020
NOUVELLE ZELANDE,Océanie,import,2016,8156,5820,2020
NOUVELLE ZELANDE,Océanie,import,2017,3848,2152,2020
NOUVELLE ZELANDE,Océanie,import,2018,6225,3775,2020
NOUVELLE ZELANDE,Océanie,import,2019,3110,1996,2020
NOUVELLE ZELANDE,Océanie,import,2020,650,350,2020
SAMOA OCCIDENTAL,Océanie,import,2016,,,2020
SAMOA OCCIDENTAL,Océanie,import,2017,,,2020
SAMOA OCCIDENTAL,Océanie,import,2018,,,2020
SAMOA OCCIDENTAL,Océanie,import,2019,,,2020
SAMOA OCCIDENTAL,Océanie,import,2020,11040,1211,2020
TONGA,Océanie,import,2016,,,2020
TONGA,Océanie,import,2017,,,2020
TONGA,Océanie,import,2018,,,2020
TONGA,Océanie,import,2019,9,8,2020
TONGA,Océanie,import,2020,2,26,2020
DIVERS,Divers,import,2016,4971,7861,2020
DIVERS,Divers,import,2017,5851,12658,2020
DIVERS,Divers,import,2018,7761,14050,2020
DIVERS,Divers,import,2019,15394,74379,2020
DIVERS,Divers,import,2020,9552,40345,2020
